,Total,Alabama,Alaska,Arizona,Arkansas,California,Colorado,Connecticut,Delaware,District of Columbia,Florida,Georgia,Hawaii,Idaho,Illinois,Indiana,Iowa,Kansas,Kentucky,Louisiana,Maine,Maryland,Massachusetts,Michigan,Minnesota,Mississippi,Missouri,Montana,Nebraska,Nevada,New Hampshire,New Jersey,New Mexico,New York,North Carolina,North Dakota,Ohio,Oklahoma,Oregon,Pennsylvania,Rhode Island,South Carolina,South Dakota,Tennessee,Texas,Utah,Vermont,Virginia,Washington,West Virginia,Wisconsin,Wyoming,U.S. dependencies,Unknown
Total,604280,795.0,951.0,6785.0,990.0,170489.0,5681.0,8169.0,945.0,939.0,42999.0,7903.0,4663.0,1097.0,27739.0,2650.0,234.0,1814.0,1820.0,1700.0,772.0,11503.0,22685.0,11418.0,7383.0,520.0,2733.0,209.0,1365.0,5901.0,971.0,33160.0,1401.0,84624.0,5862.0,203.0,9415.0,1799.0,4777.0,13307.0,2604.0,916.0,354.0,3578.0,38553.0,2874.0,488.0,17653.0,14817.0,362.0,4040.0,134.0,2803.0,6733
Africa,38830,61.0,19.0,333.0,34.0,4456.0,608.0,473.0,95.0,237.0,1216.0,1173.0,50.0,21.0,1279.0,220.0,10.0,131.0,129.0,114.0,130.0,2319.0,2483.0,687.0,2532.0,34.0,286.0,7.0,128.0,242.0,61.0,2359.0,42.0,3893.0,732.0,24.0,1906.0,131.0,212.0,1250.0,465.0,88.0,80.0,583.0,2941.0,108.0,17.0,2569.0,1102.0,,242.0,,23.0,465
Asia,237724,405.0,503.0,1648.0,411.0,87978.0,1767.0,2180.0,421.0,192.0,5645.0,3141.0,3838.0,208.0,10044.0,970.0,101.0,875.0,627.0,790.0,254.0,4582.0,7278.0,5828.0,2931.0,268.0,1081.0,50.0,511.0,2295.0,297.0,11623.0,369.0,24957.0,2343.0,57.0,3757.0,879.0,2065.0,5867.0,455.0,373.0,73.0,1650.0,14576.0,871.0,113.0,8422.0,7359.0,180.0,1810.0,36.0,741.0,2029
Europe,97482,132.0,163.0,1369.0,117.0,15318.0,1400.0,2377.0,114.0,146.0,4995.0,1265.0,199.0,450.0,9391.0,596.0,11.0,191.0,583.0,172.0,209.0,1403.0,5323.0,3470.0,1076.0,64.0,877.0,50.0,172.0,722.0,303.0,5598.0,179.0,16928.0,905.0,64.0,2599.0,178.0,1333.0,3479.0,490.0,171.0,151.0,602.0,2912.0,674.0,251.0,2080.0,3709.0,63.0,979.0,25.0,111.0,1343
North America,180572,154.0,190.0,3188.0,375.0,55496.0,1584.0,1987.0,263.0,270.0,23251.0,1744.0,261.0,361.0,6049.0,732.0,109.0,520.0,367.0,522.0,147.0,2275.0,5921.0,1186.0,578.0,120.0,395.0,81.0,504.0,2349.0,225.0,7708.0,747.0,26953.0,1406.0,48.0,744.0,479.0,949.0,2002.0,937.0,182.0,42.0,553.0,16147.0,769.0,88.0,2624.0,2059.0,59.0,851.0,58.0,1665.0,2298
Oceania,3898,4.0,32.0,36.0,9.0,1921.0,58.0,29.0,,6.0,87.0,26.0,203.0,16.0,44.0,12.0,0.0,11.0,6.0,5.0,6.0,42.0,60.0,30.0,27.0,,13.0,7.0,6.0,43.0,7.0,36.0,14.0,128.0,30.0,4.0,33.0,9.0,89.0,34.0,13.0,4.0,,14.0,239.0,104.0,7.0,79.0,244.0,,14.0,6.0,5.0,40
South America,44504,39.0,42.0,205.0,39.0,5116.0,234.0,1122.0,,88.0,7746.0,541.0,107.0,34.0,782.0,106.0,3.0,70.0,101.0,87.0,26.0,874.0,1604.0,178.0,222.0,,73.0,12.0,38.0,239.0,77.0,5810.0,48.0,11694.0,432.0,6.0,296.0,113.0,116.0,669.0,243.0,95.0,,169.0,1609.0,330.0,12.0,1837.0,306.0,31.0,119.0,6.0,251.0,420
Afghanistan,1464,,0.0,11.0,0.0,658.0,27.0,8.0,4.0,0.0,11.0,19.0,,,23.0,7.0,0.0,4.0,,0.0,3.0,22.0,10.0,8.0,13.0,0.0,20.0,0.0,6.0,11.0,,54.0,8.0,173.0,10.0,,6.0,,6.0,11.0,,0.0,,4.0,32.0,12.0,0.0,237.0,21.0,3.0,,0.0,0.0,9
Albania,3830,0.0,5.0,10.0,0.0,51.0,17.0,235.0,,,253.0,10.0,,5.0,260.0,13.0,0.0,0.0,4.0,0.0,,29.0,703.0,573.0,8.0,,38.0,0.0,,16.0,11.0,181.0,6.0,622.0,12.0,0.0,162.0,5.0,8.0,327.0,,7.0,0.0,9.0,71.0,5.0,,61.0,15.0,0.0,49.0,0.0,0.0,37
Algeria,722,,0.0,0.0,0.0,108.0,12.0,8.0,,7.0,17.0,8.0,,,60.0,4.0,0.0,0.0,0.0,7.0,0.0,11.0,87.0,19.0,6.0,,3.0,0.0,0.0,,3.0,39.0,,124.0,12.0,0.0,20.0,,,31.0,,0.0,,,37.0,,,51.0,8.0,0.0,15.0,0.0,,3
American Samoa,294,0.0,12.0,0.0,,40.0,,0.0,0.0,0.0,,,58.0,0.0,,0.0,0.0,0.0,0.0,,0.0,0.0,0.0,0.0,0.0,0.0,3.0,0.0,0.0,,0.0,0.0,0.0,,,0.0,,,3.0,,0.0,0.0,0.0,0.0,128.0,11.0,0.0,,21.0,0.0,0.0,0.0,,2
Angola,86,0.0,0.0,0.0,0.0,9.0,,,0.0,0.0,6.0,0.0,,0.0,,0.0,0.0,0.0,0.0,,0.0,0.0,27.0,,,0.0,0.0,0.0,0.0,,,11.0,0.0,6.0,,0.0,0.0,0.0,0.0,4.0,4.0,0.0,0.0,0.0,,0.0,0.0,5.0,0.0,0.0,0.0,0.0,0.0,0
Antigua-Barbuda,371,,,,0.0,6.0,,9.0,0.0,,46.0,10.0,0.0,0.0,3.0,0.0,0.0,,3.0,0.0,,10.0,11.0,0.0,0.0,,,0.0,0.0,0.0,0.0,26.0,0.0,162.0,0.0,,,0.0,0.0,9.0,,0.0,0.0,,9.0,0.0,0.0,3.0,,0.0,0.0,0.0,41.0,2
Argentina,1976,0.0,4.0,18.0,,510.0,26.0,47.0,4.0,11.0,359.0,11.0,7.0,4.0,40.0,5.0,0.0,5.0,5.0,6.0,5.0,22.0,55.0,8.0,6.0,0.0,,,,24.0,5.0,134.0,4.0,269.0,14.0,0.0,21.0,,8.0,40.0,3.0,5.0,,14.0,94.0,33.0,,61.0,18.0,5.0,6.0,0.0,26.0,24
Armenia,1737,0.0,0.0,8.0,0.0,1473.0,8.0,8.0,0.0,,11.0,,,,7.0,,0.0,0.0,0.0,0.0,0.0,6.0,35.0,3.0,0.0,0.0,,0.0,0.0,22.0,0.0,13.0,0.0,60.0,,,5.0,,3.0,8.0,16.0,0.0,0.0,,8.0,8.0,,,8.0,0.0,,0.0,0.0,8
Australia,1155,4.0,,20.0,3.0,363.0,35.0,23.0,,4.0,51.0,13.0,17.0,8.0,34.0,5.0,0.0,4.0,3.0,,5.0,27.0,46.0,17.0,15.0,,3.0,6.0,3.0,23.0,6.0,27.0,7.0,90.0,13.0,0.0,22.0,3.0,16.0,20.0,,,,11.0,59.0,16.0,3.0,51.0,44.0,,13.0,5.0,,5
Austria,307,0.0,,3.0,0.0,70.0,7.0,9.0,,,20.0,4.0,,,9.0,4.0,0.0,0.0,,,,6.0,9.0,12.0,,0.0,3.0,,0.0,,,16.0,,49.0,4.0,0.0,10.0,0.0,,8.0,,,0.0,,9.0,3.0,,13.0,8.0,0.0,,0.0,,2
Azerbaijan,904,0.0,,4.0,0.0,185.0,7.0,6.0,0.0,,26.0,,,4.0,17.0,6.0,0.0,,6.0,,,17.0,49.0,20.0,5.0,0.0,8.0,0.0,,5.0,,21.0,,323.0,4.0,4.0,16.0,,4.0,35.0,4.0,0.0,4.0,,16.0,6.0,,9.0,62.0,0.0,,0.0,0.0,10
Bahamas,343,,,,0.0,15.0,,0.0,0.0,,176.0,12.0,,0.0,3.0,,0.0,,,0.0,0.0,11.0,4.0,4.0,3.0,0.0,,0.0,,,,10.0,0.0,34.0,3.0,0.0,,,0.0,4.0,,,0.0,5.0,11.0,,0.0,15.0,,,,0.0,,7
Bahrain,57,0.0,0.0,,0.0,10.0,,0.0,0.0,0.0,3.0,,0.0,0.0,3.0,0.0,0.0,0.0,0.0,0.0,0.0,,,0.0,3.0,0.0,0.0,0.0,,,0.0,3.0,,7.0,,0.0,,,0.0,,0.0,0.0,0.0,0.0,6.0,0.0,0.0,4.0,,0.0,0.0,0.0,0.0,0
Bangladesh,5503,10.0,,18.0,5.0,385.0,13.0,95.0,15.0,10.0,166.0,129.0,,,77.0,7.0,0.0,13.0,7.0,12.0,3.0,119.0,87.0,349.0,26.0,,22.0,0.0,4.0,14.0,,269.0,0.0,2642.0,37.0,0.0,59.0,30.0,8.0,162.0,6.0,3.0,0.0,15.0,313.0,3.0,0.0,305.0,17.0,,11.0,0.0,3.0,26
Barbados,778,,0.0,6.0,0.0,18.0,,22.0,,0.0,46.0,17.0,,0.0,3.0,,0.0,0.0,,0.0,0.0,19.0,91.0,5.0,,0.0,,0.0,0.0,,0.0,46.0,0.0,409.0,4.0,0.0,3.0,0.0,0.0,24.0,,,0.0,0.0,18.0,0.0,0.0,14.0,,0.0,,0.0,4.0,10
Belarus,1549,,,9.0,,235.0,42.0,24.0,,,28.0,5.0,,5.0,77.0,5.0,0.0,0.0,7.0,0.0,,31.0,66.0,13.0,52.0,,11.0,0.0,5.0,3.0,,77.0,0.0,517.0,12.0,0.0,52.0,3.0,29.0,70.0,,3.0,,,20.0,3.0,,21.0,67.0,,29.0,0.0,0.0,8
Belgium,247,0.0,0.0,4.0,0.0,49.0,,5.0,0.0,,23.0,3.0,,0.0,8.0,,0.0,,,3.0,0.0,8.0,11.0,7.0,4.0,,,,0.0,6.0,0.0,13.0,,43.0,6.0,,4.0,0.0,,4.0,,,0.0,,6.0,0.0,0.0,10.0,3.0,0.0,3.0,0.0,0.0,2
Belize,704,3.0,0.0,10.0,0.0,301.0,3.0,,0.0,0.0,36.0,9.0,4.0,0.0,77.0,,0.0,0.0,,4.0,0.0,5.0,6.0,3.0,,0.0,0.0,,0.0,8.0,0.0,12.0,,117.0,9.0,0.0,,3.0,,5.0,,,0.0,,46.0,,0.0,13.0,,0.0,,,,8
Benin,56,0.0,,0.0,,,0.0,,0.0,0.0,,,0.0,0.0,,3.0,0.0,0.0,0.0,0.0,0.0,3.0,,3.0,0.0,0.0,0.0,0.0,0.0,0.0,0.0,4.0,0.0,8.0,,0.0,,0.0,,3.0,0.0,0.0,0.0,0.0,7.0,0.0,0.0,5.0,0.0,0.0,,0.0,0.0,1
Bermuda,58,,0.0,,0.0,6.0,,,,0.0,4.0,,0.0,0.0,,,0.0,0.0,,0.0,0.0,,4.0,0.0,0.0,,0.0,0.0,0.0,,0.0,5.0,0.0,3.0,0.0,0.0,,0.0,0.0,,,0.0,0.0,,5.0,0.0,0.0,4.0,0.0,0.0,,0.0,0.0,2
Bolivia,1361,0.0,,6.0,,215.0,12.0,6.0,,11.0,103.0,7.0,,,12.0,4.0,0.0,,7.0,3.0,0.0,94.0,12.0,3.0,7.0,0.0,4.0,0.0,,3.0,,43.0,5.0,127.0,8.0,0.0,7.0,,,6.0,19.0,,0.0,,62.0,6.0,0.0,535.0,,,5.0,0.0,4.0,7
Bosnia-Herzegovina,8921,10.0,,315.0,4.0,587.0,147.0,108.0,,4.0,659.0,253.0,,220.0,933.0,129.0,,20.0,250.0,12.0,10.0,38.0,229.0,598.0,164.0,,387.0,0.0,55.0,84.0,63.0,93.0,4.0,572.0,118.0,25.0,288.0,5.0,116.0,336.0,8.0,3.0,67.0,132.0,347.0,317.0,125.0,189.0,281.0,0.0,105.0,0.0,0.0,503
Brazil,4583,6.0,4.0,32.0,4.0,701.0,43.0,170.0,,5.0,813.0,56.0,25.0,4.0,75.0,12.0,0.0,12.0,15.0,6.0,5.0,98.0,694.0,42.0,21.0,3.0,19.0,,5.0,38.0,14.0,423.0,6.0,476.0,46.0,,32.0,15.0,13.0,68.0,23.0,9.0,0.0,25.0,211.0,61.0,4.0,121.0,53.0,,22.0,,9.0,36
Bulgaria,2906,,0.0,37.0,,433.0,54.0,24.0,6.0,4.0,154.0,75.0,4.0,5.0,647.0,17.0,4.0,14.0,28.0,8.0,10.0,64.0,130.0,82.0,31.0,,25.0,0.0,3.0,82.0,8.0,80.0,,246.0,27.0,,64.0,3.0,31.0,88.0,,13.0,3.0,20.0,98.0,10.0,7.0,91.0,122.0,3.0,23.0,,,16
Burma,1360,0.0,0.0,4.0,3.0,705.0,4.0,6.0,0.0,0.0,25.0,8.0,8.0,,35.0,41.0,0.0,,,0.0,3.0,40.0,52.0,9.0,18.0,0.0,,0.0,,6.0,,26.0,,214.0,3.0,0.0,9.0,5.0,9.0,11.0,,0.0,0.0,,25.0,,0.0,22.0,39.0,,3.0,0.0,,9
Burundi,56,0.0,0.0,6.0,0.0,,0.0,,0.0,,,,0.0,0.0,0.0,,0.0,0.0,0.0,0.0,0.0,,3.0,0.0,,0.0,0.0,0.0,,0.0,0.0,0.0,0.0,5.0,,,,0.0,0.0,,0.0,0.0,0.0,6.0,12.0,0.0,0.0,6.0,,0.0,0.0,0.0,0.0,0
Cambodia,4806,7.0,6.0,22.0,,1774.0,39.0,69.0,,0.0,71.0,58.0,8.0,3.0,59.0,13.0,10.0,36.0,19.0,9.0,67.0,29.0,768.0,40.0,187.0,3.0,12.0,0.0,4.0,13.0,7.0,9.0,3.0,73.0,41.0,0.0,129.0,5.0,54.0,230.0,91.0,12.0,3.0,20.0,190.0,44.0,,95.0,411.0,,18.0,0.0,0.0,39
Cameroon,661,0.0,,,3.0,50.0,4.0,3.0,5.0,7.0,8.0,38.0,,,19.0,5.0,0.0,8.0,3.0,,,144.0,41.0,10.0,22.0,5.0,,0.0,,6.0,0.0,29.0,,38.0,9.0,0.0,27.0,4.0,,10.0,,,0.0,3.0,83.0,,0.0,34.0,6.0,,9.0,0.0,0.0,9
Canada,7815,22.0,23.0,228.0,18.0,1443.0,165.0,154.0,10.0,21.0,712.0,144.0,70.0,43.0,201.0,67.0,3.0,24.0,49.0,33.0,103.0,102.0,289.0,392.0,118.0,15.0,57.0,52.0,14.0,102.0,92.0,176.0,27.0,474.0,183.0,20.0,193.0,35.0,130.0,179.0,22.0,32.0,10.0,106.0,502.0,84.0,72.0,170.0,440.0,21.0,71.0,5.0,6.0,91
Cape Verde,933,0.0,0.0,0.0,0.0,7.0,0.0,26.0,0.0,,7.0,,0.0,0.0,0.0,0.0,0.0,0.0,0.0,,0.0,,673.0,0.0,0.0,0.0,0.0,0.0,0.0,0.0,,7.0,0.0,10.0,,0.0,,,0.0,,179.0,0.0,0.0,0.0,0.0,0.0,0.0,3.0,0.0,0.0,0.0,0.0,0.0,10
Chile,1183,6.0,,17.0,,262.0,14.0,21.0,4.0,,193.0,11.0,7.0,3.0,17.0,3.0,0.0,0.0,0.0,4.0,,30.0,39.0,5.0,8.0,,,0.0,,17.0,,91.0,3.0,195.0,18.0,0.0,12.0,0.0,13.0,13.0,,4.0,0.0,3.0,44.0,31.0,0.0,40.0,13.0,,4.0,0.0,12.0,11
"China, People's Republic",31708,45.0,14.0,159.0,28.0,12659.0,168.0,263.0,46.0,35.0,363.0,219.0,448.0,38.0,965.0,116.0,,64.0,56.0,44.0,35.0,621.0,1419.0,358.0,179.0,28.0,113.0,12.0,30.0,166.0,36.0,1037.0,28.0,7061.0,195.0,0.0,454.0,60.0,386.0,773.0,60.0,43.0,11.0,101.0,1047.0,109.0,26.0,515.0,663.0,20.0,133.0,,63.0,188
Colombia,11396,10.0,11.0,48.0,9.0,864.0,45.0,323.0,15.0,8.0,2908.0,190.0,24.0,5.0,212.0,32.0,,14.0,23.0,23.0,5.0,132.0,378.0,50.0,31.0,9.0,18.0,6.0,10.0,53.0,28.0,1742.0,13.0,2374.0,135.0,4.0,66.0,31.0,30.0,213.0,141.0,44.0,,50.0,506.0,37.0,,219.0,60.0,4.0,39.0,,81.0,117
"Congo, Democratic Republic",122,0.0,0.0,4.0,0.0,14.0,,,0.0,,4.0,6.0,,0.0,3.0,5.0,0.0,0.0,,,9.0,10.0,4.0,,4.0,0.0,0.0,0.0,0.0,0.0,0.0,,0.0,7.0,8.0,0.0,6.0,0.0,4.0,0.0,0.0,,0.0,,13.0,,0.0,3.0,,0.0,,0.0,0.0,2
"Congo, Republic",193,0.0,0.0,,0.0,23.0,3.0,3.0,,3.0,4.0,7.0,0.0,0.0,,,0.0,0.0,,0.0,5.0,13.0,14.0,,5.0,0.0,,0.0,0.0,0.0,3.0,5.0,,12.0,12.0,0.0,3.0,0.0,,4.0,6.0,,,5.0,25.0,4.0,,8.0,7.0,0.0,,0.0,0.0,0
Costa Rica,1161,,,6.0,,219.0,9.0,23.0,,0.0,217.0,23.0,3.0,,20.0,7.0,0.0,3.0,3.0,13.0,0.0,21.0,32.0,4.0,7.0,,5.0,,,16.0,,133.0,,148.0,30.0,0.0,5.0,3.0,7.0,25.0,8.0,7.0,,6.0,61.0,7.0,,22.0,10.0,0.0,11.0,0.0,11.0,19
Cote d'Ivoire,324,,0.0,3.0,0.0,31.0,,5.0,3.0,,11.0,9.0,,,13.0,,0.0,0.0,,0.0,0.0,34.0,16.0,11.0,,0.0,0.0,0.0,0.0,3.0,0.0,17.0,,72.0,9.0,0.0,5.0,0.0,0.0,19.0,,0.0,,0.0,13.0,,0.0,18.0,8.0,0.0,3.0,0.0,,3
Croatia,1348,,0.0,50.0,,123.0,18.0,13.0,8.0,6.0,112.0,30.0,,20.0,171.0,34.0,0.0,3.0,11.0,5.0,11.0,9.0,38.0,30.0,12.0,0.0,18.0,,,36.0,7.0,34.0,,114.0,7.0,,106.0,,15.0,34.0,,0.0,12.0,10.0,56.0,27.0,5.0,27.0,24.0,0.0,66.0,0.0,,34
Cuba,11227,,3.0,33.0,7.0,324.0,9.0,25.0,6.0,,8771.0,62.0,7.0,,57.0,11.0,,5.0,100.0,46.0,0.0,23.0,44.0,59.0,10.0,,30.0,0.0,11.0,151.0,,474.0,17.0,216.0,58.0,,14.0,3.0,38.0,38.0,4.0,5.0,3.0,13.0,148.0,3.0,,49.0,23.0,,12.0,0.0,177.0,125
Cyprus,134,,0.0,,0.0,29.0,0.0,0.0,0.0,,4.0,,0.0,,,0.0,0.0,0.0,,0.0,0.0,,5.0,,,0.0,0.0,,0.0,0.0,0.0,25.0,0.0,31.0,4.0,0.0,,0.0,,,0.0,0.0,0.0,,8.0,0.0,0.0,5.0,,0.0,0.0,0.0,0.0,0
Czech Republic,102,,0.0,5.0,0.0,19.0,4.0,5.0,0.0,,5.0,,,0.0,16.0,,0.0,,0.0,0.0,,,3.0,3.0,,0.0,0.0,0.0,,,0.0,3.0,0.0,6.0,,0.0,6.0,,,,0.0,0.0,0.0,0.0,,,,0.0,,0.0,0.0,0.0,0.0,1
Czechoslovakia (former),490,,,6.0,,99.0,16.0,8.0,,4.0,60.0,7.0,,0.0,22.0,3.0,0.0,0.0,4.0,6.0,0.0,8.0,13.0,9.0,4.0,0.0,6.0,0.0,0.0,7.0,4.0,29.0,4.0,44.0,3.0,0.0,11.0,4.0,9.0,24.0,,0.0,,6.0,19.0,,,13.0,15.0,,9.0,0.0,0.0,0
Denmark,154,0.0,0.0,,0.0,43.0,5.0,7.0,0.0,0.0,8.0,0.0,3.0,,6.0,,0.0,0.0,,0.0,0.0,0.0,,,4.0,0.0,,,0.0,,0.0,6.0,0.0,12.0,,0.0,3.0,0.0,3.0,5.0,,0.0,,0.0,8.0,,0.0,8.0,8.0,0.0,,0.0,0.0,2
Dominica,543,,,,,9.0,3.0,11.0,3.0,,58.0,7.0,,0.0,3.0,,0.0,0.0,,,0.0,16.0,36.0,4.0,,,4.0,0.0,0.0,,0.0,46.0,0.0,157.0,6.0,0.0,,,,10.0,,0.0,0.0,0.0,32.0,,0.0,11.0,3.0,0.0,0.0,0.0,84.0,15
Dominican Republic,20831,3.0,25.0,10.0,,116.0,14.0,265.0,21.0,32.0,1486.0,73.0,15.0,,50.0,40.0,0.0,11.0,24.0,26.0,7.0,127.0,2596.0,67.0,14.0,6.0,16.0,,9.0,28.0,67.0,2928.0,3.0,10001.0,100.0,,76.0,7.0,4.0,555.0,590.0,9.0,0.0,22.0,93.0,12.0,,126.0,24.0,0.0,21.0,0.0,959.0,145
Ecuador,7091,3.0,3.0,21.0,5.0,569.0,15.0,199.0,8.0,6.0,654.0,40.0,10.0,4.0,248.0,13.0,,12.0,12.0,11.0,3.0,77.0,133.0,9.0,42.0,,3.0,0.0,6.0,18.0,9.0,1334.0,7.0,3010.0,50.0,0.0,32.0,10.0,9.0,87.0,9.0,4.0,4.0,6.0,126.0,25.0,,114.0,19.0,3.0,13.0,0.0,25.0,66
Egypt,4061,5.0,0.0,25.0,7.0,801.0,14.0,43.0,5.0,4.0,175.0,27.0,6.0,4.0,117.0,20.0,0.0,9.0,8.0,17.0,4.0,59.0,95.0,79.0,64.0,6.0,15.0,0.0,3.0,8.0,9.0,696.0,,640.0,54.0,0.0,149.0,3.0,13.0,193.0,17.0,9.0,4.0,174.0,160.0,,,196.0,51.0,10.0,16.0,0.0,0.0,42
El Salvador,12174,4.0,14.0,60.0,46.0,6361.0,48.0,42.0,9.0,107.0,276.0,68.0,10.0,11.0,106.0,31.0,5.0,17.0,18.0,18.0,5.0,523.0,233.0,8.0,31.0,,18.0,,28.0,204.0,9.0,433.0,7.0,948.0,94.0,,20.0,10.0,33.0,35.0,17.0,5.0,4.0,25.0,1113.0,54.0,0.0,862.0,62.0,7.0,19.0,0.0,17.0,95
Eritrea,692,0.0,0.0,7.0,0.0,140.0,22.0,4.0,0.0,11.0,15.0,27.0,,0.0,15.0,10.0,0.0,,3.0,0.0,0.0,29.0,15.0,11.0,27.0,,5.0,0.0,0.0,8.0,0.0,6.0,0.0,26.0,19.0,0.0,59.0,4.0,11.0,25.0,0.0,0.0,3.0,6.0,52.0,0.0,0.0,53.0,67.0,0.0,5.0,0.0,0.0,2
Estonia,104,,,0.0,0.0,13.0,3.0,,0.0,0.0,,,0.0,0.0,7.0,,0.0,0.0,,0.0,0.0,,3.0,,,0.0,0.0,0.0,0.0,0.0,0.0,5.0,0.0,21.0,4.0,0.0,4.0,0.0,6.0,6.0,,0.0,0.0,0.0,,0.0,0.0,3.0,10.0,0.0,0.0,0.0,0.0,1
Ethiopia,4621,,3.0,24.0,,736.0,180.0,13.0,3.0,71.0,59.0,193.0,,0.0,74.0,14.0,0.0,28.0,3.0,5.0,12.0,346.0,161.0,49.0,496.0,0.0,39.0,0.0,6.0,121.0,0.0,47.0,4.0,103.0,38.0,,178.0,12.0,54.0,70.0,0.0,7.0,28.0,56.0,422.0,7.0,,534.0,347.0,,18.0,0.0,,49
Fiji,1503,0.0,,3.0,0.0,1186.0,,0.0,0.0,0.0,,6.0,11.0,0.0,,0.0,0.0,7.0,0.0,0.0,0.0,3.0,,,6.0,0.0,,0.0,,4.0,0.0,3.0,4.0,3.0,4.0,,4.0,,53.0,3.0,7.0,,0.0,0.0,8.0,3.0,0.0,8.0,141.0,0.0,0.0,,0.0,21
Finland,431,5.0,0.0,4.0,0.0,79.0,7.0,14.0,,,26.0,21.0,6.0,,14.0,,0.0,3.0,,,,10.0,16.0,12.0,12.0,0.0,3.0,,,,3.0,14.0,,36.0,9.0,0.0,5.0,0.0,12.0,17.0,4.0,3.0,,,13.0,3.0,0.0,17.0,32.0,,8.0,,0.0,3
France,1963,9.0,,28.0,0.0,602.0,38.0,44.0,3.0,14.0,151.0,22.0,13.0,4.0,37.0,13.0,0.0,5.0,8.0,15.0,4.0,53.0,79.0,17.0,28.0,,12.0,,,9.0,6.0,93.0,3.0,217.0,23.0,,22.0,6.0,24.0,37.0,5.0,5.0,0.0,12.0,101.0,10.0,9.0,83.0,50.0,,17.0,,8.0,15
Gambia,189,0.0,3.0,0.0,0.0,17.0,,,0.0,0.0,3.0,7.0,0.0,,,,0.0,4.0,0.0,0.0,0.0,18.0,6.0,9.0,12.0,0.0,,0.0,0.0,,0.0,,0.0,21.0,12.0,0.0,,,,8.0,6.0,0.0,,,7.0,,0.0,7.0,21.0,0.0,9.0,0.0,0.0,0
Georgia,443,0.0,0.0,3.0,0.0,133.0,4.0,,0.0,0.0,7.0,7.0,0.0,0.0,19.0,0.0,0.0,3.0,0.0,,0.0,9.0,9.0,4.0,,0.0,0.0,0.0,0.0,3.0,,48.0,,124.0,3.0,0.0,,0.0,4.0,16.0,,0.0,0.0,3.0,5.0,4.0,,6.0,17.0,0.0,0.0,0.0,0.0,2
Germany,3811,23.0,18.0,72.0,14.0,714.0,110.0,62.0,8.0,10.0,335.0,75.0,29.0,17.0,130.0,31.0,0.0,20.0,24.0,14.0,17.0,66.0,92.0,130.0,34.0,7.0,29.0,11.0,9.0,29.0,15.0,125.0,35.0,322.0,70.0,5.0,113.0,34.0,55.0,109.0,9.0,28.0,,49.0,254.0,19.0,7.0,161.0,141.0,9.0,49.0,,12.0,55
Ghana,3561,4.0,0.0,11.0,,139.0,58.0,83.0,15.0,11.0,51.0,80.0,4.0,,140.0,8.0,,9.0,8.0,5.0,0.0,272.0,280.0,24.0,70.0,,8.0,0.0,3.0,6.0,,370.0,5.0,749.0,63.0,,271.0,24.0,5.0,87.0,17.0,5.0,0.0,17.0,154.0,6.0,0.0,404.0,27.0,5.0,14.0,0.0,6.0,35
Greece,1075,0.0,0.0,7.0,,132.0,7.0,31.0,3.0,4.0,39.0,8.0,0.0,,72.0,7.0,0.0,0.0,,,5.0,29.0,127.0,19.0,5.0,,,,,7.0,8.0,78.0,0.0,273.0,16.0,0.0,22.0,,,49.0,7.0,6.0,0.0,6.0,19.0,3.0,3.0,33.0,11.0,,7.0,,,12
Grenada,649,,0.0,0.0,0.0,17.0,,4.0,0.0,3.0,34.0,7.0,3.0,0.0,,,0.0,,4.0,,0.0,18.0,16.0,,,0.0,0.0,0.0,0.0,0.0,,23.0,0.0,437.0,8.0,0.0,3.0,,0.0,5.0,,0.0,0.0,0.0,21.0,0.0,0.0,14.0,,0.0,,0.0,6.0,11
Guatemala,6250,3.0,8.0,68.0,13.0,3111.0,25.0,65.0,5.0,6.0,257.0,37.0,7.0,5.0,285.0,15.0,,8.0,10.0,32.0,3.0,140.0,199.0,17.0,18.0,4.0,10.0,,29.0,113.0,,213.0,20.0,473.0,32.0,,16.0,10.0,37.0,46.0,141.0,7.0,6.0,30.0,304.0,40.0,,219.0,60.0,3.0,21.0,0.0,11.0,60
Guinea,137,0.0,0.0,0.0,0.0,8.0,0.0,,,,4.0,3.0,0.0,0.0,,,0.0,0.0,0.0,0.0,0.0,18.0,3.0,3.0,,0.0,0.0,0.0,,0.0,0.0,,,33.0,4.0,0.0,12.0,0.0,0.0,5.0,7.0,0.0,0.0,0.0,7.0,0.0,0.0,7.0,5.0,0.0,,0.0,,3
Guyana,5543,5.0,,4.0,,83.0,,82.0,5.0,12.0,480.0,85.0,7.0,0.0,13.0,,0.0,3.0,5.0,4.0,,159.0,44.0,12.0,79.0,3.0,4.0,0.0,3.0,6.0,,488.0,,3570.0,46.0,0.0,32.0,7.0,,70.0,3.0,5.0,0.0,27.0,48.0,3.0,0.0,59.0,18.0,,6.0,0.0,5.0,45
Haiti,9740,3.0,,9.0,0.0,109.0,10.0,293.0,48.0,4.0,3065.0,161.0,10.0,,82.0,21.0,0.0,5.0,15.0,21.0,3.0,130.0,1422.0,29.0,5.0,,11.0,0.0,3.0,6.0,15.0,859.0,0.0,2685.0,40.0,3.0,32.0,6.0,5.0,262.0,59.0,7.0,0.0,16.0,56.0,4.0,0.0,57.0,18.0,0.0,8.0,0.0,13.0,124
Honduras,3953,10.0,3.0,17.0,4.0,743.0,29.0,34.0,,9.0,740.0,29.0,5.0,,98.0,36.0,0.0,16.0,8.0,162.0,0.0,90.0,126.0,16.0,17.0,5.0,13.0,0.0,20.0,32.0,5.0,319.0,9.0,638.0,66.0,,23.0,21.0,7.0,32.0,12.0,9.0,0.0,24.0,300.0,12.0,,92.0,41.0,3.0,10.0,,14.0,47
Hong Kong,4479,4.0,5.0,16.0,0.0,2265.0,23.0,23.0,5.0,6.0,65.0,25.0,101.0,7.0,114.0,6.0,0.0,6.0,4.0,4.0,3.0,62.0,192.0,35.0,24.0,,6.0,0.0,,34.0,4.0,126.0,7.0,672.0,34.0,,51.0,3.0,35.0,51.0,8.0,13.0,0.0,13.0,152.0,11.0,0.0,48.0,169.0,,13.0,0.0,8.0,19
Hungary,720,0.0,5.0,11.0,,191.0,7.0,26.0,,,75.0,3.0,4.0,,30.0,,0.0,,0.0,,,12.0,15.0,5.0,6.0,,,0.0,0.0,17.0,3.0,55.0,,99.0,14.0,0.0,19.0,,4.0,18.0,0.0,,0.0,3.0,24.0,,3.0,25.0,16.0,0.0,4.0,0.0,0.0,5
Iceland,82,0.0,0.0,3.0,0.0,12.0,3.0,,0.0,0.0,11.0,,0.0,0.0,,,0.0,0.0,0.0,,0.0,,4.0,,3.0,,,0.0,0.0,,0.0,3.0,,8.0,0.0,0.0,,,0.0,3.0,0.0,0.0,0.0,0.0,,0.0,,9.0,4.0,0.0,,0.0,0.0,0
India,35962,93.0,6.0,221.0,62.0,8092.0,177.0,587.0,148.0,22.0,939.0,765.0,14.0,17.0,3021.0,242.0,9.0,142.0,120.0,97.0,20.0,859.0,1024.0,1029.0,255.0,76.0,153.0,0.0,46.0,103.0,85.0,4214.0,49.0,3507.0,582.0,8.0,1057.0,158.0,197.0,1681.0,41.0,90.0,8.0,304.0,3051.0,44.0,20.0,1253.0,646.0,42.0,279.0,7.0,12.0,288
Indonesia,1234,,,14.0,,678.0,18.0,7.0,,,30.0,11.0,16.0,,16.0,7.0,0.0,6.0,4.0,3.0,,22.0,16.0,11.0,9.0,,,0.0,,17.0,0.0,27.0,0.0,55.0,10.0,0.0,17.0,4.0,17.0,30.0,,4.0,,4.0,67.0,4.0,,35.0,39.0,0.0,5.0,0.0,3.0,9
Iran,11031,22.0,,107.0,12.0,6370.0,82.0,57.0,9.0,10.0,210.0,146.0,10.0,3.0,209.0,28.0,,45.0,41.0,23.0,7.0,333.0,198.0,106.0,51.0,3.0,33.0,4.0,12.0,58.0,7.0,171.0,13.0,539.0,70.0,,116.0,44.0,77.0,116.0,14.0,15.0,0.0,80.0,619.0,55.0,3.0,512.0,234.0,13.0,32.0,,3.0,104
Iraq,3273,,0.0,76.0,0.0,583.0,10.0,27.0,,,24.0,37.0,,3.0,245.0,20.0,0.0,,22.0,3.0,,21.0,35.0,1145.0,33.0,0.0,63.0,0.0,45.0,12.0,5.0,15.0,7.0,61.0,4.0,6.0,30.0,0.0,14.0,44.0,,6.0,5.0,204.0,127.0,13.0,0.0,146.0,99.0,3.0,8.0,0.0,0.0,62
Ireland,1995,,,13.0,6.0,394.0,20.0,49.0,4.0,3.0,80.0,27.0,7.0,,95.0,5.0,0.0,0.0,13.0,7.0,6.0,19.0,300.0,15.0,14.0,,3.0,0.0,,8.0,17.0,87.0,5.0,491.0,28.0,0.0,26.0,,9.0,70.0,7.0,4.0,0.0,8.0,38.0,8.0,,40.0,30.0,,13.0,,0.0,12
Israel,2436,3.0,,16.0,4.0,652.0,16.0,27.0,,,168.0,29.0,,0.0,98.0,9.0,0.0,4.0,12.0,6.0,,66.0,87.0,34.0,11.0,,11.0,0.0,,29.0,,145.0,4.0,606.0,21.0,,67.0,4.0,7.0,77.0,0.0,7.0,,15.0,70.0,,5.0,35.0,31.0,0.0,14.0,,3.0,28
Italy,2511,0.0,0.0,13.0,,364.0,18.0,107.0,8.0,7.0,155.0,16.0,15.0,,140.0,6.0,0.0,3.0,4.0,6.0,5.0,49.0,146.0,76.0,11.0,4.0,10.0,,0.0,20.0,3.0,238.0,4.0,612.0,28.0,0.0,67.0,,8.0,117.0,22.0,4.0,,5.0,45.0,11.0,3.0,63.0,40.0,6.0,17.0,,8.0,20
Jamaica,13674,15.0,8.0,24.0,,312.0,28.0,775.0,56.0,25.0,2904.0,384.0,20.0,,152.0,18.0,0.0,13.0,20.0,15.0,7.0,486.0,418.0,81.0,18.0,8.0,22.0,0.0,,10.0,8.0,1021.0,9.0,5521.0,119.0,5.0,80.0,17.0,9.0,356.0,17.0,13.0,0.0,21.0,184.0,,5.0,214.0,45.0,6.0,35.0,0.0,19.0,143
Japan,2154,8.0,3.0,14.0,6.0,857.0,19.0,27.0,,6.0,47.0,15.0,313.0,,43.0,7.0,0.0,,9.0,6.0,4.0,37.0,21.0,24.0,10.0,,12.0,,,34.0,,60.0,5.0,177.0,15.0,,37.0,7.0,34.0,19.0,,,,11.0,50.0,20.0,,49.0,87.0,,9.0,0.0,13.0,17
Jordan,2464,,,20.0,5.0,523.0,12.0,13.0,3.0,3.0,109.0,28.0,,,305.0,20.0,0.0,16.0,17.0,35.0,,38.0,51.0,114.0,23.0,5.0,27.0,0.0,,9.0,,167.0,5.0,148.0,42.0,0.0,143.0,8.0,17.0,69.0,,9.0,0.0,37.0,203.0,8.0,0.0,95.0,29.0,,45.0,0.0,19.0,32
Kazakhstan,726,0.0,4.0,5.0,0.0,134.0,14.0,8.0,,,14.0,4.0,,,8.0,,0.0,0.0,,0.0,10.0,11.0,58.0,3.0,15.0,,,,,4.0,,19.0,,148.0,6.0,0.0,12.0,,25.0,46.0,0.0,0.0,,6.0,14.0,4.0,0.0,33.0,85.0,0.0,8.0,,,8
Kenya,1158,4.0,,11.0,,138.0,8.0,5.0,17.0,,65.0,47.0,3.0,,24.0,9.0,0.0,13.0,8.0,4.0,,51.0,71.0,20.0,51.0,0.0,11.0,,,5.0,7.0,101.0,,38.0,26.0,,38.0,4.0,6.0,49.0,,4.0,3.0,6.0,166.0,,,59.0,41.0,0.0,5.0,0.0,0.0,24
Korea,19223,31.0,86.0,90.0,17.0,7363.0,206.0,86.0,45.0,11.0,208.0,333.0,563.0,16.0,712.0,46.0,,52.0,37.0,30.0,,555.0,206.0,189.0,63.0,9.0,69.0,,15.0,147.0,15.0,1315.0,24.0,2281.0,136.0,,161.0,42.0,156.0,548.0,14.0,27.0,,102.0,685.0,53.0,5.0,1182.0,1009.0,3.0,49.0,3.0,80.0,140
Kuwait,846,4.0,,9.0,3.0,152.0,,3.0,0.0,,48.0,9.0,0.0,,57.0,13.0,0.0,7.0,4.0,14.0,0.0,8.0,16.0,57.0,9.0,,12.0,,,,0.0,32.0,3.0,42.0,38.0,0.0,66.0,8.0,7.0,21.0,5.0,,0.0,29.0,86.0,4.0,0.0,28.0,5.0,,20.0,0.0,4.0,10
Kyrgyzstan,217,0.0,0.0,0.0,0.0,40.0,,0.0,0.0,,7.0,0.0,,0.0,4.0,0.0,0.0,,,0.0,,,9.0,5.0,5.0,0.0,0.0,,,0.0,0.0,8.0,0.0,26.0,,0.0,5.0,,11.0,11.0,,,0.0,0.0,3.0,,0.0,12.0,47.0,,,0.0,,3
Laos,5261,10.0,34.0,29.0,72.0,1293.0,38.0,37.0,,,118.0,78.0,36.0,5.0,147.0,9.0,14.0,55.0,,27.0,3.0,12.0,133.0,107.0,1009.0,,11.0,,24.0,43.0,9.0,13.0,16.0,63.0,161.0,,79.0,15.0,59.0,41.0,54.0,10.0,3.0,135.0,174.0,75.0,,61.0,161.0,,650.0,,,125
Latvia,348,0.0,,7.0,0.0,50.0,8.0,6.0,,0.0,10.0,4.0,0.0,0.0,21.0,,0.0,0.0,,0.0,0.0,7.0,14.0,11.0,7.0,0.0,3.0,0.0,0.0,0.0,0.0,18.0,3.0,88.0,5.0,0.0,8.0,,7.0,14.0,3.0,,0.0,,3.0,,,6.0,22.0,0.0,6.0,0.0,0.0,5
Lebanon,3288,3.0,,25.0,,905.0,25.0,47.0,,,126.0,38.0,0.0,0.0,103.0,17.0,0.0,13.0,4.0,8.0,,31.0,287.0,608.0,21.0,,11.0,0.0,5.0,30.0,3.0,108.0,4.0,163.0,33.0,,129.0,12.0,24.0,50.0,12.0,6.0,0.0,20.0,198.0,9.0,,123.0,23.0,11.0,11.0,0.0,6.0,24
Liberia,1548,,,7.0,0.0,64.0,6.0,17.0,12.0,9.0,21.0,68.0,3.0,0.0,31.0,13.0,0.0,5.0,3.0,3.0,,110.0,67.0,37.0,189.0,0.0,4.0,0.0,,0.0,,116.0,0.0,134.0,54.0,0.0,45.0,7.0,3.0,174.0,113.0,7.0,,12.0,79.0,3.0,,74.0,10.0,,10.0,0.0,3.0,26
Libya,173,0.0,0.0,,0.0,32.0,6.0,6.0,0.0,,9.0,3.0,,0.0,8.0,,0.0,0.0,,0.0,0.0,,7.0,9.0,,0.0,0.0,,0.0,,,6.0,,12.0,,0.0,8.0,0.0,7.0,0.0,0.0,0.0,,3.0,13.0,0.0,0.0,8.0,9.0,3.0,,0.0,0.0,3
Lithuania,887,0.0,,,,78.0,6.0,23.0,0.0,,44.0,8.0,,0.0,404.0,9.0,0.0,0.0,,,0.0,10.0,32.0,12.0,8.0,0.0,0.0,,0.0,10.0,0.0,39.0,,90.0,,0.0,24.0,,3.0,12.0,0.0,0.0,4.0,,8.0,,0.0,14.0,16.0,0.0,7.0,,0.0,7
Macau,195,0.0,0.0,,0.0,113.0,0.0,0.0,0.0,0.0,,0.0,8.0,0.0,3.0,,0.0,0.0,0.0,0.0,0.0,0.0,16.0,,0.0,0.0,,0.0,0.0,,0.0,3.0,0.0,31.0,0.0,0.0,0.0,0.0,0.0,3.0,0.0,0.0,0.0,0.0,5.0,0.0,0.0,0.0,4.0,0.0,0.0,0.0,0.0,1
Macedonia,651,0.0,6.0,3.0,0.0,22.0,,37.0,0.0,,22.0,0.0,0.0,0.0,87.0,30.0,0.0,,,0.0,0.0,0.0,5.0,75.0,5.0,0.0,4.0,0.0,0.0,7.0,0.0,135.0,,87.0,0.0,,36.0,0.0,,10.0,0.0,0.0,0.0,0.0,21.0,0.0,0.0,12.0,,0.0,30.0,0.0,0.0,5
Malawi,60,0.0,0.0,0.0,0.0,11.0,0.0,0.0,0.0,,3.0,3.0,,0.0,,3.0,0.0,0.0,0.0,0.0,0.0,,3.0,5.0,0.0,0.0,,0.0,0.0,0.0,0.0,0.0,0.0,0.0,0.0,,4.0,,0.0,3.0,0.0,,0.0,,8.0,0.0,0.0,3.0,,0.0,,0.0,0.0,1
Malaysia,1221,5.0,,6.0,,385.0,20.0,10.0,3.0,,36.0,25.0,12.0,,36.0,8.0,0.0,11.0,6.0,4.0,,25.0,23.0,12.0,20.0,3.0,8.0,3.0,,8.0,3.0,40.0,,215.0,6.0,3.0,21.0,5.0,9.0,39.0,,,,14.0,92.0,0.0,,28.0,40.0,0.0,7.0,0.0,,13
Mali,85,0.0,0.0,,0.0,10.0,3.0,,0.0,,0.0,9.0,0.0,0.0,,,0.0,0.0,,,0.0,4.0,3.0,0.0,,0.0,0.0,0.0,0.0,0.0,0.0,0.0,0.0,25.0,,0.0,3.0,,0.0,9.0,,0.0,0.0,0.0,,0.0,0.0,,,0.0,,0.0,0.0,2
Malta,67,0.0,0.0,0.0,0.0,11.0,0.0,0.0,0.0,0.0,6.0,0.0,0.0,0.0,,0.0,0.0,0.0,0.0,0.0,0.0,0.0,,6.0,,0.0,0.0,0.0,0.0,0.0,0.0,3.0,0.0,27.0,,0.0,,,0.0,0.0,0.0,0.0,0.0,0.0,4.0,0.0,,,,0.0,0.0,0.0,0.0,0
Mauritania,56,0.0,0.0,0.0,0.0,0.0,,,0.0,0.0,,0.0,0.0,0.0,,0.0,0.0,,,0.0,0.0,0.0,0.0,,,0.0,,0.0,0.0,0.0,0.0,0.0,0.0,12.0,,0.0,15.0,0.0,0.0,,0.0,0.0,0.0,3.0,3.0,0.0,0.0,,6.0,0.0,0.0,0.0,0.0,0
Mexico,77089,54.0,84.0,2667.0,263.0,40510.0,1180.0,141.0,70.0,10.0,1039.0,478.0,71.0,282.0,4818.0,449.0,97.0,392.0,77.0,66.0,9.0,152.0,129.0,452.0,293.0,53.0,176.0,14.0,375.0,1600.0,14.0,370.0,640.0,1021.0,479.0,7.0,201.0,329.0,656.0,232.0,40.0,63.0,16.0,229.0,12736.0,528.0,4.0,340.0,1236.0,10.0,591.0,49.0,53.0,1244
Moldova,927,,,6.0,,230.0,4.0,5.0,,0.0,17.0,9.0,0.0,,17.0,0.0,0.0,,0.0,3.0,,10.0,39.0,9.0,24.0,0.0,,0.0,,7.0,0.0,25.0,,203.0,11.0,0.0,25.0,,24.0,48.0,0.0,0.0,,,13.0,3.0,,21.0,141.0,,4.0,0.0,0.0,7
Montserrat,78,0.0,0.0,0.0,0.0,0.0,0.0,,0.0,0.0,9.0,4.0,0.0,0.0,,0.0,0.0,,0.0,0.0,0.0,,20.0,,,0.0,0.0,0.0,0.0,0.0,0.0,3.0,0.0,22.0,0.0,0.0,,0.0,0.0,0.0,0.0,0.0,0.0,0.0,,0.0,0.0,,0.0,0.0,0.0,0.0,9.0,1
Morocco,2628,,0.0,4.0,,251.0,72.0,63.0,,8.0,256.0,19.0,4.0,,112.0,13.0,0.0,3.0,8.0,4.0,3.0,55.0,346.0,37.0,27.0,,6.0,3.0,0.0,11.0,7.0,142.0,,368.0,56.0,0.0,108.0,14.0,11.0,126.0,6.0,12.0,,13.0,96.0,3.0,,269.0,33.0,0.0,26.0,0.0,,21
Mozambique,50,0.0,0.0,,0.0,16.0,0.0,,0.0,0.0,,0.0,0.0,0.0,0.0,,0.0,0.0,0.0,0.0,0.0,,3.0,0.0,0.0,0.0,,0.0,0.0,0.0,0.0,9.0,0.0,3.0,0.0,0.0,,0.0,0.0,4.0,,0.0,0.0,0.0,,,0.0,4.0,0.0,0.0,0.0,0.0,0.0,0
Nepal,417,0.0,0.0,10.0,,68.0,25.0,11.0,,4.0,8.0,7.0,,,8.0,,0.0,,7.0,0.0,0.0,46.0,19.0,6.0,6.0,0.0,0.0,,5.0,0.0,4.0,6.0,3.0,24.0,8.0,0.0,8.0,,10.0,4.0,0.0,0.0,0.0,,34.0,3.0,,57.0,10.0,0.0,,0.0,0.0,2
Netherlands,860,3.0,,24.0,3.0,210.0,28.0,24.0,3.0,,66.0,17.0,4.0,3.0,17.0,,0.0,,3.0,4.0,5.0,23.0,34.0,20.0,14.0,,,,3.0,8.0,,32.0,6.0,58.0,13.0,0.0,25.0,4.0,13.0,25.0,4.0,3.0,0.0,9.0,45.0,6.0,6.0,34.0,30.0,0.0,8.0,0.0,3.0,8
New Zealand,444,0.0,4.0,10.0,4.0,138.0,16.0,5.0,0.0,0.0,24.0,4.0,18.0,,4.0,7.0,0.0,0.0,,3.0,,9.0,12.0,10.0,3.0,0.0,,,,8.0,,4.0,,27.0,9.0,,3.0,4.0,6.0,8.0,4.0,0.0,,,19.0,17.0,4.0,13.0,25.0,,,0.0,0.0,4
Nicaragua,5080,8.0,,17.0,6.0,1522.0,20.0,17.0,3.0,5.0,2257.0,25.0,7.0,,31.0,7.0,,3.0,3.0,52.0,4.0,102.0,19.0,8.0,13.0,5.0,8.0,,4.0,42.0,0.0,108.0,,187.0,48.0,0.0,12.0,4.0,10.0,22.0,3.0,5.0,0.0,12.0,178.0,11.0,,156.0,31.0,,27.0,0.0,12.0,55
Nigeria,6894,23.0,4.0,68.0,11.0,742.0,44.0,83.0,18.0,62.0,174.0,358.0,,0.0,430.0,45.0,,22.0,8.0,34.0,4.0,702.0,222.0,141.0,164.0,5.0,52.0,0.0,20.0,13.0,9.0,470.0,6.0,879.0,142.0,3.0,170.0,33.0,15.0,155.0,71.0,16.0,4.0,76.0,1069.0,6.0,3.0,157.0,46.0,,35.0,,4.0,68
Norway,136,0.0,0.0,,0.0,31.0,3.0,8.0,,,14.0,,,0.0,3.0,0.0,0.0,,0.0,,0.0,3.0,4.0,,3.0,0.0,0.0,0.0,0.0,,,3.0,0.0,14.0,,,,0.0,4.0,3.0,0.0,0.0,0.0,0.0,6.0,,,8.0,8.0,0.0,,0.0,0.0,1
Pakistan,9699,17.0,5.0,19.0,11.0,1308.0,50.0,181.0,32.0,,301.0,153.0,6.0,4.0,784.0,54.0,,54.0,22.0,54.0,4.0,319.0,180.0,214.0,60.0,10.0,44.0,0.0,8.0,45.0,18.0,717.0,8.0,2036.0,120.0,0.0,133.0,74.0,19.0,211.0,20.0,11.0,4.0,35.0,1255.0,28.0,4.0,809.0,104.0,9.0,68.0,0.0,,72
Panama,1643,9.0,10.0,14.0,5.0,179.0,16.0,16.0,,6.0,276.0,56.0,16.0,5.0,25.0,10.0,0.0,8.0,11.0,12.0,,31.0,32.0,12.0,13.0,9.0,8.0,6.0,4.0,20.0,,74.0,3.0,294.0,51.0,3.0,17.0,11.0,4.0,22.0,,7.0,0.0,19.0,138.0,6.0,0.0,92.0,27.0,,6.0,0.0,28.0,24
Paraguay,202,0.0,0.0,3.0,0.0,12.0,,6.0,0.0,,23.0,4.0,,,5.0,0.0,0.0,,0.0,0.0,,10.0,,0.0,0.0,,,0.0,0.0,0.0,0.0,18.0,,68.0,,0.0,,,0.0,5.0,0.0,0.0,0.0,0.0,7.0,,0.0,14.0,4.0,0.0,0.0,0.0,,2
Peru,7904,5.0,9.0,43.0,12.0,1593.0,56.0,219.0,4.0,22.0,1192.0,68.0,13.0,10.0,109.0,23.0,0.0,17.0,20.0,14.0,4.0,211.0,136.0,18.0,20.0,5.0,10.0,,5.0,60.0,3.0,1298.0,5.0,1224.0,64.0,,51.0,28.0,32.0,96.0,19.0,11.0,0.0,21.0,279.0,86.0,0.0,571.0,94.0,5.0,14.0,,24.0,77
Philippines,36673,36.0,277.0,280.0,47.0,17802.0,160.0,241.0,42.0,26.0,1087.0,133.0,1893.0,54.0,1778.0,89.0,4.0,65.0,62.0,64.0,26.0,557.0,194.0,406.0,116.0,59.0,119.0,15.0,36.0,1152.0,28.0,1770.0,62.0,1668.0,206.0,15.0,243.0,88.0,239.0,290.0,49.0,50.0,10.0,129.0,1606.0,70.0,5.0,1125.0,1246.0,23.0,110.0,9.0,477.0,335
Poland,9801,9.0,4.0,65.0,8.0,333.0,77.0,555.0,3.0,5.0,224.0,38.0,8.0,7.0,3537.0,41.0,0.0,3.0,7.0,4.0,9.0,46.0,311.0,246.0,26.0,,25.0,,3.0,25.0,10.0,1288.0,3.0,2014.0,37.0,,141.0,6.0,15.0,251.0,36.0,13.0,,17.0,82.0,3.0,7.0,46.0,74.0,,66.0,0.0,,61
Portugal,2403,,0.0,,,237.0,3.0,124.0,0.0,0.0,56.0,9.0,,,,,0.0,,3.0,5.0,,24.0,829.0,,,,,,,3.0,11.0,546.0,,169.0,,0.0,3.0,,3.0,37.0,224.0,,0.0,0.0,10.0,,0.0,47.0,6.0,0.0,,0.0,,24
Qatar,66,0.0,0.0,3.0,0.0,12.0,,0.0,0.0,0.0,5.0,4.0,0.0,0.0,6.0,,0.0,0.0,0.0,0.0,0.0,,,5.0,,0.0,0.0,0.0,0.0,0.0,0.0,0.0,0.0,,0.0,0.0,,0.0,,,0.0,0.0,0.0,0.0,5.0,0.0,0.0,7.0,,0.0,,0.0,0.0,1
Romania,4602,13.0,4.0,139.0,16.0,739.0,29.0,74.0,,9.0,178.0,108.0,3.0,9.0,516.0,26.0,0.0,9.0,4.0,6.0,3.0,56.0,74.0,494.0,36.0,,23.0,,,69.0,8.0,164.0,7.0,598.0,47.0,,265.0,7.0,156.0,117.0,7.0,7.0,8.0,35.0,167.0,10.0,5.0,67.0,205.0,8.0,18.0,,,49
Russia,8297,14.0,37.0,59.0,11.0,1642.0,235.0,95.0,14.0,7.0,213.0,86.0,13.0,8.0,247.0,44.0,0.0,28.0,22.0,10.0,18.0,166.0,446.0,114.0,152.0,5.0,46.0,5.0,15.0,33.0,19.0,451.0,18.0,1922.0,71.0,4.0,191.0,19.0,169.0,334.0,24.0,10.0,3.0,41.0,234.0,37.0,8.0,193.0,618.0,5.0,53.0,,,85
Rwanda,123,0.0,0.0,,0.0,5.0,,5.0,,0.0,,3.0,0.0,,4.0,,0.0,0.0,4.0,0.0,0.0,,,11.0,3.0,0.0,,0.0,,0.0,0.0,,0.0,15.0,6.0,0.0,18.0,0.0,0.0,6.0,0.0,0.0,0.0,7.0,9.0,,0.0,,,,4.0,0.0,0.0,2
Saint Kitts-Nevis,331,0.0,0.0,0.0,,10.0,0.0,6.0,0.0,0.0,39.0,9.0,,0.0,4.0,,0.0,,,,0.0,13.0,14.0,,0.0,0.0,,0.0,0.0,,0.0,10.0,0.0,89.0,9.0,,4.0,,0.0,3.0,4.0,3.0,0.0,,11.0,0.0,0.0,10.0,,0.0,0.0,0.0,74.0,4
Saint Lucia,515,,0.0,,0.0,10.0,,18.0,,0.0,53.0,16.0,,0.0,0.0,,0.0,,0.0,8.0,0.0,13.0,12.0,,,,,0.0,0.0,,0.0,19.0,0.0,217.0,3.0,0.0,8.0,0.0,0.0,11.0,0.0,0.0,,3.0,25.0,0.0,0.0,13.0,,0.0,6.0,0.0,62.0,1
Saint Vincent and the Grenadines,491,,0.0,3.0,0.0,16.0,0.0,3.0,,7.0,32.0,4.0,,0.0,,0.0,0.0,,,0.0,,8.0,12.0,,0.0,,0.0,0.0,0.0,,0.0,20.0,0.0,329.0,4.0,0.0,,0.0,0.0,9.0,,,0.0,,5.0,0.0,0.0,9.0,,0.0,0.0,0.0,9.0,4
Samoa,165,0.0,5.0,0.0,0.0,48.0,,0.0,0.0,,,0.0,56.0,,,0.0,0.0,0.0,0.0,0.0,0.0,,0.0,0.0,,0.0,3.0,0.0,0.0,4.0,0.0,,,,0.0,,,0.0,3.0,0.0,0.0,0.0,0.0,,7.0,11.0,0.0,,9.0,0.0,0.0,0.0,,1
Saudi Arabia,397,,0.0,5.0,,74.0,10.0,,,0.0,23.0,5.0,0.0,0.0,27.0,,0.0,0.0,0.0,,0.0,6.0,6.0,23.0,6.0,,,0.0,,3.0,0.0,16.0,,19.0,5.0,0.0,23.0,,,12.0,,,0.0,4.0,45.0,0.0,0.0,42.0,6.0,0.0,6.0,0.0,,5
Senegal,401,0.0,,,0.0,30.0,4.0,,0.0,6.0,13.0,9.0,,,6.0,3.0,0.0,0.0,,0.0,,28.0,22.0,11.0,,,,0.0,,,0.0,20.0,0.0,106.0,4.0,0.0,47.0,,,11.0,19.0,0.0,0.0,4.0,13.0,0.0,0.0,10.0,5.0,0.0,5.0,0.0,0.0,7
Serbia and Montenegro,5857,4.0,13.0,178.0,4.0,446.0,32.0,185.0,,7.0,415.0,90.0,5.0,63.0,565.0,49.0,,8.0,103.0,6.0,13.0,50.0,191.0,372.0,41.0,5.0,73.0,0.0,26.0,52.0,19.0,291.0,3.0,1251.0,43.0,10.0,152.0,0.0,42.0,174.0,8.0,0.0,16.0,58.0,245.0,52.0,9.0,106.0,106.0,,201.0,0.0,,68
Sierra Leone,1043,0.0,0.0,9.0,,88.0,4.0,7.0,3.0,10.0,17.0,26.0,0.0,0.0,4.0,,0.0,,,3.0,0.0,201.0,43.0,19.0,39.0,0.0,6.0,0.0,0.0,,,82.0,,70.0,17.0,0.0,57.0,3.0,5.0,72.0,,,0.0,9.0,43.0,0.0,0.0,152.0,5.0,0.0,9.0,0.0,0.0,25
Singapore,338,0.0,0.0,7.0,0.0,146.0,5.0,6.0,0.0,0.0,14.0,5.0,11.0,0.0,7.0,,0.0,0.0,,,,6.0,3.0,3.0,5.0,,,0.0,0.0,3.0,,6.0,0.0,27.0,,0.0,7.0,0.0,8.0,5.0,0.0,0.0,0.0,,21.0,3.0,0.0,6.0,17.0,0.0,4.0,0.0,0.0,2
Slovak Republic,362,0.0,,3.0,,28.0,9.0,12.0,,,30.0,,0.0,,35.0,3.0,0.0,0.0,0.0,,0.0,5.0,6.0,9.0,0.0,0.0,,,0.0,6.0,0.0,80.0,0.0,55.0,3.0,0.0,11.0,,,21.0,0.0,0.0,0.0,0.0,14.0,3.0,0.0,4.0,5.0,,4.0,0.0,0.0,1
Slovenia,58,0.0,,,0.0,11.0,,,0.0,0.0,,,0.0,,,0.0,0.0,,0.0,0.0,0.0,,4.0,,0.0,0.0,0.0,0.0,0.0,0.0,0.0,7.0,0.0,7.0,,0.0,6.0,0.0,0.0,3.0,0.0,0.0,0.0,,,0.0,0.0,0.0,,0.0,,0.0,0.0,0
Somalia,3238,0.0,0.0,44.0,0.0,180.0,8.0,11.0,0.0,,,67.0,0.0,,49.0,6.0,,4.0,23.0,0.0,65.0,29.0,98.0,78.0,1154.0,0.0,75.0,0.0,5.0,,0.0,3.0,,62.0,33.0,0.0,546.0,0.0,36.0,9.0,,0.0,,67.0,87.0,19.0,0.0,157.0,268.0,,3.0,0.0,0.0,39
South Africa,1495,6.0,0.0,22.0,3.0,396.0,59.0,27.0,3.0,3.0,138.0,77.0,8.0,3.0,41.0,16.0,0.0,11.0,17.0,7.0,,30.0,55.0,23.0,13.0,4.0,9.0,,,29.0,5.0,47.0,5.0,66.0,31.0,,21.0,,15.0,31.0,,10.0,0.0,32.0,109.0,13.0,0.0,37.0,41.0,0.0,12.0,,0.0,9
Soviet Union (former),3668,,,27.0,,597.0,40.0,47.0,,6.0,124.0,30.0,0.0,,497.0,15.0,0.0,,6.0,6.0,5.0,85.0,384.0,118.0,73.0,,19.0,0.0,4.0,14.0,5.0,197.0,6.0,675.0,34.0,0.0,87.0,,80.0,80.0,20.0,4.0,,10.0,72.0,11.0,6.0,76.0,126.0,0.0,15.0,0.0,,52
Spain,1256,,,13.0,,197.0,15.0,17.0,,8.0,198.0,6.0,5.0,,26.0,9.0,,,4.0,3.0,4.0,30.0,31.0,16.0,16.0,,5.0,,,15.0,0.0,182.0,3.0,169.0,9.0,0.0,11.0,,4.0,24.0,9.0,3.0,,6.0,68.0,6.0,0.0,39.0,20.0,,5.0,0.0,54.0,8
Sri Lanka,927,,,5.0,0.0,277.0,3.0,6.0,0.0,4.0,34.0,4.0,10.0,0.0,20.0,,0.0,,5.0,3.0,0.0,69.0,28.0,14.0,15.0,4.0,8.0,,,8.0,0.0,54.0,,118.0,11.0,,34.0,,6.0,22.0,3.0,3.0,0.0,4.0,49.0,,0.0,55.0,15.0,,8.0,0.0,,8
Sudan,1551,4.0,,51.0,,111.0,66.0,25.0,0.0,5.0,30.0,17.0,0.0,,51.0,,3.0,5.0,9.0,11.0,17.0,46.0,33.0,33.0,90.0,,29.0,0.0,62.0,6.0,7.0,38.0,0.0,71.0,75.0,12.0,30.0,0.0,8.0,69.0,0.0,0.0,27.0,55.0,110.0,21.0,0.0,196.0,50.0,0.0,22.0,0.0,0.0,47
Suriname,125,0.0,0.0,0.0,0.0,8.0,,,,0.0,34.0,4.0,0.0,0.0,0.0,0.0,0.0,0.0,0.0,0.0,0.0,3.0,,,0.0,0.0,0.0,0.0,0.0,,0.0,7.0,0.0,51.0,0.0,0.0,0.0,0.0,0.0,0.0,0.0,0.0,0.0,0.0,4.0,0.0,0.0,3.0,0.0,0.0,0.0,0.0,,2
Sweden,980,3.0,6.0,19.0,,306.0,26.0,29.0,,6.0,67.0,10.0,5.0,3.0,22.0,,0.0,0.0,4.0,,7.0,19.0,32.0,9.0,23.0,,,,0.0,7.0,13.0,35.0,5.0,85.0,14.0,0.0,11.0,,9.0,25.0,,4.0,0.0,5.0,55.0,9.0,,27.0,54.0,,6.0,0.0,0.0,6
Switzerland,541,0.0,5.0,7.0,,151.0,14.0,19.0,0.0,3.0,40.0,12.0,4.0,,15.0,4.0,0.0,,,,,6.0,16.0,12.0,6.0,,0.0,,0.0,5.0,3.0,30.0,,56.0,10.0,0.0,,,6.0,13.0,3.0,0.0,,5.0,32.0,,,20.0,13.0,0.0,7.0,,0.0,4
Syria,2252,5.0,0.0,10.0,15.0,667.0,13.0,17.0,4.0,,103.0,15.0,,0.0,143.0,17.0,0.0,4.0,,6.0,,19.0,58.0,135.0,4.0,,10.0,0.0,4.0,16.0,,144.0,,299.0,20.0,0.0,70.0,12.0,16.0,172.0,11.0,3.0,,16.0,80.0,0.0,0.0,58.0,19.0,16.0,11.0,0.0,3.0,27
Taiwan,8295,7.0,4.0,78.0,9.0,4715.0,36.0,47.0,12.0,,90.0,74.0,86.0,5.0,132.0,26.0,,15.0,7.0,9.0,0.0,158.0,196.0,84.0,27.0,4.0,36.0,0.0,7.0,56.0,9.0,342.0,12.0,567.0,59.0,0.0,123.0,14.0,51.0,94.0,4.0,4.0,,37.0,502.0,36.0,3.0,148.0,293.0,7.0,24.0,0.0,7.0,34
Tajikistan,116,0.0,0.0,,0.0,13.0,5.0,3.0,0.0,,,,0.0,,0.0,0.0,0.0,0.0,0.0,0.0,0.0,,,,,0.0,0.0,0.0,,0.0,0.0,,0.0,56.0,0.0,0.0,3.0,0.0,4.0,,0.0,0.0,0.0,0.0,5.0,0.0,0.0,,10.0,0.0,0.0,0.0,0.0,1
Tanzania,363,0.0,0.0,4.0,,53.0,,5.0,0.0,4.0,35.0,7.0,0.0,0.0,13.0,8.0,0.0,,0.0,,,21.0,6.0,5.0,12.0,0.0,0.0,0.0,0.0,3.0,0.0,27.0,6.0,39.0,7.0,0.0,8.0,,,13.0,,6.0,0.0,3.0,42.0,0.0,0.0,12.0,,,5.0,0.0,,3
Thailand,4314,17.0,30.0,34.0,15.0,1614.0,48.0,30.0,7.0,4.0,170.0,42.0,44.0,,118.0,17.0,,18.0,14.0,11.0,16.0,78.0,214.0,48.0,151.0,,13.0,,7.0,107.0,6.0,61.0,8.0,193.0,59.0,,69.0,16.0,55.0,72.0,29.0,,,32.0,206.0,34.0,4.0,175.0,192.0,4.0,174.0,4.0,9.0,33
Togo,291,,0.0,7.0,0.0,18.0,4.0,5.0,0.0,,6.0,12.0,0.0,0.0,17.0,6.0,,,4.0,0.0,,32.0,7.0,,41.0,0.0,3.0,0.0,11.0,,0.0,8.0,0.0,37.0,11.0,0.0,8.0,0.0,,8.0,,0.0,0.0,0.0,7.0,,0.0,22.0,,0.0,,0.0,0.0,0
Tonga,246,0.0,7.0,,0.0,130.0,,0.0,0.0,,,0.0,28.0,5.0,0.0,0.0,0.0,0.0,0.0,0.0,0.0,0.0,0.0,,,0.0,0.0,0.0,0.0,,0.0,0.0,0.0,,,0.0,,0.0,7.0,0.0,0.0,0.0,0.0,0.0,9.0,42.0,0.0,,,0.0,0.0,0.0,0.0,1
Trinidad and Tobago,4832,4.0,,8.0,4.0,118.0,17.0,53.0,21.0,26.0,675.0,100.0,6.0,3.0,25.0,11.0,0.0,6.0,15.0,9.0,3.0,225.0,148.0,16.0,11.0,,11.0,0.0,3.0,8.0,5.0,367.0,7.0,2321.0,59.0,,24.0,15.0,4.0,114.0,7.0,6.0,,10.0,145.0,,0.0,114.0,22.0,3.0,5.0,,20.0,50
Tunisia,226,0.0,0.0,0.0,0.0,53.0,3.0,,,0.0,18.0,6.0,,0.0,8.0,3.0,0.0,,0.0,,0.0,9.0,4.0,10.0,4.0,,,0.0,,,0.0,4.0,,28.0,,,6.0,0.0,0.0,10.0,0.0,0.0,,3.0,13.0,0.0,,19.0,3.0,0.0,,0.0,0.0,2
Turkey,2231,5.0,,19.0,3.0,394.0,23.0,47.0,20.0,3.0,86.0,24.0,5.0,0.0,72.0,8.0,0.0,,8.0,6.0,5.0,49.0,100.0,37.0,12.0,0.0,6.0,,0.0,20.0,5.0,335.0,5.0,452.0,25.0,,56.0,4.0,11.0,83.0,7.0,,0.0,15.0,81.0,,4.0,124.0,30.0,,10.0,,5.0,13
Turkmenistan,59,0.0,0.0,0.0,0.0,10.0,0.0,,0.0,0.0,0.0,0.0,0.0,0.0,0.0,,0.0,0.0,,0.0,0.0,,3.0,,0.0,0.0,0.0,0.0,0.0,,0.0,,,17.0,,0.0,0.0,0.0,,4.0,,0.0,0.0,,0.0,0.0,0.0,,4.0,0.0,4.0,0.0,0.0,0
Uganda,340,,,8.0,0.0,55.0,5.0,4.0,3.0,0.0,17.0,10.0,0.0,0.0,11.0,4.0,0.0,,0.0,,0.0,15.0,34.0,7.0,11.0,0.0,,0.0,,3.0,0.0,18.0,,20.0,6.0,0.0,10.0,4.0,,12.0,,5.0,0.0,5.0,24.0,,0.0,15.0,17.0,,,0.0,0.0,4
Ukraine,9343,6.0,13.0,30.0,5.0,1718.0,126.0,103.0,9.0,,196.0,57.0,5.0,27.0,426.0,29.0,0.0,14.0,28.0,9.0,18.0,166.0,345.0,113.0,134.0,3.0,50.0,,12.0,21.0,14.0,378.0,7.0,2654.0,53.0,,333.0,13.0,276.0,576.0,26.0,8.0,13.0,37.0,103.0,28.0,5.0,108.0,884.0,3.0,63.0,6.0,0.0,88
United Arab Emirates,197,0.0,0.0,,0.0,34.0,4.0,,,0.0,8.0,8.0,0.0,0.0,14.0,,0.0,,0.0,0.0,0.0,3.0,6.0,16.0,5.0,0.0,,0.0,0.0,0.0,0.0,6.0,0.0,26.0,,0.0,,4.0,,,0.0,0.0,0.0,4.0,31.0,0.0,0.0,8.0,4.0,,,0.0,0.0,0
United Kingdom,8087,15.0,19.0,150.0,27.0,1887.0,163.0,207.0,22.0,12.0,784.0,191.0,45.0,24.0,199.0,44.0,,35.0,22.0,25.0,31.0,189.0,351.0,178.0,79.0,16.0,56.0,7.0,14.0,72.0,44.0,319.0,33.0,663.0,142.0,4.0,201.0,35.0,113.0,239.0,26.0,35.0,5.0,86.0,514.0,48.0,24.0,305.0,232.0,11.0,46.0,,8.0,86
Uruguay,475,0.0,,3.0,0.0,65.0,,11.0,,0.0,88.0,11.0,,,,,0.0,0.0,,0.0,0.0,8.0,17.0,,0.0,0.0,0.0,0.0,0.0,5.0,,100.0,0.0,74.0,,0.0,7.0,,,4.0,,,0.0,,15.0,9.0,,20.0,5.0,0.0,0.0,,5.0,2
Uzbekistan,1588,,0.0,18.0,0.0,193.0,14.0,3.0,0.0,,24.0,9.0,,,23.0,,0.0,5.0,,0.0,0.0,23.0,24.0,8.0,5.0,,3.0,0.0,0.0,,,33.0,3.0,984.0,5.0,,34.0,,20.0,28.0,,0.0,0.0,4.0,31.0,,0.0,13.0,32.0,0.0,17.0,0.0,0.0,17
Venezuela,2659,4.0,5.0,9.0,4.0,233.0,17.0,37.0,4.0,9.0,899.0,53.0,8.0,,49.0,10.0,0.0,4.0,13.0,16.0,0.0,30.0,92.0,28.0,8.0,7.0,9.0,0.0,4.0,14.0,11.0,132.0,,254.0,49.0,0.0,34.0,18.0,7.0,67.0,23.0,11.0,0.0,21.0,213.0,38.0,3.0,80.0,21.0,8.0,9.0,,58.0,31
Vietnam,32926,61.0,18.0,312.0,81.0,14234.0,489.0,185.0,10.0,33.0,938.0,689.0,235.0,40.0,625.0,120.0,54.0,232.0,130.0,309.0,41.0,362.0,1622.0,351.0,552.0,49.0,250.0,,236.0,144.0,41.0,298.0,83.0,517.0,371.0,9.0,345.0,249.0,524.0,912.0,16.0,46.0,18.0,257.0,3452.0,224.0,24.0,1003.0,1678.0,10.0,82.0,,16.0,344
Yemen,814,,0.0,3.0,,166.0,0.0,13.0,,0.0,,0.0,0.0,0.0,33.0,14.0,0.0,0.0,0.0,0.0,,3.0,,246.0,,,0.0,0.0,0.0,,0.0,6.0,3.0,245.0,14.0,0.0,5.0,0.0,4.0,3.0,0.0,0.0,0.0,3.0,5.0,0.0,0.0,17.0,8.0,0.0,,0.0,0.0,9
Zambia,159,,0.0,3.0,,31.0,,0.0,0.0,,8.0,6.0,0.0,0.0,4.0,4.0,0.0,0.0,4.0,,0.0,,3.0,8.0,6.0,,3.0,0.0,0.0,,0.0,9.0,0.0,,4.0,0.0,5.0,3.0,3.0,5.0,,0.0,0.0,5.0,13.0,0.0,0.0,9.0,,0.0,,0.0,0.0,3
Zimbabwe,260,3.0,,3.0,0.0,46.0,6.0,5.0,0.0,0.0,25.0,7.0,,0.0,8.0,,,,3.0,,,4.0,13.0,5.0,,0.0,3.0,0.0,3.0,4.0,,8.0,,15.0,6.0,0.0,15.0,,5.0,11.0,,0.0,0.0,6.0,19.0,0.0,0.0,10.0,5.0,0.0,,0.0,,3
Other,707,0.0,1.0,10.0,2.0,95.0,8.0,11.0,1.0,3.0,66.0,23.0,17.0,0.0,13.0,0.0,0.0,0.0,2.0,2.0,3.0,27.0,25.0,6.0,9.0,2.0,4.0,0.0,1.0,5.0,2.0,30.0,0.0,97.0,6.0,0.0,17.0,0.0,2.0,17.0,2.0,2.0,0.0,7.0,41.0,15.0,3.0,34.0,19.0,0.0,4.0,0.0,37.0,36
Unknown,1270,0.0,2.0,6.0,5.0,204.0,30.0,1.0,1.0,0.0,59.0,13.0,5.0,7.0,150.0,14.0,0.0,16.0,7.0,10.0,0.0,8.0,16.0,39.0,17.0,2.0,8.0,2.0,6.0,11.0,1.0,26.0,2.0,71.0,14.0,0.0,80.0,10.0,13.0,6.0,1.0,3.0,0.0,7.0,129.0,18.0,0.0,42.0,38.0,0.0,25.0,0.0,7.0,138
