,,Afghanistan,Africa,Albania,Algeria,Andorra,Angola,Anguilla,Antigua-Barbuda,Argentina,Armenia,Aruba,Asia,Australia,Austria,Azerbaijan,Bahamas,"Bahamas, The",Bahrain,Bangladesh,Barbados,Belarus,Belgium,Belize,Benin,Bermuda,Bolivia,Bosnia-Herzegovina,Botswana,Brazil,British Virgin Islands,Brunei,Bulgaria,Burkina Faso,Burma,Burundi,Cambodia,Cameroon,Canada,Cape Verde,Caribbean,Cayman Islands,Central African Republic ,Central America,Chad,Chile,"China, People's Republic",Colombia,Comoros,"Congo, Democratic Republic","Congo, Republic",Cook Island,Costa Rica,Cote d'Ivoire,Croatia,Cuba,Cyprus,Czech Republic,Czechoslovakia,"Czechoslovakia, former",Denmark,Djibouti,Dominica,Dominican Republic,Ecuador,Egypt,El Salvador,Equatorial Guinea,Eritrea,Estonia,Ethiopia,Europe,Falkland Islands,Fiji,Finland,France,French Guiana,French Polynesia,Gabon,Gambia,"Gambia, The",Georgia,Germany,Ghana,Greece,Grenada,Guadeloupe,Guatemala,Guinea,Guinea-Bissau,Guyana,Haiti,Honduras,Hong Kong,Hungary,Iceland,India,Indonesia,Iran,Iraq,Ireland,Israel,Italy,Jamaica,Japan,Jordan,Kazakhstan,Kenya,Kiribati,Korea,Kuwait,Kyrgyzstan,Laos,Latvia,Lebanon,Lesotho ,Liberia,Libya,Lithuania,Luxembourg,Macau,Macedonia,Madagascar,Malawi,Malaysia,Maldives,Mali,Malta,Marshall Islands,Martinique,Mauritania,Mauritius,Mexico,"Micronesia, Federated States",Moldova,Monaco,Mongolia,Montserrat,Morocco,Mozambique,Namibia,Nepal,Netherlands,Netherlands Antilles,New Caledonia,New Zealand,Nicaragua,Niger,Nigeria,North America,Norway,Oceania,Oman,Other,Pakistan,Palau,Panama,Papua New Guinea,Paraguay,Peru,Philippines,Poland,Portugal,Puerto Rico,Qatar,Romania,Russia,Rwanda,Saint Kitts-Nevis,Saint Lucia,Saint Vincent and the Grenadines,Samoa,Sao Tome and Principe ,Saudi Arabia,Senegal,Serbia and Montenegro,Seychelles ,Sierra Leone,Singapore,Slovak Republic,Slovenia,Somalia,South Africa,South America,Soviet Union,"Soviet Union, former",Spain,Sri Lanka,St- Kitts-Nevis,St- Lucia,St- Vincent and the Grenadines,Sudan,Suriname,Swaziland  ,Sweden,Switzerland,Syria,Taiwan,Tajikistan,Tanzania,Thailand,Togo,Tonga,Total,Trinidad and Tobago,Trinidad and Tobago ,Tunisia,Turkey,Turkmenistan,Turks and Caicos Islands,Tuvalu,Uganda,Ukraine,United Arab Emirates,United Kingdom,United States,Unknown,Uruguay,Uzbekistan,Vanuatu,Venezuela,Vietnam,Yemen,Zambia,Zimbabwe
1993,Total,10.0,701,3.0,5.0,0.0,,0.0,19.0,19,0.0,,1257,16,5.0,0.0,,68.0,0.0,48.0,28.0,0.0,5.0,128,,6.0,46,0.0,,101,3,0.0,5.0,0.0,,0.0,0.0,5.0,1267,10.0,3515,,0,5720,0.0,47,96,1303,0.0,8.0,0.0,0.0,42,15.0,0.0,150,,0.0,11.0,,3.0,0.0,38.0,1649,136,24,2117,0,0.0,0.0,12,781,0,9.0,,51,0.0,9,0.0,,10.0,0.0,99,107,27,14.0,0.0,1370,3,,125,319,1678,23,17,4.0,263,17.0,58,3.0,6.0,49,52,1044,43,44,0.0,6.0,0.0,47,,0.0,0.0,,67,0.0,31,,3.0,,0.0,0.0,,0.0,15.0,0.0,,0.0,0.0,0.0,0.0,0.0,27118,,0.0,0.0,0.0,,15.0,0.0,,3.0,22,4.0,0.0,17.0,273,43,336,37622,,86,0.0,28.0,136,,112,,,211,162,79,46,14.0,0.0,10,9.0,,,,,13.0,,0.0,12.0,23,3.0,11,3.0,0.0,0.0,4.0,15,2064,7.0,,17,9.0,14.0,6.0,134.0,3.0,5.0,,10.0,6.0,80,13,0.0,,19,0.0,14.0,42540,,,3.0,24,0.0,0.0,0.0,,3.0,15.0,248,,,18.0,0.0,0.0,49,,5.0,3.0,
1993,Criminal,5.0,399,,,0.0,,0.0,14.0,9,0.0,,362,4,,0.0,,47.0,0.0,,,0.0,,85,,,23,0.0,,14,,0.0,,0.0,,0.0,0.0,,1071,7.0,2499,0.0,0,2248,0.0,28,24,1033,0.0,4.0,0.0,0.0,22,3.0,0.0,118,0.0,0.0,3.0,,,0.0,20.0,1029,52,13,1060,0,0.0,0.0,7,334,0,,,15,0.0,3,0.0,,,0.0,44,20,14,,0.0,426,0,,86,192,425,17,10,,24,6.0,35,,,24,24,878,10,21,0.0,,0.0,20,0.0,0.0,0.0,0.0,33,0.0,8,,,,0.0,0.0,,0.0,3.0,0.0,0.0,0.0,0.0,0.0,0.0,0.0,21094,,0.0,0.0,0.0,,8.0,0.0,0.0,3.0,8,,0.0,3.0,132,25,266,26913,,33,0.0,14.0,32,,98,,,113,63,8,39,11.0,0.0,3,,,,,,7.0,,0.0,4.0,6,0.0,8,,0.0,0.0,0.0,4,1402,,,10,,,,120.0,,,0.0,,,3,6,0.0,,6,0.0,10.0,29457,,,0.0,13,0.0,0.0,0.0,,,,116,,0.0,12.0,0.0,0.0,29,0,,,
1993,Non-criminal,5.0,302,,,0.0,0.0,0.0,5.0,10,0.0,0.0,895,12,,0.0,,21.0,0.0,,,0.0,,43,0.0,,23,0.0,,87,,0.0,,0.0,0.0,0.0,0.0,,196,3.0,1016,,0,3472,0.0,19,72,270,0.0,4.0,0.0,0.0,20,12.0,0.0,32,,0.0,8.0,,,0.0,18.0,620,84,11,1057,0,0.0,0.0,5,447,0,,,36,0.0,6,0.0,,,0.0,55,87,13,,0.0,944,3,0.0,39,127,1253,6,7,,239,11.0,23,,,25,28,166,33,23,0.0,,0.0,27,,0.0,0.0,,34,0.0,23,0.0,,0.0,0.0,0.0,0.0,0.0,12.0,0.0,,0.0,0.0,0.0,0.0,0.0,6024,,0.0,0.0,0.0,0.0,7.0,0.0,,0.0,14,,0.0,14.0,141,18,70,10709,,53,0.0,14.0,104,0.0,14,,,98,99,71,7,3.0,0.0,7,,0.0,,,,6.0,0.0,0.0,8.0,17,3.0,3,,0.0,0.0,4.0,11,662,,,7,,,,14.0,,,,,,77,7,0.0,,13,0.0,4.0,13083,,0,3.0,11,0.0,0.0,0.0,0.0,,,132,,,6.0,0.0,0.0,20,,,,0.0
1994,Total,10.0,961,15.0,10.0,0.0,,,19.0,31,3.0,,1648,13,,0.0,,61.0,,44.0,28.0,0.0,5.0,98,6.0,8.0,39,0.0,,126,3,0.0,12.0,,10.0,0.0,,8.0,1170,22.0,3105,,0,5449,,46,448,1427,0.0,,0.0,0.0,32,17.0,6.0,94,,0.0,9.0,,7.0,0.0,39.0,1544,123,20,1900,0,0.0,3.0,22,929,0,11.0,,52,0.0,10,0.0,,13.0,,102,127,24,9.0,0.0,1273,10,0.0,108,154,1650,19,10,,217,8.0,61,,13.0,41,57,978,55,37,0.0,21.0,,59,,0.0,12.0,,55,,36,,,0.0,0.0,,,0.0,9.0,,6.0,,0.0,0.0,,0.0,30098,11,0.0,0.0,0.0,,13.0,0.0,,,15,,0.0,17.0,391,38,491,39825,,94,0.0,16.0,144,4.0,105,,,192,236,82,53,8.0,0.0,31,26.0,0.0,,,,13.0,0.0,0.0,9.0,43,0.0,9,3.0,3.0,0.0,14.0,21,2191,11.0,,24,11.0,13.0,10.0,127.0,7.0,,0.0,7.0,9.0,45,14,0.0,,28,3.0,13.0,45664,,,19.0,27,0.0,0.0,0.0,,3.0,33.0,284,3.0,0.0,19.0,0.0,0.0,74,,6.0,,
1994,Criminal,4.0,606,4.0,3.0,0.0,,,13.0,18,,,393,3,,0.0,,53.0,,4.0,27.0,0.0,,74,5.0,7.0,20,0.0,,34,3,0.0,,0.0,0.0,0.0,0.0,4.0,951,17.0,2290,0.0,0,2292,,26,19,1179,0.0,,0.0,0.0,19,,,76,,0.0,3.0,,0.0,0.0,20.0,970,80,5,979,0,0.0,0.0,11,384,0,6.0,0.0,14,0.0,6,0.0,,,0.0,29,52,19,,0.0,472,3,0.0,76,126,537,13,5,,25,,27,,6.0,26,29,854,9,20,0.0,8.0,,28,,0.0,0.0,0.0,32,,22,,0.0,0.0,0.0,0.0,0.0,0.0,,0.0,,,0.0,0.0,0.0,0.0,23949,8,0.0,0.0,0.0,,6.0,0.0,0.0,0.0,8,,0.0,5.0,122,13,407,29483,,49,0.0,10.0,31,4.0,89,0.0,,89,86,23,45,5.0,0.0,7,8.0,0.0,,,,8.0,0.0,0.0,,12,0.0,3,,,0.0,3.0,13,1585,,,9,6.0,8.0,,105.0,3.0,,0.0,0.0,4.0,3,6,0.0,,15,,8.0,32510,,0,13.0,17,0.0,0.0,0.0,0.0,0.0,11.0,141,,0.0,12.0,0.0,0.0,48,0,,0.0,0.0
1994,Non-criminal,6.0,355,11.0,7.0,0.0,0.0,0.0,6.0,13,,0.0,1255,10,,0.0,,8.0,0.0,40.0,,0.0,,24,,,19,0.0,,92,0,0.0,,,10.0,0.0,,4.0,219,5.0,815,,0,3157,0.0,20,429,248,0.0,,0.0,0.0,13,,,18,0.0,0.0,6.0,,7.0,0.0,19.0,574,43,15,921,0,0.0,3.0,11,545,0,5.0,,38,0.0,4,0.0,,,,73,75,5,,0.0,801,7,0.0,32,28,1113,6,5,,192,,34,,7.0,15,28,124,46,17,0.0,13.0,0.0,31,,0.0,12.0,,23,0.0,14,,,0.0,0.0,,,0.0,,,,,0.0,0.0,,0.0,6149,3,0.0,0.0,0.0,0.0,7.0,0.0,,,7,0.0,0.0,12.0,269,25,84,10342,,45,0.0,6.0,113,0.0,16,,,103,150,59,8,3.0,0.0,24,18.0,0.0,,,,5.0,0.0,0.0,,31,0.0,6,,,0.0,11.0,8,606,,,15,5.0,5.0,,22.0,4.0,,0.0,7.0,5.0,42,8,0.0,,13,,5.0,13154,,,6.0,10,0.0,0.0,0.0,,3.0,22.0,143,,0.0,7.0,0.0,0.0,26,,,,
1995,Total,17.0,931,11.0,15.0,,,0.0,25.0,30,7.0,,1336,14,3.0,,,73.0,0.0,44.0,28.0,0.0,16.0,71,5.0,9.0,48,,0.0,97,,0.0,18.0,0.0,,,14.0,13.0,1074,18.0,3431,,0,6206,0.0,62,308,1418,0.0,5.0,0.0,0.0,43,19.0,,60,0.0,0.0,4.0,,5.0,0.0,23.0,1620,167,31,1932,0,,,20,934,0,8.0,5.0,58,0.0,6,,,11.0,0.0,90,177,24,12.0,,1763,15,,129,340,1931,12,11,0.0,168,8.0,50,,19.0,40,59,1044,31,30,0.0,8.0,0.0,50,3.0,0.0,9.0,,47,0.0,37,5.0,,0.0,,3.0,,,12.0,0.0,14.0,,,0.0,,0.0,34681,13,0.0,0.0,0.0,,9.0,0.0,,,38,,0.0,22.0,376,68,335,45392,5.0,91,0.0,0.0,139,3.0,90,0.0,,204,193,62,42,12.0,0.0,45,30.0,,,,,14.0,0.0,0.0,27.0,35,,21,,,,11.0,24,2238,7.0,,34,5.0,13.0,20.0,143.0,8.0,0.0,0.0,9.0,19.0,49,12,0.0,,20,,10.0,50924,,,12.0,30,0.0,0.0,0.0,,10.0,26.0,252,0.0,,7.0,0.0,0.0,75,0,,3.0,
1995,Criminal,10.0,522,4.0,,0.0,,0.0,20.0,16,,,354,4,,0.0,,56.0,0.0,5.0,24.0,0.0,5.0,54,,,31,0.0,0.0,16,,0.0,6.0,0.0,0.0,0.0,,3.0,885,,2698,,0,2373,0.0,30,27,1222,0.0,,0.0,0.0,29,5.0,0.0,52,0.0,0.0,,,0.0,0.0,15.0,1182,86,12,994,0,0.0,,14,402,0,3.0,0.0,27,0.0,0,0.0,,3.0,0.0,31,74,11,12.0,0.0,513,6,0.0,70,247,557,4,7,0.0,15,4.0,31,,4.0,16,30,934,11,13,0.0,,0.0,20,,0.0,,0.0,30,0.0,19,,,0.0,0.0,0.0,,0.0,5.0,0.0,5.0,,0.0,0.0,0.0,0.0,24926,13,0.0,0.0,0.0,,,0.0,,,21,0.0,0.0,4.0,145,27,264,30882,,42,0.0,0.0,34,,81,0.0,0.0,108,82,18,33,7.0,0.0,6,7.0,0.0,,,,,0.0,0.0,7.0,10,,14,,,0.0,,13,1639,,,10,,9.0,13.0,113.0,,0.0,0.0,4.0,7.0,5,4,0.0,,7,0.0,4.0,33842,,,10.0,8,0.0,0.0,0.0,,3.0,6.0,144,0.0,,,0.0,0.0,54,0,,,0.0
1995,Non-criminal,7.0,409,7.0,,,0.0,0.0,5.0,14,,0.0,982,10,,,,17.0,0.0,39.0,4.0,0.0,11.0,17,,,17,,0.0,81,              -,0.0,12.0,0.0,,,,10.0,189,,733,0.0,            -,3833,0.0,32,281,196,0.0,,0.0,0.0,14,14.0,,8,0.0,0.0,,,5.0,0.0,8.0,438,81,19,938,0,,0.0,6,532,0,5.0,5.0,31,0.0,6,,,8.0,0.0,59,103,13,0.0,,1250,9,,59,93,1374,8,4,0.0,153,4.0,19,0.0,15.0,24,29,110,20,17,0.0,,0.0,30,,0.0,,,17,0.0,18,,,0.0,,3.0,0.0,,7.0,0.0,9.0,0.0,,0.0,,0.0,9755,        -,0.0,0.0,0.0,0.0,,0.0,0.0,,17,,0.0,18.0,231,41,71,14510,,49,0.0,0.0,105,,9,0.0,,96,111,44,9,5.0,0.0,39,23.0,,,,,,0.0,0.0,20.0,25,0.0,7,,0.0,,,11,599,,,24,,4.0,7.0,30.0,,0.0,0.0,5.0,12.0,44,8,0.0,,13,,6.0,17082,,              -,,22,0.0,0.0,0.0,,7.0,20.0,108,0.0,,,0.0,0.0,21,                 -,,,
1996,Total,14.0,891,13.0,24.0,0.0,,,17.0,31,10.0,,1632,14,10.0,,,77.0,0.0,35.0,37.0,0.0,9.0,106,9.0,8.0,53,,0.0,127,,0.0,28.0,,,,4.0,10.0,595,20.0,3964,,0,8057,0.0,63,517,1324,0.0,8.0,,0.0,73,17.0,5.0,70,0.0,0.0,14.0,,5.0,0.0,28.0,1956,247,34,2493,0,,,19,1056,0,24.0,3.0,55,0.0,11,5.0,,11.0,0.0,116,147,21,12.0,0.0,2106,12,0.0,140,333,2769,14,11,,148,12.0,44,,20.0,54,70,1189,42,37,,16.0,0.0,81,8.0,0.0,7.0,,41,,33,,5.0,,0.0,,,0.0,5.0,0.0,11.0,0.0,,,,0.0,51002,10,0.0,0.0,0.0,3.0,25.0,0.0,,,36,,0.0,23.0,419,43,315,63618,,103,0.0,,165,5.0,91,0.0,6.0,223,209,81,45,13.0,,36,38.0,3.0,,,,,0.0,0.0,17.0,34,,19,13.0,,0.0,8.0,32,2373,15.0,,43,52.0,12.0,12.0,186.0,10.0,,0.0,15.0,8.0,18,17,0.0,6.0,52,12.0,11.0,69680,,,,18,0.0,0.0,0.0,,12.0,0.0,280,0.0,5.0,16.0,,0.0,141,8,9.0,,7.0
1996,Criminal,3.0,491,5.0,6.0,0.0,,,,19,,,397,4,,,,67.0,0.0,5.0,33.0,0.0,5.0,76,9.0,,22,0.0,0.0,30,,0.0,4.0,,0.0,,0.0,3.0,447,13.0,3135,,0,2514,0.0,27,40,1120,0.0,,,0.0,33,3.0,,64,0.0,0.0,4.0,,,0.0,16.0,1487,100,19,1071,0,0.0,,9,458,0,7.0,,21,0.0,3,,,4.0,0.0,45,47,15,12.0,0.0,494,6,0.0,75,220,619,10,5,,20,3.0,20,,7.0,34,31,1009,11,20,,6.0,0.0,35,5.0,0.0,0.0,,22,,15,,,,0.0,0.0,0.0,0.0,,0.0,6.0,0.0,0.0,,0.0,0.0,28943,6,0.0,0.0,0.0,3.0,12.0,0.0,,,20,,0.0,,141,22,246,35039,,35,0.0,,30,,80,0.0,0.0,111,87,22,37,10.0,,7,9.0,,,,,,0.0,0.0,3.0,16,,10,3.0,0.0,0.0,,11,1591,6.0,,18,,12.0,12.0,159.0,6.0,0.0,0.0,3.0,3.0,4,7,0.0,,14,10.0,,38015,,,,8,0.0,0.0,0.0,0.0,5.0,0.0,152,0.0,,12.0,,0.0,75,3,5.0,,6.0
1996,Non-criminal,11.0,400,8.0,18.0,0.0,0.0,0.0,,12,,0.0,1235,10,,0.0,,10.0,0.0,30.0,4.0,0.0,4.0,30,0.0,,31,,0.0,97,,0.0,24.0,0.0,,0.0,4.0,7.0,148,7.0,829,0.0,0,5543,0.0,36,477,204,0.0,,0.0,0.0,40,14.0,,6,0.0,0.0,10.0,,,0.0,12.0,469,147,15,1422,0,,0.0,10,598,0,17.0,,34,0.0,8,,,7.0,0.0,71,100,6,0.0,0.0,1612,6,0.0,65,113,2150,4,6,,128,9.0,24,0.0,13.0,20,39,180,31,17,,10.0,0.0,46,3.0,0.0,7.0,,19,0.0,18,0.0,,0.0,0.0,,,0.0,,0.0,5.0,0.0,,,,0.0,22059,4,0.0,0.0,0.0,0.0,13.0,0.0,,,16,0.0,0.0,,278,21,69,28579,,68,0.0,,135,,11,0.0,6.0,112,122,59,8,3.0,0.0,29,29.0,,,,,,0.0,0.0,14.0,18,0.0,9,10.0,,0.0,,21,782,9.0,,25,,0.0,0.0,27.0,4.0,,0.0,12.0,5.0,14,10,0.0,,38,,,31665,,0,0.0,10,0.0,0.0,0.0,,7.0,0.0,128,0.0,,4.0,,0.0,66,5,4.0,,
1997,Total,9.0,1185,48.0,19.0,0.0,3.0,0.0,26.0,68,11.0,3.0,2428,17,6.0,0.0,,59.0,0.0,62.0,50.0,0.0,6.0,129,12.0,8.0,153,,0.0,329,6,0.0,44.0,,6.0,,10.0,14.0,708,24.0,5592,,,12328,0.0,101,488,2043,0.0,21.0,4.0,0.0,151,26.0,20.0,76,,3.0,62.0,,9.0,,38.0,2694,509,50,3900,0,0.0,5.0,40,1657,0,20.0,,72,0.0,19,,,32.0,5.0,122,167,39,16.0,,3531,20,0.0,221,488,3878,21,32,,293,15.0,61,12.0,43.0,132,117,1801,93,106,5.0,19.0,0.0,123,8.0,0.0,12.0,,53,0.0,45,3.0,8.0,,0.0,7.0,,3.0,18.0,0.0,17.0,0.0,0.0,,,0.0,86238,11,4.0,0.0,0.0,0.0,40.0,3.0,0.0,3.0,34,3.0,0.0,29.0,599,46,395,104868,11.0,148,0.0,,273,11.0,140,,10.0,448,411,151,69,21.0,0.0,95,80.0,3.0,,,,15.0,0.0,,42.0,50,0.0,24,4.0,12.0,,23.0,27,4140,13.0,,51,48.0,21.0,24.0,251.0,18.0,8.0,,19.0,11.0,16,26,0.0,7.0,49,11.0,25.0,114432,,,5.0,40,0.0,0.0,0.0,7.0,38.0,,346,,5.0,16.0,0.0,0.0,234,12,16.0,,
1997,Criminal,3.0,510,4.0,5.0,0.0,,0.0,18.0,28,,3.0,658,7,,0.0,,48.0,0.0,8.0,43.0,0.0,3.0,93,,5.0,21,,0.0,37,3,0.0,6.0,0.0,,0.0,0.0,4.0,397,21.0,3914,,,3998,0.0,46,46,1513,0.0,7.0,0.0,0.0,39,5.0,,66,,0.0,5.0,,,0.0,23.0,1971,141,15,1581,0,0.0,0.0,18,544,0,10.0,,19,0.0,4,,,8.0,,41,44,26,9.0,,836,3,0.0,125,264,1171,10,4,,33,7.0,30,0.0,12.0,66,50,1235,14,43,0.0,6.0,0.0,57,3.0,0.0,,0.0,27,0.0,20,,3.0,,0.0,,,0.0,8.0,0.0,,0.0,0.0,,0.0,0.0,40950,7,0.0,0.0,0.0,0.0,16.0,,0.0,,13,,0.0,8.0,177,27,253,49260,5.0,73,0.0,0.0,65,,101,,,155,171,36,49,17.0,0.0,15,23.0,0.0,,,,8.0,0.0,,,20,0.0,6,0.0,,0.0,,11,2166,5.0,,19,,13.0,20.0,169.0,8.0,3.0,,3.0,4.0,9,11,0.0,,15,3.0,18.0,53214,,,,13,0.0,0.0,0.0,,8.0,,157,,,12.0,0.0,0.0,84,3,5.0,,
1997,Non-criminal,6.0,675,44.0,14.0,0.0,,0.0,8.0,40,,0.0,1770,10,,0.0,,11.0,0.0,54.0,7.0,0.0,3.0,36,,3.0,132,,0.0,292,3,0.0,38.0,,,,10.0,10.0,311,3.0,1678,0.0,,8330,0.0,55,442,530,0.0,14.0,4.0,0.0,112,21.0,,10,,3.0,57.0,,,,15.0,723,368,35,2319,0,0.0,5.0,22,1113,0,10.0,,53,0.0,15,,,24.0,,81,123,13,7.0,0.0,2695,17,0.0,96,224,2707,11,28,0.0,260,8.0,31,12.0,31.0,66,67,566,79,63,5.0,13.0,0.0,66,5.0,0.0,,,26,0.0,25,,5.0,0.0,0.0,,0.0,3.0,10.0,0.0,,0.0,0.0,0.0,,0.0,45288,4,4.0,0.0,0.0,0.0,24.0,,0.0,,21,,0.0,21.0,422,19,142,55608,6.0,75,0.0,,208,,39,0.0,,293,240,115,20,4.0,0.0,80,57.0,3.0,,,,7.0,0.0,,,30,0.0,18,4.0,,,,16,1974,8.0,,32,,8.0,4.0,82.0,10.0,5.0,0.0,16.0,7.0,7,15,0.0,,34,8.0,7.0,61218,,,,27,0.0,0.0,0.0,,30.0,,189,,,4.0,0.0,0.0,150,9,11.0,0.0,
1998,Total,17.0,1442,74.0,31.0,0.0,3.0,4.0,38.0,71,36.0,4.0,2887,37,9.0,0.0,,82.0,,82.0,51.0,,12.0,181,7.0,6.0,189,,0.0,349,,0.0,81.0,12.0,,3.0,21.0,23.0,910,33.0,5509,,,16543,,113,571,1812,0.0,14.0,5.0,0.0,162,49.0,8.0,33,,4.0,155.0,,8.0,,27.0,2518,658,65,5348,,,5.0,37,1956,0,29.0,5.0,78,,5,0.0,,34.0,5.0,150,199,29,25.0,,5152,57,0.0,252,514,5145,20,38,,371,33.0,58,13.0,45.0,87,99,1854,53,88,0.0,22.0,0.0,184,10.0,,7.0,3.0,51,0.0,49,3.0,14.0,0.0,0.0,7.0,0.0,,34.0,0.0,28.0,0.0,0.0,,3.0,,139392,8,0.0,,,,36.0,0.0,,8.0,39,6.0,0.0,28.0,411,37,491,162356,10.0,160,0.0,,390,10.0,144,,7.0,595,508,167,96,20.0,,95,95.0,3.0,,,,7.0,0.0,7.0,55.0,47,0.0,22,7.0,10.0,3.0,22.0,36,4326,17.0,,61,62.0,27.0,22.0,265.0,10.0,5.0,0.0,18.0,13.0,33,25,0.0,7.0,61,7.0,34.0,173146,,6,11.0,53,0.0,0.0,,6.0,35.0,3.0,372,,18.0,30.0,0.0,0.0,244,12,9.0,3.0,10.0
1998,Criminal,5.0,591,6.0,7.0,0.0,0.0,,27.0,43,4.0,4.0,760,11,4.0,0.0,,68.0,0.0,12.0,45.0,0.0,3.0,114,6.0,3.0,25,,0.0,48,,0.0,9.0,,0.0,,,5.0,524,27.0,3705,,,4507,0.0,52,79,1367,0.0,,,0.0,42,10.0,5.0,26,0.0,,16.0,,,0.0,18.0,1705,150,22,1772,,,,16,715,0,14.0,,24,,,0.0,,11.0,0.0,62,57,13,17.0,0.0,1018,9,0.0,147,313,1236,13,16,,52,,26,5.0,17.0,35,47,1224,13,33,0.0,5.0,0.0,56,5.0,,,,25,0.0,35,,4.0,0.0,0.0,,0.0,0.0,10.0,0.0,4.0,0.0,0.0,,,,47945,7,0.0,,,,14.0,0.0,0.0,3.0,22,4.0,0.0,5.0,215,17,284,56682,4.0,78,0.0,0.0,74,9.0,110,,,178,227,43,79,15.0,0.0,18,29.0,0.0,,,,5.0,0.0,,12.0,20,0.0,8,,,0.0,,16,2135,9.0,,22,5.0,22.0,13.0,190.0,3.0,,0.0,3.0,6.0,12,8,0.0,,22,3.0,24.0,60965,,,,14,0.0,0.0,0.0,0.0,3.0,,209,,4.0,11.0,0.0,0.0,110,7,,,
1998,Non-criminal,12.0,851,68.0,24.0,0.0,3.0,,11.0,28,32.0,0.0,2127,26,5.0,0.0,,14.0,,70.0,6.0,,9.0,67,,3.0,164,,0.0,301,,0.0,72.0,,,,,18.0,386,6.0,1804,,0,12036,,61,492,445,0.0,,,0.0,120,39.0,3.0,7,,,139.0,,,,9.0,813,508,43,3576,0,0.0,,21,1241,0,15.0,,54,0.0,,0.0,,23.0,5.0,88,142,16,8.0,,4134,48,0.0,105,201,3909,7,22,,319,,32,8.0,28.0,52,52,630,40,55,0.0,17.0,0.0,128,5.0,,,,26,0.0,14,,10.0,0.0,0.0,,0.0,,24.0,0.0,24.0,0.0,0.0,0.0,,0.0,91447,,0.0,0.0,,0.0,22.0,0.0,,5.0,17,,0.0,23.0,196,20,207,105674,6.0,82,0.0,,316,,34,0.0,6.0,417,281,124,17,5.0,,77,66.0,3.0,,,,,0.0,,43.0,27,0.0,14,,,3.0,,20,2191,8.0,,39,57.0,5.0,9.0,75.0,7.0,,0.0,15.0,7.0,21,17,0.0,,39,4.0,10.0,112181,,,,39,0.0,0.0,,6.0,32.0,,163,,14.0,19.0,0.0,0.0,134,5,,,
1999, Total,31.0,1555,81.0,26.0,,,,42.0,106,37.0,,3334,40,18.0,0.0,89.0,,,68.0,70.0,,12.0,191,5.0,,205,,,667,,,53.0,4.0,,,18.0,33.0,1078,50.0,6534,,,12414,,132,547,2139,,18.0,12.0,,227,45.0,9.0,96,,6.0,,124.0,12.0,,18.0,3273,822,89,4160,,0.0,11.0,47,2184,,45.0,9.0,88,,,,35.0,,9.0,132,206,33,28.0,,3763,66,,287,483,3460,8,49,,390,82.0,81,5.0,32.0,131,118,2046,90,93,13.0,44.0,,245,10.0,3.0,,11.0,76,,41,,24.0,,,16.0,,,59.0,,25.0,,0.0,,5.0,,150383,18.0,,,0.0,,44.0,,,6.0,50,,,20.0,444,34,472,151461,4.0,186,,24.0,451,,169,,21.0,770,579,246,129,,,90,109.0,5.0,15.0,28.0,30.0,16.0,,6.0,50.0,38,,38,13.0,17.0,7.0,34.0,49,5423,,16.0,49,84.0,,,,14.0,8.0,,16.0,11.0,27,49,,7.0,67,12.0,44.0,183114,316.0,,13.0,72,,0.0,,11.0,64.0,3.0,422,,23.0,36.0,4.0,,230,15,16.0,4.0,6.0
1999,Criminal,20.0,620,13.0,6.0,,0.0,,34.0,58,14.0,,1015,13,10.0,0.0,64.0,,,15.0,65.0,0.0,,139,5.0,,28,0.0,,51,,,10.0,0.0,,,0.0,11.0,573,44.0,4613,,,5063,,66,109,1550,,,,,69,12.0,4.0,79,,3.0,,19.0,8.0,,14.0,2372,175,16,2115,,0.0,,19,924,,22.0,4.0,40,,,,11.0,,6.0,66,49,25,21.0,,1096,8,,131,304,1255,3,8,,72,9.0,47,,15.0,43,71,1392,28,38,,15.0,,125,6.0,0.0,0.0,4.0,25,,21,,3.0,,,,,0.0,10.0,,5.0,,0.0,,,,55878,18.0,0.0,,0.0,,21.0,,,,31,,,5.0,259,24,278,56451,,104,,6.0,61,,130,,0.0,202,297,51,107,,,28,33.0,0.0,,21.0,20.0,12.0,,3.0,14.0,16,,11,4.0,3.0,,5.0,21,2392,,11.0,30,11.0,,,,3.0,5.0,,3.0,4.0,3,14,0.0,,32,6.0,32.0,71188,214.0,,,18,,0.0,,4.0,12.0,,252,,6.0,15.0,0.0,,111,9,,,
1999,Non-criminal,11.0,935,68.0,20.0,,,,8.0,48,23.0,,2319,27,8.0,0.0,25.0,,,53.0,5.0,,,52,0.0,,177,,,616,,,43.0,4.0,0.0,,18.0,22.0,505,6.0,1921,,,7351,,66,438,589,,,,,158,33.0,5.0,17,,3.0,,105.0,4.0,,4.0,901,647,73,2045,,0.0,,28,1260,,23.0,5.0,48,,,,24.0,,3.0,66,157,8,7.0,,2667,58,,156,179,2205,5,41,,318,73.0,34,,17.0,88,47,654,62,55,,29.0,,120,4.0,3.0,,7.0,51,,20,,21.0,,,,,,49.0,,20.0,,0.0,,,,94505,0.0,,,0.0,,23.0,,,,19,,,15.0,185,10,194,95010,,82,,18.0,390,0.0,39,,21.0,568,282,195,22,,,62,76.0,5.0,,7.0,10.0,4.0,,3.0,36.0,22,,27,9.0,14.0,,29.0,28,3031,,5.0,19,73.0,,,,11.0,3.0,,13.0,7.0,24,35,,,35,6.0,12.0,111926,102.0,,,54,,0.0,,7.0,52.0,,170,,17.0,21.0,4.0,,119,6,,,
2000, Total,7.0,1593,101.0,33.0,,10.0,,34.0,149,19.0,,3725,44,10.0,0.0,126.0,,,86.0,58.0,,20.0,170,5.0,,99,3.0,,1142,,,55.0,,8.0,,13.0,27.0,1147,32.0,6706,,,15212,,158,679,2139,,21.0,12.0,,328,28.0,10.0,93,,7.0,,144.0,12.0,,13.0,3490,913,102,4736,,,15.0,22,2588,,33.0,5.0,109,,,,40.0,,24.0,187,239,47,32.0,,4543,61,,244,488,4768,17,43,,512,200.0,54,11.0,40.0,166,136,1945,107,113,9.0,46.0,,270,5.0,4.0,10.0,12.0,73,,50,,35.0,,,17.0,,3.0,72.0,,57.0,,3.0,,6.0,,151267,28.0,3.0,,4.0,,48.0,,,9.0,84,,,50.0,513,24,468,152414,15.0,243,,20.0,350,9.0,154,,16.0,773,518,347,130,,,81,130.0,9.0,19.0,31.0,21.0,13.0,,9.0,52.0,42,,24,19.0,20.0,5.0,50.0,40,5940,,15.0,60,151.0,,,,7.0,6.0,,28.0,16.0,25,41,0.0,13.0,84,10.0,62.0,188467,356.0,,9.0,67,,0.0,,17.0,78.0,3.0,449,,46.0,50.0,16.0,,251,7,30.0,6.0,8.0
2000,Criminal,3.0,623,8.0,10.0,,,,27.0,41,9.0,,1021,12,4.0,0.0,109.0,,,8.0,48.0,,13.0,126,,,25,3.0,,73,,,11.0,0.0,0.0,,0.0,5.0,592,28.0,4609,,,5391,,51,103,1430,,7.0,0.0,,58,8.0,5.0,74,,0.0,,26.0,4.0,,9.0,2316,192,25,2145,,,,9,968,,13.0,,34,,,,12.0,,8.0,89,49,31,22.0,,1203,11,,88,384,1486,4,12,,82,8.0,22,6.0,16.0,58,84,1359,39,50,0.0,17.0,,92,,,,0.0,33,,34,,4.0,,,5.0,,0.0,15.0,,6.0,,3.0,,0.0,,57464,28.0,3.0,,,,25.0,,,3.0,50,,,10.0,263,17,277,58056,6.0,128,,10.0,80,9.0,110,,,218,282,72,108,,,13,21.0,0.0,,21.0,13.0,,,3.0,14.0,17,,7,7.0,10.0,0.0,10.0,17,2264,,9.0,19,12.0,,,,3.0,,,6.0,5.0,10,21,0.0,4.0,34,3.0,41.0,73065,209.0,,,25,,0.0,,7.0,11.0,,245,,5.0,14.0,0.0,,126,4,8.0,,
2000,Non-criminal,4.0,970,93.0,23.0,,,,7.0,108,10.0,,2704,32,6.0,0.0,17.0,,,78.0,10.0,0.0,7.0,44,,,74,0.0,,1069,,,44.0,,8.0,,13.0,22.0,555,4.0,2097,,,9821,,107,576,709,,14.0,12.0,,270,20.0,5.0,19,,7.0,,118.0,8.0,,4.0,1174,721,77,2591,,,,13,1620,,20.0,,75,,,,28.0,,16.0,98,190,16,10.0,,3340,50,,156,104,3282,13,31,,430,192.0,32,5.0,24.0,108,52,586,68,63,9.0,29.0,,178,,,,12.0,40,,16,,31.0,,,12.0,,3.0,57.0,,51.0,,0.0,,6.0,,93803,0.0,0.0,,,,23.0,,,6.0,34,,,40.0,250,7,191,94358,9.0,115,,10.0,270,0.0,44,,,555,236,275,22,,,68,109.0,9.0,,10.0,8.0,,,6.0,38.0,25,,17,12.0,10.0,5.0,40.0,23,3676,,6.0,41,139.0,,,,4.0,,,22.0,11.0,15,20,0.0,9.0,50,7.0,21.0,115402,147.0,,,42,,0.0,,10.0,67.0,,204,,41.0,36.0,16.0,,125,3,22.0,,
2001, Total,13.0,1532,115.0,23.0,,13.0,,35.0,264,37.0,,3748,92,16.0,,112.0,,,87.0,48.0,4.0,12.0,185,,,243,9.0,,1693,,,46.0,3.0,4.0,,18.0,15.0,1234,46.0,7341,,,14452,,201,661,2252,,8.0,13.0,,392,28.0,12.0,93,,18.0,,130.0,11.0,,18.0,4033,960,95,3928,,5.0,16.0,22,2674,,39.0,6.0,114,,,,42.0,,29.0,141,227,38,24.0,,4716,60,,134,492,4548,15,86,,511,242.0,45,9.0,57.0,140,130,2046,117,86,,50.0,,274,13.0,,10.0,18.0,56,,46,,38.0,,,23.0,,,91.0,,44.0,,4.0,,6.0,,150762,37.0,4.0,,7.0,,35.0,,,12.0,83,,,64.0,526,23,421,151996,11.0,308,,37.0,412,8.0,157,,14.0,829,497,364,108,,,92,100.0,0.0,20.0,23.0,35.0,10.0,,16.0,72.0,82,,38,30.0,22.0,10.0,40.0,37,6946,,6.0,64,107.0,,,,13.0,5.0,,29.0,13.0,35,48,,11.0,74,9.0,51.0,189026,362.0,,14.0,76,,0.0,,18.0,126.0,3.0,411,,29.0,49.0,32.0,,302,11,20.0,10.0,19.0
2001,Criminal,3.0,585,14.0,8.0,,4.0,,26.0,54,10.0,,1032,17,4.0,0.0,93.0,,,15.0,34.0,0.0,5.0,110,,,16,5.0,,84,,,14.0,,,,,6.0,723,36.0,4368,,,5033,,60,125,1476,,3.0,0.0,,65,10.0,,83,,,,25.0,4.0,,12.0,2184,167,17,1895,,0.0,,13,933,,16.0,,38,,,,15.0,,9.0,60,48,20,13.0,,1169,11,,44,368,1429,8,16,,75,14.0,22,,17.0,38,73,1319,56,47,,19.0,,111,5.0,,5.0,3.0,18,,30,,7.0,,,,,,15.0,,,,4.0,,,,58499,,0.0,,,,17.0,,,,47,,,12.0,256,10,246,59222,5.0,138,,16.0,59,,109,,,178,287,82,83,,,25,48.0,0.0,20.0,13.0,18.0,,,8.0,15.0,30,,10,9.0,3.0,,7.0,15,2229,,3.0,24,7.0,,,,3.0,,,6.0,3.0,7,27,0.0,5.0,32,4.0,36.0,73545,185.0,,4.0,11,,0.0,,8.0,15.0,,217,,5.0,11.0,4.0,,137,8,7.0,,3.0
2001,Non-criminal,10.0,947,101.0,15.0,,9.0,,9.0,210,27.0,,2716,75,12.0,,19.0,,,72.0,14.0,4.0,7.0,75,0.0,,227,4.0,,1609,,,32.0,,,,,9.0,511,10.0,2973,,,9419,,141,536,776,,5.0,13.0,,327,18.0,,10,,,,105.0,7.0,,6.0,1849,793,78,2033,,5.0,,9,1741,,23.0,,76,,,,27.0,,20.0,81,179,18,11.0,,3547,49,,90,124,3119,7,70,,436,228.0,23,,40.0,102,57,727,61,39,,31.0,,163,8.0,,5.0,15.0,38,,16,,31.0,,,,,0.0,76.0,,,,0.0,,,,92263,,4.0,,,,18.0,,,,36,,,52.0,270,13,175,92774,6.0,170,,21.0,353,,48,,,651,210,282,25,,,67,52.0,0.0,0.0,10.0,17.0,,,8.0,57.0,52,,28,21.0,19.0,,33.0,22,4717,,3.0,40,100.0,,,,10.0,,,23.0,10.0,28,21,,6.0,42,5.0,15.0,115481,177.0,,10.0,65,,0.0,,10.0,111.0,,194,,24.0,38.0,28.0,,165,3,13.0,,16.0
2002, Total,13.0,2110,100.0,40.0,,16.0,,40.0,513,65.0,,5111,164,23.0,6.0,134.0,,,121.0,56.0,8.0,24.0,178,,,240,10.0,,2623,,,60.0,7.0,3.0,,24.0,28.0,1075,48.0,7111,,,15593,,168,679,2306,,23.0,23.0,,376,37.0,12.0,76,,26.0,,226.0,16.0,,32.0,3563,729,290,4066,,12.0,28.0,31,3432,,36.0,8.0,187,,,,43.0,,30.0,162,213,47,27.0,,5396,56,,321,513,4946,14,125,,590,207.0,64,13.0,69.0,179,133,2172,104,222,21.0,90.0,,333,15.0,5.0,6.0,15.0,130,,39,,64.0,,,23.0,,5.0,104.0,,46.0,,4.0,,16.0,,122058,33.0,8.0,,20.0,,118.0,,,23.0,101,,,113.0,468,28,471,123133,8.0,418,,33.0,912,6.0,163,,22.0,917,760,374,123,,,110,167.0,4.0,26.0,30.0,39.0,24.0,,40.0,99.0,69,,44,33.0,40.0,,45.0,54,8218,,12.0,82,78.0,,,,24.0,7.0,,34.0,27.0,65,60,,14.0,74,14.0,38.0,165168,403.0,,53.0,135,,0.0,,21.0,181.0,5.0,549,,42.0,85.0,48.0,,287,19,55.0,12.0,25.0
2002,Criminal,5.0,697,10.0,9.0,,,,35.0,70,4.0,,1242,21,5.0,,100.0,,,11.0,49.0,,8.0,116,,,24,6.0,,134,,,15.0,0.0,,,19.0,7.0,601,37.0,4434,,,5060,,43,128,1500,,7.0,,,56,8.0,3.0,64,,4.0,,25.0,,,26.0,2019,162,70,1771,,,,13,991,,19.0,4.0,52,,,,17.0,,7.0,68,40,19,20.0,,1256,13,,243,304,1502,7,13,,93,18.0,22,3.0,15.0,41,58,1556,30,81,3.0,34.0,,128,5.0,0.0,0.0,,43,,27,,10.0,,,6.0,,0.0,16.0,,3.0,,4.0,,,,57099,,,,3.0,,34.0,,,,54,,,19.0,250,16,238,57700,0.0,142,,8.0,136,6.0,109,,0.0,216,311,89,69,,,40,39.0,,23.0,19.0,26.0,15.0,,10.0,19.0,16,,19,3.0,9.0,,23.0,15,2548,,9.0,30,7.0,,,,,4.0,,,6.0,20,19,0.0,,26,,26.0,72818,193.0,,8.0,27,,0.0,,10.0,16.0,,264,,4.0,15.0,4.0,,137,10,14.0,4.0,8.0
2002,Non-criminal,8.0,1413,90.0,31.0,,,,5.0,443,61.0,,3869,143,18.0,,34.0,,,110.0,7.0,,16.0,62,,,216,4.0,,2489,,,45.0,7.0,,,5.0,21.0,474,11.0,2677,,,10533,,125,551,806,,16.0,,,320,29.0,9.0,12,,22.0,,201.0,,,6.0,1544,567,220,2295,,,,18,2441,,17.0,4.0,135,,,,26.0,,23.0,94,173,28,7.0,,4140,43,,78,209,3444,7,112,,497,189.0,42,10.0,54.0,138,75,616,74,141,18.0,56.0,,205,10.0,5.0,6.0,,87,,12,,54.0,,,17.0,,5.0,88.0,,43.0,,0.0,,,,64959,,,,17.0,,84.0,,,,47,,,94.0,218,12,233,65433,8.0,276,,25.0,776,0.0,54,,22.0,701,449,285,54,,,70,128.0,,3.0,11.0,13.0,9.0,,30.0,80.0,53,,25,30.0,31.0,,22.0,39,5670,,3.0,52,71.0,,,,,3.0,,,21.0,45,41,,,48,,12.0,92350,210.0,,45.0,108,,0.0,,11.0,165.0,,285,,38.0,70.0,44.0,,150,9,41.0,8.0,17.0
2003, Total,74.0,2706,208.0,61.0,,15.0,,44.0,552,143.0,,6584,114,17.0,,164.0,,,149.0,61.0,12.0,27.0,179,6.0,,271,25.0,,4046,,,75.0,9.0,7.0,,66.0,48.0,1001,44.0,7637,,,23144,,247,998,2386,,12.0,28.0,,514,46.0,17.0,76,,15.0,,179.0,21.0,,23.0,3472,722,322,5561,,18.0,15.0,77,3816,,58.0,7.0,173,,,,90.0,,67.0,195,306,54,25.0,,7726,73,,356,1154,8182,18,107,,877,325.0,89,28.0,80.0,182,142,2086,119,295,17.0,118.0,,384,27.0,6.0,15.0,23.0,168,,41,,82.0,,,37.0,,4.0,80.0,,33.0,,6.0,,32.0,,155812,29.0,10.0,,44.0,,131.0,,,38.0,119,,,90.0,820,42,640,156814,14.0,371,,39.0,977,7.0,162,,35.0,893,920,335,108,,,154,212.0,5.0,27.0,36.0,24.0,20.0,,55.0,110.0,106,,57,24.0,46.0,7.0,27.0,74,9990,,14.0,97,102.0,,,,42.0,18.0,,43.0,19.0,72,83,,35.0,98,17.0,47.0,211098,445.0,,55.0,156,,0.0,,28.0,198.0,8.0,540,,36.0,161.0,44.0,,303,28,67.0,19.0,17.0
2003,Criminal,32.0,886,17.0,18.0,,,,35.0,91,21.0,,1484,17,3.0,,128.0,,,25.0,50.0,,15.0,117,,,39,17.0,,223,,,12.0,,,,50.0,4.0,511,33.0,4856,,,6313,,69,146,1382,,5.0,,,64,14.0,7.0,44,,,,23.0,5.0,,18.0,2214,187,52,2087,,4.0,,27,1144,,20.0,,49,,,,25.0,,16.0,74,64,25,17.0,,1590,19,,187,532,2029,6,20,,117,15.0,20,3.0,17.0,45,66,1528,31,109,3.0,45.0,,95,12.0,,,,52,,22,,11.0,,,3.0,,0.0,20.0,,3.0,,6.0,,,,64924,,,,,,55.0,,,3.0,76,,,16.0,324,14,341,65435,6.0,140,,9.0,163,7.0,102,,4.0,210,376,72,74,,,36,59.0,0.0,23.0,25.0,17.0,13.0,,13.0,13.0,26,,31,11.0,,,7.0,27,2557,,6.0,49,11.0,,,,9.0,7.0,,10.0,6.0,17,22,,13.0,30,3.0,33.0,82822,225.0,,11.0,25,,0.0,,6.0,26.0,,274,,7.0,26.0,,,132,10,16.0,5.0,4.0
2003,Non-criminal,42.0,1820,191.0,43.0,,,,9.0,461,122.0,,5100,97,14.0,,36.0,,,124.0,11.0,,12.0,62,,,232,8.0,,3823,,,63.0,,,,16.0,44.0,490,11.0,2781,,,16831,,178,852,1004,,7.0,,,450,32.0,10.0,32,,,,156.0,16.0,,5.0,1258,535,270,3474,,14.0,,50,2672,,38.0,,124,,,,65.0,,51.0,121,242,29,8.0,,6136,54,,169,622,6153,12,87,,760,310.0,69,25.0,63.0,137,76,558,88,186,14.0,73.0,,289,15.0,,,,116,,19,,71.0,,,34.0,,4.0,60.0,,30.0,,0.0,,,,90888,,,,,,76.0,,,35.0,43,,,74.0,496,28,299,91379,8.0,231,,30.0,814,0.0,60,,31.0,683,544,263,34,,,118,153.0,5.0,4.0,11.0,7.0,7.0,,42.0,97.0,80,,26,13.0,,,20.0,47,7433,,8.0,48,91.0,,,,33.0,11.0,,33.0,13.0,55,61,0.0,22.0,68,14.0,14.0,128276,220.0,,44.0,131,,0.0,,22.0,172.0,,266,,29.0,135.0,,,171,18,51.0,14.0,13.0
2004, Total,38.0,2662,209.0,54.0,,13.0,,36.0,648,144.0,,6508,62,16.0,9.0,132.0,,,131.0,75.0,20.0,38.0,202,3.0,,336,26.0,,6390,,,84.0,10.0,15.0,,70.0,80.0,1497,42.0,8544,,,27686,,227,1225,2725,,22.0,24.0,,599,35.0,19.0,465,,34.0,,185.0,14.0,,47.0,3760,1116,256,7269,,13.0,14.0,78,3893,,65.0,4.0,121,,,,72.0,,65.0,171,299,36,28.0,,9729,92,,388,878,8752,22,99,,928,361.0,64,26.0,77.0,240,161,2541,93,207,17.0,129.0,,436,13.0,4.0,14.0,23.0,172,,67,,74.0,,,30.0,,7.0,108.0,,47.0,,10.0,,44.0,,175865,37.0,12.0,,42.0,,128.0,,,49.0,88,,,38.0,947,48,557,177401,19.0,300,,108.0,650,7.0,188,,62.0,1121,936,426,120,,,144,223.0,7.0,26.0,50.0,44.0,27.0,,23.0,121.0,117,,62,30.0,47.0,14.0,30.0,72,13618,,17.0,109,94.0,,,,28.0,24.0,,29.0,13.0,72,101,6.0,27.0,96,41.0,50.0,240665,457.0,,39.0,149,,,,30.0,245.0,4.0,490,,53.0,146.0,73.0,,435,33,52.0,22.0,23.0
2004,Criminal,15.0,868,26.0,12.0,,3.0,,26.0,74,39.0,,1514,12,9.0,,98.0,,,22.0,68.0,11.0,11.0,122,0.0,,54,21.0,,765,,,14.0,,3.0,,43.0,16.0,610,32.0,5115,,,8009,,75,149,1500,,,7.0,,75,9.0,8.0,69,,7.0,,19.0,3.0,,16.0,2574,290,62,2794,,,4.0,17,1299,,27.0,,38,,,,17.0,,19.0,100,57,23,19.0,,1963,23,,233,225,2517,6,9,,146,23.0,27,4.0,26.0,66,102,1680,41,80,0.0,49.0,,161,4.0,,,4.0,35,,41,,9.0,,,7.0,,3.0,15.0,,6.0,,,,5.0,,70478,,4.0,,,,45.0,,,4.0,55,,,10.0,410,14,284,71088,6.0,151,,18.0,121,,128,,,314,372,108,78,,,34,68.0,0.0,15.0,18.0,34.0,14.0,,3.0,24.0,24,,22,10.0,6.0,0.0,3.0,32,3457,,9.0,58,8.0,,,,11.0,8.0,,8.0,3.0,26,32,0.0,8.0,30,11.0,37.0,91508,273.0,,12.0,23,,0.0,,9.0,51.0,,262,,7.0,17.0,10.0,,125,19,14.0,8.0,11.0
2004,Non-criminal,23.0,1794,183.0,42.0,,10.0,,10.0,574,105.0,,4994,50,7.0,,34.0,,,109.0,7.0,9.0,27.0,80,3.0,,282,5.0,,5625,,,70.0,,12.0,,27.0,64.0,887,10.0,3429,,,19677,,152,1076,1225,,,17.0,,524,26.0,11.0,396,,27.0,,166.0,11.0,,31.0,1186,826,194,4475,,,10.0,61,2594,,38.0,,83,,,,55.0,,46.0,71,242,13,9.0,,7766,69,,155,653,6235,16,90,,782,338.0,37,22.0,51.0,174,59,861,52,127,17.0,80.0,,275,9.0,,,19.0,137,,26,,65.0,,,23.0,,4.0,93.0,,41.0,,,,39.0,,105387,,8.0,,,,83.0,,,45.0,33,,,28.0,537,34,273,106313,13.0,149,,90.0,529,,60,,,807,564,318,42,,,110,155.0,7.0,11.0,32.0,10.0,13.0,,20.0,97.0,93,,40,20.0,41.0,14.0,27.0,40,10161,,8.0,51,86.0,,,,17.0,16.0,,21.0,10.0,46,69,6.0,19.0,66,30.0,13.0,149157,184.0,,27.0,126,,,,21.0,194.0,,228,,46.0,129.0,63.0,,310,14,38.0,14.0,12.0
2005, Total,37.0,2372,236.0,39.0,,13.0,,34.0,574,120.0,,6167,39,11.0,10.0,153.0,,,145.0,65.0,25.0,19.0,219,,,303,23.0,,7097,,,82.0,11.0,12.0,,51.0,61.0,1561,47.0,8067,,,40773,,225,1252,2594,,18.0,30.0,,676,34.0,11.0,730,,30.0,,107.0,14.0,,28.0,3210,1490,233,8305,,12.0,22.0,94,3592,,74.0,8.0,136,,,,61.0,,35.0,169,218,50,38.0,,14522,92,,396,1204,15572,20,110,,867,375.0,52,24.0,72.0,284,144,2023,46,223,18.0,117.0,,405,13.0,3.0,12.0,28.0,149,,98,,66.0,,,33.0,,10.0,89.0,,34.0,,7.0,,32.0,,169031,24.0,12.0,,27.0,,108.0,,,38.0,103,,,35.0,1292,34,480,170629,8.0,247,,98.0,655,6.0,187,,57.0,1220,755,449,123,,,133,189.0,15.0,24.0,50.0,44.0,21.0,,20.0,91.0,145,,60,30.0,37.0,8.0,40.0,73,14535,,22.0,66,85.0,,,,17.0,24.0,,34.0,17.0,59,68,4.0,18.0,75,27.0,41.0,246431,455.0,,39.0,184,,3.0,,24.0,168.0,,431,,49.0,157.0,56.0,,398,27,76.0,16.0,34.0
2005,Criminal,21.0,770,33.0,10.0,,0.0,,27.0,98,33.0,,1433,12,,,122.0,,,21.0,57.0,6.0,7.0,122,,,62,15.0,,1433,,,17.0,3.0,5.0,,28.0,9.0,590,39.0,5149,,,8091,,63,156,1393,,,,,86,5.0,4.0,45,,,,11.0,6.0,,17.0,2370,375,47,2808,,,4.0,19,1200,,19.0,0.0,47,,,,17.0,,16.0,79,76,24,27.0,,1935,24,,260,593,2659,7,12,,137,19.0,19,8.0,14.0,89,75,1506,15,82,4.0,33.0,,120,5.0,,4.0,7.0,41,,70,,17.0,,,,,4.0,12.0,,5.0,,7.0,,0.0,,70178,24.0,4.0,,,,41.0,,,8.0,65,,,12.0,357,9,238,70768,3.0,131,,11.0,112,6.0,124,,11.0,302,372,135,79,,,29,54.0,,21.0,19.0,32.0,15.0,,6.0,22.0,35,,15,12.0,4.0,3.0,5.0,23,4181,,14.0,31,4.0,,,,5.0,7.0,,12.0,6.0,16,20,,5.0,30,4.0,36.0,91725,313.0,,12.0,23,,0.0,,5.0,47.0,0.0,230,,,22.0,7.0,,155,14,24.0,4.0,5.0
2005,Non-criminal,16.0,1602,203.0,29.0,,13.0,,7.0,476,87.0,,4734,27,,,31.0,,,124.0,8.0,19.0,12.0,97,,,241,8.0,,5664,,,65.0,8.0,7.0,,23.0,52.0,971,8.0,2918,,,32682,,162,1096,1201,,,,,590,29.0,7.0,685,,,,96.0,8.0,,11.0,840,1115,186,5497,,,18.0,75,2392,,55.0,8.0,89,,,,44.0,,19.0,90,142,26,11.0,,12587,68,,136,611,12913,13,98,,730,356.0,33,16.0,58.0,195,69,517,31,141,14.0,84.0,,285,8.0,,8.0,21.0,108,,28,,49.0,,,,,6.0,77.0,,29.0,,0.0,,32.0,,98853,0.0,8.0,,,,67.0,,,30.0,38,,,23.0,935,25,242,99861,5.0,116,,87.0,543,0.0,63,,46.0,918,383,314,44,,,104,135.0,,3.0,31.0,12.0,6.0,,14.0,69.0,110,,45,18.0,33.0,5.0,35.0,50,10354,,8.0,35,81.0,,,,12.0,17.0,,22.0,11.0,43,48,,13.0,45,23.0,5.0,154706,142.0,,27.0,161,,3.0,,19.0,121.0,,201,,,135.0,49.0,,243,13,52.0,12.0,29.0
2006, Total,20.0,2103,252.0,41.0,,16.0,,40.0,457,97.0,,6152,54,10.0,6.0,91.0,,,151.0,46.0,24.0,14.0,211,11.0,,352,42.0,,4217,,,64.0,17.0,14.0,,27.0,60.0,1413,37.0,6515,,,62298,,245,1362,2788,,23.0,26.0,,795,41.0,15.0,124,,34.0,,68.0,8.0,,28.0,3107,1750,172,11050,,10.0,23.0,105,3369,,47.0,6.0,123,,,,43.0,,42.0,158,187,35,27.0,,20527,78,,289,907,27060,15,75,,1048,388.0,59,21.0,54.0,197,144,1662,53,190,15.0,97.0,,452,6.0,,12.0,19.0,154,,64,,63.0,,,38.0,,,66.0,,24.0,,,,46.0,,186726,30.0,12.0,,48.0,,90.0,,,30.0,89,,,32.0,2446,30,418,188151,15.0,219,,72.0,567,11.0,209,,59.0,1338,658,450,146,,,188,169.0,3.0,25.0,35.0,21.0,7.0,,23.0,124.0,105,,35,16.0,35.0,3.0,39.0,69,12103,,8.0,59,82.0,,,,22.0,21.0,,25.0,15.0,70,86,,20.0,73,23.0,32.0,280974,398.0,,33.0,158,,0.0,,26.0,174.0,10.0,385,,64.0,142.0,48.0,,444,41,47.0,14.0,26.0
2006,Criminal,12.0,705,31.0,18.0,,,,32.0,85,28.0,,1223,21,,,68.0,,,22.0,40.0,6.0,5.0,113,4.0,,62,28.0,,563,,,11.0,,0.0,,11.0,9.0,537,29.0,4353,,,13972,,60,134,1322,,7.0,3.0,,95,7.0,6.0,41,,,,14.0,3.0,,14.0,2277,435,33,3731,,3.0,3.0,49,1118,,18.0,,38,,,,8.0,,7.0,64,68,19,20.0,,3649,16,,177,300,5674,8,13,,161,25.0,19,4.0,12.0,55,76,1260,13,82,3.0,32.0,,124,,,,4.0,39,,40,,15.0,,,6.0,,0.0,10.0,,4.0,,,,3.0,,72157,30.0,8.0,,3.0,,26.0,,,7.0,51,,,11.0,593,8,207,72694,5.0,119,,12.0,98,,117,,6.0,305,271,114,99,,,55,43.0,,22.0,14.0,14.0,3.0,,4.0,22.0,29,,15,3.0,5.0,,7.0,26,3174,,5.0,25,8.0,,,,6.0,7.0,,7.0,10.0,20,11,0.0,5.0,17,6.0,23.0,97365,251.0,,9.0,21,,0.0,,6.0,44.0,0.0,207,,7.0,19.0,4.0,,133,22,16.0,7.0,11.0
2006,Non-criminal,8.0,1398,221.0,23.0,,,,8.0,372,69.0,,4929,33,,,23.0,,,129.0,6.0,18.0,9.0,98,7.0,,290,14.0,,3654,,,53.0,,14.0,,16.0,51.0,876,8.0,2162,,,48326,,185,1228,1466,,16.0,23.0,,700,34.0,9.0,83,,,,54.0,5.0,,14.0,830,1315,139,7319,,7.0,20.0,56,2251,,29.0,,85,,,,35.0,,35.0,94,119,16,7.0,,16878,62,,112,607,21386,7,62,,887,363.0,40,17.0,42.0,142,68,402,40,108,12.0,65.0,,328,,,,15.0,115,,24,,48.0,,,32.0,,,56.0,,20.0,,0.0,,43.0,,114569,0.0,4.0,,45.0,,64.0,,,23.0,38,,,21.0,1853,22,211,115457,10.0,100,,60.0,469,,92,,53.0,1033,387,336,47,,,133,126.0,,3.0,21.0,7.0,4.0,,19.0,102.0,76,,20,13.0,30.0,,32.0,43,8929,,3.0,34,74.0,,,,16.0,14.0,,18.0,5.0,50,75,,15.0,56,17.0,9.0,183609,147.0,,24.0,137,,0.0,,20.0,130.0,10.0,178,,57.0,123.0,44.0,,311,19,31.0,7.0,15.0
2007, Total,27.0,2112,246.0,27.0,,17.0,,45.0,395,74.0,,5538,52,13.0,8.0,97.0,,,138.0,40.0,21.0,17.0,233,7.0,,382,42.0,,4210,,,80.0,13.0,22.0,,29.0,63.0,1263,61.0,6763,,,79060,,237,864,2993,,17.0,17.0,,655,30.0,13.0,76,,41.0,,52.0,14.0,,49.0,2990,1564,145,20045,,11.0,21.0,150,3371,,45.0,,100,,,,35.0,,53.0,165,231,30,28.0,,25898,66,,293,1492,29737,28,85,,832,434.0,48,27.0,57.0,246,158,1490,38,212,19.0,126.0,,417,7.0,4.0,19.0,19.0,128,,69,,77.0,,,34.0,,7.0,65.0,,35.0,,10.0,,21.0,,208996,43.0,16.0,,46.0,,88.0,,,43.0,75,,,35.0,2307,40,435,210259,9.0,248,,57.0,545,6.0,185,,49.0,1208,697,410,124,,,200,188.0,6.0,14.0,46.0,26.0,23.0,,31.0,79.0,137,,51,16.0,44.0,9.0,19.0,45,11988,,5.0,65,60.0,,,,13.0,12.0,,35.0,16.0,40,126,,23.0,91,23.0,32.0,319382,363.0,,23.0,155,,3.0,,31.0,162.0,5.0,378,,43.0,163.0,46.0,,482,27,64.0,25.0,29.0
2007,Criminal,11.0,776,23.0,6.0,,3.0,,38.0,73,34.0,,1186,22,7.0,,75.0,,,25.0,33.0,3.0,4.0,116,3.0,,39,31.0,,328,,,22.0,4.0,,,18.0,8.0,521,50.0,4315,,,13972,,71,98,1226,,4.0,5.0,,78,4.0,6.0,32,,9.0,,7.0,3.0,,30.0,2108,350,25,4669,,7.0,8.0,79,1026,,20.0,0.0,23,,,,11.0,,17.0,64,86,14,20.0,,3477,17,,193,523,5032,4,10,,125,39.0,10,3.0,19.0,55,70,1160,11,65,,33.0,,128,0.0,,,3.0,35,,42,,16.0,,,8.0,,,22.0,,4.0,,10.0,,3.0,,75243,38.0,5.0,,5.0,,29.0,,,5.0,39,,,13.0,498,19,235,75764,4.0,150,,14.0,113,6.0,102,,4.0,283,289,115,80,,,37,51.0,,,27.0,16.0,13.0,,10.0,14.0,31,,14,6.0,6.0,,3.0,12,2732,,,26,6.0,,,,5.0,8.0,,9.0,4.0,9,16,0.0,8.0,13,8.0,26.0,99924,240.0,,5.0,32,,0.0,,8.0,35.0,0.0,167,,3.0,30.0,7.0,,127,10,17.0,12.0,
2007,Non-criminal,16.0,1336,223.0,21.0,,14.0,,7.0,322,40.0,,4352,30,6.0,,22.0,,,113.0,7.0,18.0,13.0,117,4.0,,343,11.0,,3882,,,58.0,9.0,,,11.0,55.0,742,11.0,2448,,,65088,,166,766,1767,,13.0,12.0,,577,26.0,7.0,44,,32.0,,45.0,11.0,,19.0,882,1214,120,15376,,4.0,13.0,71,2345,,25.0,,77,,,,24.0,,36.0,101,145,16,8.0,,22421,49,,100,969,24705,24,75,,707,395.0,38,24.0,38.0,191,88,330,27,147,,93.0,,289,7.0,,,16.0,93,,27,,61.0,,,26.0,,,43.0,,31.0,,0.0,,18.0,,133753,5.0,11.0,,41.0,,59.0,,,38.0,36,,,22.0,1809,21,200,134495,5.0,98,,43.0,432,0.0,83,,45.0,925,408,295,44,,,163,137.0,,,19.0,10.0,10.0,,21.0,65.0,106,,37,10.0,38.0,,16.0,33,9256,,,39,54.0,,,,8.0,4.0,,26.0,12.0,31,110,,15.0,78,15.0,6.0,219458,123.0,,18.0,123,,3.0,,23.0,127.0,5.0,211,,40.0,133.0,39.0,,355,17,47.0,13.0,
2008, Total,24.0,1999,314.0,20.0,,16.0,,28.0,405,81.0,,5338,48,18.0,8.0,106.0,,,108.0,43.0,23.0,21.0,218,13.0,,281,45.0,,3814,,,69.0,18.0,10.0,,38.0,65.0,1317,35.0,7361,,,79823,,214,789,2480,,31.0,20.0,,687,40.0,23.0,63,,52.0,,54.0,17.0,,35.0,3258,2320,157,20031,,10.0,24.0,79,4095,,67.0,12.0,154,,,,26.0,,53.0,180,198,49,27.0,,27594,69,,290,1570,28851,23,94,,871,479.0,37,38.0,79.0,259,216,1641,88,157,24.0,135.0,,435,10.0,10.0,18.0,21.0,106,,26,,66.0,,,57.0,,9.0,50.0,,33.0,,15.0,,24.0,,246851,64.0,44.0,,50.0,,60.0,,,44.0,95,,,38.0,2250,38,435,248176,20.0,301,,96.0,365,10.0,192,,40.0,1271,681,486,159,,,212,225.0,8.0,14.0,31.0,23.0,19.0,,30.0,85.0,159,,27,21.0,34.0,4.0,19.0,55,11704,,9.0,96,108.0,,,,16.0,13.0,,38.0,20.0,44,79,10.0,40.0,100,29.0,39.0,358886,484.0,,36.0,189,,12.0,,28.0,178.0,4.0,480,,89.0,176.0,54.0,,400,30,44.0,19.0,36.0
2008,Criminal,11.0,626,31.0,4.0,,,,23.0,78,42.0,,1288,15,4.0,,83.0,,,18.0,40.0,7.0,4.0,111,3.0,,44,32.0,,354,,,11.0,5.0,,,23.0,13.0,476,26.0,4343,,,14634,,65,193,1098,,5.0,5.0,,128,10.0,8.0,34,,10.0,,10.0,3.0,,21.0,2128,430,37,4795,,4.0,5.0,34,1168,,22.0,4.0,29,,,,7.0,,13.0,67,55,24,17.0,,4061,14,,186,422,4944,7,17,,159,68.0,12,8.0,20.0,39,76,1246,21,47,6.0,31.0,,118,0.0,3.0,4.0,8.0,26,,9,,11.0,,,7.0,,0.0,11.0,,7.0,,,,,,71650,,9.0,,8.0,,29.0,,,8.0,33,,,12.0,495,7,213,72126,6.0,177,,24.0,73,,100,,5.0,313,294,106,90,,,51,66.0,3.0,10.0,15.0,12.0,14.0,,10.0,22.0,27,,7,3.0,3.0,,,18,2745,,5.0,28,11.0,,,,6.0,4.0,,8.0,6.0,11,26,3.0,13.0,26,4.0,29.0,97133,276.0,,8.0,30,,5.0,,8.0,60.0,0.0,201,,26.0,49.0,9.0,,119,9,10.0,6.0,
2008,Non-criminal,13.0,1373,283.0,16.0,,,,5.0,327,39.0,,4050,33,14.0,,23.0,,,90.0,3.0,16.0,17.0,107,10.0,,237,13.0,,3460,,,58.0,13.0,,,15.0,52.0,841,9.0,3018,,,65189,,149,596,1382,,26.0,15.0,,559,30.0,15.0,29,,42.0,,44.0,14.0,,14.0,1130,1890,120,15236,,6.0,19.0,45,2927,,45.0,8.0,125,,,,19.0,,40.0,113,143,25,10.0,,23533,55,,104,1148,23907,16,77,,712,411.0,25,30.0,59.0,220,140,395,67,110,18.0,104.0,,317,10.0,7.0,14.0,13.0,80,,17,,55.0,,,50.0,,9.0,39.0,,26.0,,,,,,175201,,35.0,,42.0,,31.0,,,36.0,62,,,26.0,1755,31,222,176050,14.0,124,,72.0,292,,92,,35.0,958,387,380,69,,,161,159.0,5.0,4.0,16.0,11.0,5.0,,20.0,63.0,132,,20,18.0,31.0,,,37,8959,,4.0,68,97.0,,,,10.0,9.0,,30.0,14.0,33,53,7.0,27.0,74,25.0,10.0,261753,208.0,,28.0,159,,7.0,,20.0,118.0,4.0,279,,63.0,127.0,45.0,,281,21,34.0,13.0,
