,Total,Alabama,Alaska,Arizona,Arkansas,California,Colorado,Connecticut,Delaware,District of Columbia,Florida,Georgia,Guam,Hawaii,Idaho,Illinois,Indiana,Iowa,Kansas,Kentucky,Louisiana,Maine,Maryland,Massachusetts,Michigan,Minnesota,Mississippi,Missouri,Montana,Nebraska,Nevada,New Hampshire,New Jersey,New Mexico,New York,North Carolina,North Dakota,Ohio,Oklahoma,Oregon,Pennsylvania,Puerto Rico,Rhode Island,South Carolina,South Dakota,Tennessee,Texas,U.S. Armed Services Posts,U.S. Territories,Utah,Vermont,Virginia,Washington,West Virginia,Wisconsin,Wyoming
Total,1107126.0,3877.0,1534.0,20638.0,2997.0,238444.0,12741.0,12190.0,2295.0,2652.0,133445.0,27769.0,1305.0,6572.0,2766.0,42723.0,8028.0,3696.0,5344.0,5315.0,4011.0,1617.0,27062.0,30369.0,17947.0,15832.0,1679.0,7078.0,543.0,3668.0,11768.0,2466.0,53997.0,3509.0,143679.0,15174.0,662.0,14595.0,4306.0,9028.0,23646.0,3287.0,3735.0,4241.0,773.0,8348.0,89811.0,73.0,1044.0,6087.0,771.0,30257.0,23170.0,798.0,7306.0,458.0
Africa,105915.0,332.0,68.0,1711.0,116.0,7783.0,1799.0,1004.0,445.0,870.0,2786.0,5248.0,,49.0,240.0,3156.0,1148.0,599.0,583.0,985.0,280.0,740.0,8406.0,5543.0,1673.0,7659.0,148.0,1076.0,42.0,811.0,668.0,445.0,5144.0,112.0,11020.0,2411.0,259.0,4302.0,390.0,682.0,3989.0,,939.0,358.0,281.0,2167.0,7458.0,8.0,13.0,596.0,159.0,5526.0,2857.0,92.0,707.0,22.0
Asia,383608.0,1680.0,813.0,4417.0,902.0,111555.0,3385.0,3762.0,805.0,543.0,12287.0,8762.0,1269.0,5648.0,561.0,15259.0,2968.0,1242.0,1881.0,1490.0,1705.0,389.0,9203.0,9559.0,9454.0,4776.0,768.0,2897.0,186.0,894.0,3906.0,890.0,21182.0,679.0,54350.0,5259.0,197.0,5404.0,1519.0,3284.0,9287.0,149.0,654.0,1360.0,232.0,2954.0,24506.0,36.0,205.0,1440.0,202.0,13119.0,10267.0,361.0,2968.0,138.0
Europe,119138.0,507.0,267.0,1673.0,224.0,18496.0,1779.0,2444.0,224.0,411.0,8637.0,2972.0,13.0,276.0,535.0,8830.0,1082.0,397.0,372.0,831.0,448.0,243.0,2506.0,4420.0,3323.0,1170.0,158.0,1325.0,125.0,230.0,904.0,487.0,5855.0,261.0,19528.0,1927.0,102.0,2479.0,358.0,1779.0,4349.0,125.0,306.0,859.0,81.0,868.0,4944.0,11.0,25.0,664.0,260.0,3050.0,4606.0,144.0,1155.0,93.0
North America,393253.0,1074.0,275.0,12137.0,1624.0,91278.0,5069.0,2989.0,648.0,575.0,77304.0,7943.0,,243.0,1263.0,13634.0,2386.0,1335.0,2229.0,1743.0,1227.0,197.0,4892.0,7140.0,2981.0,1599.0,495.0,1416.0,145.0,1589.0,5730.0,424.0,12473.0,2333.0,40904.0,4128.0,81.0,1658.0,1789.0,2922.0,4612.0,2395.0,1399.0,1141.0,156.0,1906.0,48349.0,,778.0,2273.0,99.0,5274.0,4581.0,141.0,2088.0,172.0
Oceania,5263.0,25.0,51.0,83.0,11.0,1900.0,120.0,66.0,10.0,25.0,170.0,96.0,14.0,193.0,42.0,116.0,38.0,17.0,34.0,23.0,18.0,9.0,62.0,90.0,59.0,52.0,5.0,57.0,14.0,6.0,79.0,10.0,108.0,10.0,391.0,63.0,5.0,55.0,24.0,110.0,80.0,,10.0,15.0,,36.0,254.0,0.0,3.0,170.0,7.0,104.0,275.0,4.0,30.0,10.0
South America,98555.0,255.0,58.0,597.0,118.0,7200.0,578.0,1910.0,162.0,223.0,32062.0,2707.0,,161.0,121.0,1651.0,391.0,105.0,240.0,232.0,310.0,39.0,1944.0,3590.0,420.0,563.0,103.0,293.0,31.0,134.0,477.0,200.0,9182.0,110.0,17332.0,1357.0,18.0,651.0,215.0,243.0,1283.0,604.0,425.0,505.0,19.0,388.0,4210.0,,18.0,941.0,44.0,3151.0,564.0,54.0,339.0,22.0
Afghanistan,2813.0,6.0,0.0,94.0,,885.0,51.0,17.0,5.0,8.0,35.0,57.0,0.0,,24.0,50.0,22.0,8.0,17.0,26.0,7.0,,60.0,35.0,19.0,19.0,0.0,90.0,0.0,33.0,20.0,,52.0,12.0,291.0,17.0,,19.0,6.0,12.0,60.0,0.0,,11.0,3.0,37.0,131.0,,0.0,24.0,,443.0,78.0,,12.0,6.0
Albania,5754.0,3.0,,36.0,6.0,58.0,15.0,378.0,7.0,13.0,464.0,13.0,0.0,0.0,6.0,337.0,11.0,5.0,0.0,7.0,,13.0,34.0,640.0,781.0,5.0,7.0,68.0,0.0,,59.0,24.0,318.0,3.0,1580.0,24.0,0.0,161.0,6.0,5.0,405.0,,9.0,19.0,,19.0,95.0,0.0,0.0,6.0,,34.0,13.0,0.0,59.0,0.0
Algeria,1037.0,4.0,,9.0,0.0,157.0,9.0,18.0,,6.0,40.0,19.0,0.0,3.0,0.0,59.0,15.0,4.0,13.0,8.0,27.0,,19.0,80.0,24.0,14.0,0.0,,,,,4.0,44.0,0.0,149.0,21.0,,44.0,,,86.0,0.0,3.0,,,4.0,64.0,0.0,0.0,,0.0,58.0,7.0,,6.0,
American Samoa,14.0,0.0,0.0,0.0,0.0,,0.0,0.0,0.0,0.0,0.0,0.0,0.0,7.0,0.0,0.0,0.0,0.0,0.0,0.0,0.0,0.0,0.0,0.0,0.0,0.0,0.0,0.0,0.0,0.0,0.0,0.0,0.0,0.0,0.0,0.0,0.0,0.0,0.0,0.0,,0.0,0.0,0.0,0.0,0.0,0.0,0.0,0.0,,0.0,0.0,3.0,0.0,0.0,0.0
Andorra,,0.0,0.0,0.0,0.0,0.0,0.0,0.0,0.0,0.0,0.0,0.0,0.0,0.0,0.0,0.0,0.0,0.0,0.0,0.0,0.0,0.0,0.0,0.0,0.0,0.0,0.0,0.0,0.0,0.0,0.0,0.0,0.0,0.0,,0.0,0.0,0.0,0.0,0.0,0.0,0.0,0.0,0.0,0.0,0.0,0.0,0.0,0.0,0.0,0.0,0.0,0.0,0.0,0.0,0.0
Angola,221.0,0.0,0.0,3.0,0.0,11.0,,,0.0,3.0,11.0,4.0,0.0,0.0,0.0,3.0,,0.0,,,0.0,0.0,8.0,67.0,0.0,,0.0,0.0,0.0,0.0,0.0,,7.0,0.0,7.0,10.0,0.0,0.0,,,4.0,,9.0,,0.0,0.0,46.0,0.0,0.0,3.0,0.0,11.0,0.0,0.0,,0.0
Anguilla,22.0,0.0,0.0,0.0,0.0,,0.0,0.0,0.0,,,,0.0,0.0,0.0,0.0,0.0,0.0,0.0,0.0,0.0,0.0,0.0,0.0,0.0,0.0,0.0,0.0,0.0,0.0,0.0,0.0,,0.0,6.0,0.0,0.0,0.0,0.0,0.0,0.0,0.0,0.0,0.0,0.0,0.0,0.0,0.0,6.0,0.0,0.0,0.0,0.0,0.0,0.0,0.0
Antigua-Barbuda,444.0,,0.0,0.0,0.0,4.0,0.0,10.0,,0.0,76.0,12.0,0.0,,0.0,,,0.0,0.0,0.0,,0.0,15.0,14.0,0.0,3.0,0.0,0.0,0.0,0.0,0.0,0.0,27.0,0.0,183.0,5.0,0.0,,,0.0,15.0,,,0.0,0.0,0.0,7.0,0.0,56.0,0.0,0.0,,0.0,,0.0,0.0
Argentina,5353.0,8.0,5.0,42.0,13.0,642.0,55.0,64.0,13.0,30.0,2046.0,94.0,0.0,24.0,11.0,87.0,28.0,7.0,6.0,15.0,17.0,3.0,111.0,96.0,22.0,40.0,,21.0,,5.0,48.0,6.0,260.0,11.0,514.0,65.0,,54.0,14.0,17.0,83.0,77.0,9.0,26.0,0.0,23.0,299.0,0.0,3.0,82.0,4.0,192.0,26.0,3.0,28.0,0.0
Armenia,3586.0,,0.0,9.0,,2772.0,27.0,6.0,0.0,4.0,54.0,11.0,0.0,0.0,0.0,20.0,3.0,0.0,0.0,6.0,,,31.0,83.0,19.0,5.0,,,0.0,3.0,47.0,5.0,66.0,,181.0,5.0,0.0,29.0,7.0,13.0,20.0,0.0,6.0,4.0,0.0,5.0,46.0,0.0,0.0,9.0,0.0,27.0,36.0,,15.0,0.0
Aruba,36.0,0.0,0.0,0.0,0.0,3.0,0.0,0.0,0.0,0.0,15.0,0.0,0.0,0.0,0.0,,,0.0,0.0,0.0,0.0,0.0,,,0.0,0.0,0.0,,0.0,0.0,0.0,0.0,0.0,0.0,6.0,0.0,0.0,0.0,0.0,0.0,,0.0,0.0,,0.0,0.0,,0.0,,0.0,0.0,0.0,,0.0,0.0,0.0
Australia,2464.0,15.0,8.0,33.0,8.0,526.0,74.0,49.0,9.0,17.0,109.0,70.0,5.0,27.0,9.0,75.0,30.0,12.0,22.0,11.0,12.0,4.0,43.0,63.0,44.0,38.0,3.0,23.0,9.0,3.0,28.0,5.0,73.0,6.0,305.0,41.0,4.0,43.0,14.0,29.0,55.0,,7.0,10.0,,30.0,183.0,0.0,,45.0,5.0,77.0,117.0,4.0,22.0,6.0
Austria,443.0,,,7.0,0.0,82.0,9.0,5.0,0.0,3.0,38.0,11.0,0.0,3.0,,17.0,6.0,,,,,,12.0,11.0,9.0,3.0,0.0,3.0,0.0,0.0,,3.0,14.0,4.0,85.0,15.0,0.0,10.0,0.0,4.0,16.0,0.0,,4.0,0.0,4.0,20.0,0.0,,,0.0,10.0,13.0,0.0,5.0,0.0
Azerbaijan,1071.0,0.0,0.0,14.0,,333.0,10.0,4.0,,,46.0,18.0,0.0,0.0,7.0,20.0,7.0,8.0,,4.0,6.0,4.0,33.0,19.0,19.0,8.0,,11.0,0.0,6.0,9.0,,21.0,0.0,221.0,9.0,0.0,17.0,,18.0,25.0,0.0,,,0.0,,64.0,0.0,0.0,13.0,,27.0,44.0,3.0,8.0,
Bahamas,682.0,8.0,,,,5.0,,8.0,0.0,,409.0,65.0,0.0,0.0,,6.0,5.0,,0.0,0.0,4.0,0.0,16.0,7.0,11.0,,,3.0,0.0,4.0,0.0,,9.0,0.0,38.0,9.0,0.0,6.0,3.0,0.0,10.0,0.0,0.0,6.0,0.0,,20.0,0.0,,,0.0,6.0,,3.0,0.0,0.0
Bahrain,96.0,,0.0,4.0,0.0,19.0,,3.0,,0.0,,3.0,0.0,0.0,0.0,6.0,0.0,0.0,,0.0,0.0,0.0,0.0,,,,0.0,,0.0,0.0,0.0,3.0,6.0,0.0,16.0,0.0,0.0,,0.0,0.0,3.0,0.0,0.0,3.0,0.0,0.0,12.0,0.0,0.0,0.0,0.0,,,0.0,0.0,0.0
Bangladesh,11753.0,41.0,6.0,59.0,23.0,736.0,14.0,190.0,29.0,17.0,537.0,340.0,0.0,4.0,7.0,166.0,29.0,6.0,34.0,24.0,20.0,6.0,255.0,172.0,495.0,64.0,11.0,36.0,0.0,17.0,34.0,5.0,784.0,6.0,5744.0,31.0,,109.0,46.0,20.0,344.0,4.0,9.0,12.0,5.0,49.0,663.0,0.0,8.0,,0.0,480.0,46.0,3.0,10.0,0.0
Barbados,585.0,0.0,0.0,,0.0,10.0,0.0,3.0,,,73.0,21.0,0.0,0.0,0.0,3.0,,,0.0,,0.0,0.0,16.0,25.0,,4.0,0.0,,0.0,0.0,,,37.0,0.0,323.0,0.0,0.0,6.0,0.0,0.0,16.0,0.0,0.0,,0.0,,18.0,0.0,,0.0,0.0,10.0,,,0.0,0.0
Belarus,2390.0,4.0,,23.0,,335.0,63.0,53.0,15.0,5.0,130.0,42.0,0.0,3.0,7.0,158.0,13.0,,4.0,4.0,3.0,,47.0,127.0,32.0,74.0,,11.0,0.0,,7.0,4.0,162.0,,479.0,46.0,0.0,43.0,,31.0,105.0,0.0,8.0,19.0,,13.0,52.0,0.0,0.0,6.0,,81.0,122.0,0.0,39.0,6.0
Belgium,642.0,6.0,0.0,7.0,,108.0,7.0,14.0,4.0,9.0,55.0,28.0,0.0,,,18.0,13.0,,,,6.0,0.0,15.0,33.0,6.0,,,0.0,0.0,3.0,,3.0,33.0,4.0,80.0,10.0,0.0,15.0,,5.0,24.0,,4.0,8.0,0.0,11.0,51.0,0.0,0.0,4.0,,17.0,15.0,0.0,6.0,0.0
Belize,1077.0,8.0,0.0,9.0,3.0,410.0,7.0,3.0,0.0,,78.0,10.0,0.0,,0.0,119.0,4.0,3.0,,5.0,6.0,0.0,7.0,5.0,6.0,,,4.0,0.0,,12.0,0.0,25.0,,183.0,12.0,,,,5.0,7.0,0.0,,,0.0,10.0,90.0,0.0,0.0,0.0,,15.0,9.0,,,0.0
Benin,317.0,0.0,0.0,4.0,0.0,6.0,5.0,3.0,0.0,,5.0,22.0,0.0,0.0,0.0,35.0,18.0,,0.0,0.0,0.0,3.0,44.0,16.0,7.0,7.0,,,0.0,18.0,3.0,0.0,9.0,0.0,30.0,9.0,,4.0,,0.0,21.0,0.0,,7.0,0.0,,5.0,0.0,0.0,,,19.0,3.0,0.0,0.0,0.0
Bermuda,92.0,3.0,0.0,,,4.0,0.0,,0.0,,12.0,5.0,0.0,0.0,0.0,,0.0,0.0,,0.0,0.0,0.0,4.0,3.0,0.0,0.0,0.0,0.0,0.0,0.0,,0.0,7.0,0.0,7.0,9.0,,,0.0,0.0,7.0,0.0,,4.0,0.0,0.0,4.0,0.0,0.0,,0.0,10.0,,0.0,0.0,0.0
Bhutan,42.0,0.0,0.0,0.0,0.0,6.0,0.0,0.0,0.0,0.0,,9.0,0.0,0.0,0.0,0.0,0.0,0.0,0.0,0.0,0.0,,0.0,,0.0,5.0,0.0,0.0,,0.0,0.0,,0.0,0.0,5.0,0.0,0.0,0.0,0.0,0.0,0.0,0.0,0.0,0.0,0.0,,4.0,0.0,0.0,0.0,0.0,4.0,,0.0,0.0,0.0
Bolivia,2436.0,,,6.0,5.0,170.0,14.0,19.0,0.0,13.0,357.0,17.0,0.0,0.0,,40.0,7.0,0.0,7.0,,6.0,,200.0,50.0,10.0,12.0,,7.0,0.0,,11.0,0.0,78.0,8.0,165.0,10.0,0.0,17.0,7.0,7.0,18.0,4.0,69.0,9.0,0.0,3.0,85.0,0.0,0.0,32.0,0.0,921.0,13.0,6.0,22.0,0.0
Bosnia-Herzegovina,1491.0,4.0,,42.0,,85.0,25.0,28.0,0.0,3.0,129.0,83.0,0.0,3.0,29.0,96.0,22.0,56.0,7.0,45.0,6.0,,13.0,22.0,49.0,27.0,0.0,173.0,,9.0,21.0,15.0,29.0,,119.0,17.0,19.0,42.0,0.0,7.0,36.0,,0.0,3.0,10.0,22.0,54.0,0.0,0.0,30.0,13.0,33.0,35.0,0.0,21.0,0.0
Botswana,41.0,,0.0,0.0,0.0,4.0,,,0.0,,3.0,5.0,0.0,0.0,0.0,0.0,0.0,0.0,,0.0,,,,,3.0,0.0,0.0,,0.0,0.0,0.0,0.0,0.0,0.0,,0.0,0.0,3.0,3.0,0.0,0.0,0.0,0.0,0.0,0.0,0.0,3.0,0.0,0.0,0.0,0.0,3.0,0.0,0.0,0.0,0.0
Brazil,12195.0,76.0,10.0,116.0,21.0,1451.0,106.0,379.0,15.0,31.0,2783.0,457.0,0.0,78.0,17.0,196.0,70.0,17.0,62.0,28.0,47.0,8.0,198.0,2065.0,129.0,54.0,23.0,54.0,,26.0,56.0,91.0,872.0,12.0,926.0,120.0,6.0,106.0,19.0,34.0,178.0,18.0,54.0,62.0,,57.0,491.0,0.0,0.0,155.0,15.0,215.0,137.0,8.0,42.0,0.0
British Virgin Islands,53.0,0.0,0.0,0.0,0.0,0.0,0.0,,0.0,0.0,8.0,9.0,0.0,0.0,0.0,0.0,0.0,0.0,0.0,0.0,0.0,0.0,0.0,,0.0,0.0,0.0,0.0,0.0,0.0,0.0,0.0,3.0,0.0,9.0,0.0,0.0,0.0,0.0,0.0,0.0,0.0,0.0,0.0,0.0,0.0,0.0,0.0,18.0,0.0,0.0,,,0.0,,0.0
Brunei,18.0,0.0,0.0,0.0,0.0,10.0,0.0,0.0,0.0,0.0,0.0,0.0,0.0,,0.0,0.0,0.0,0.0,,0.0,0.0,0.0,0.0,0.0,0.0,,0.0,0.0,,0.0,,0.0,,0.0,0.0,0.0,0.0,0.0,0.0,0.0,0.0,0.0,0.0,0.0,0.0,0.0,,0.0,0.0,0.0,0.0,0.0,0.0,0.0,0.0,0.0
Bulgaria,2960.0,7.0,8.0,65.0,6.0,379.0,51.0,44.0,12.0,7.0,230.0,120.0,0.0,9.0,8.0,521.0,23.0,5.0,16.0,6.0,12.0,8.0,79.0,129.0,60.0,15.0,,66.0,,4.0,115.0,11.0,119.0,3.0,237.0,41.0,5.0,31.0,19.0,10.0,66.0,3.0,8.0,33.0,,12.0,92.0,0.0,0.0,14.0,5.0,111.0,102.0,0.0,27.0,
Burkina Faso,238.0,,0.0,7.0,,10.0,4.0,4.0,0.0,,3.0,6.0,0.0,0.0,0.0,5.0,,0.0,0.0,,,0.0,20.0,,,6.0,0.0,,0.0,4.0,,,24.0,,73.0,4.0,0.0,10.0,,,13.0,0.0,,0.0,0.0,,10.0,0.0,0.0,0.0,0.0,5.0,6.0,0.0,3.0,0.0
Burma,3403.0,7.0,,50.0,,887.0,12.0,20.0,,4.0,164.0,65.0,,15.0,,63.0,225.0,6.0,10.0,16.0,0.0,4.0,258.0,37.0,73.0,166.0,3.0,10.0,,26.0,16.0,4.0,60.0,5.0,536.0,83.0,0.0,54.0,16.0,18.0,24.0,0.0,4.0,29.0,8.0,47.0,198.0,0.0,0.0,16.0,,96.0,43.0,,15.0,0.0
Burundi,255.0,0.0,0.0,35.0,0.0,14.0,,3.0,0.0,0.0,5.0,25.0,0.0,0.0,,4.0,4.0,8.0,4.0,6.0,0.0,,16.0,0.0,3.0,3.0,0.0,,0.0,0.0,0.0,3.0,3.0,0.0,39.0,,0.0,7.0,,,5.0,0.0,6.0,0.0,0.0,,46.0,0.0,0.0,,0.0,,3.0,0.0,0.0,0.0
Cambodia,3713.0,5.0,6.0,37.0,10.0,1144.0,55.0,47.0,0.0,0.0,105.0,93.0,0.0,9.0,6.0,50.0,28.0,15.0,20.0,42.0,17.0,30.0,45.0,428.0,25.0,189.0,,16.0,0.0,4.0,22.0,12.0,26.0,4.0,46.0,64.0,,76.0,6.0,58.0,205.0,0.0,76.0,32.0,5.0,20.0,242.0,0.0,,28.0,0.0,89.0,248.0,7.0,13.0,3.0
Cameroon,3771.0,20.0,8.0,30.0,16.0,179.0,26.0,22.0,43.0,72.0,75.0,222.0,0.0,0.0,,116.0,11.0,7.0,27.0,15.0,6.0,3.0,1351.0,175.0,65.0,166.0,4.0,21.0,0.0,12.0,9.0,13.0,56.0,4.0,155.0,37.0,8.0,112.0,36.0,6.0,66.0,0.0,,14.0,0.0,8.0,326.0,0.0,,,,176.0,9.0,8.0,28.0,
Canada,15109.0,93.0,42.0,423.0,26.0,2259.0,293.0,189.0,32.0,22.0,1340.0,362.0,0.0,102.0,80.0,467.0,212.0,92.0,85.0,82.0,69.0,93.0,254.0,530.0,752.0,213.0,24.0,106.0,62.0,42.0,154.0,123.0,531.0,54.0,1326.0,361.0,46.0,321.0,74.0,210.0,385.0,5.0,43.0,117.0,31.0,157.0,1181.0,0.0,11.0,137.0,56.0,366.0,885.0,28.0,128.0,33.0
Cape Verde,1916.0,0.0,0.0,0.0,0.0,,0.0,30.0,0.0,0.0,44.0,0.0,0.0,,0.0,,0.0,0.0,0.0,0.0,0.0,,5.0,1485.0,0.0,0.0,0.0,0.0,0.0,,0.0,0.0,15.0,0.0,20.0,0.0,0.0,0.0,0.0,0.0,4.0,0.0,305.0,0.0,0.0,0.0,0.0,0.0,0.0,0.0,0.0,0.0,0.0,0.0,0.0,0.0
Cayman Islands,37.0,0.0,0.0,0.0,0.0,,0.0,,0.0,,17.0,,0.0,0.0,0.0,3.0,0.0,0.0,0.0,0.0,0.0,0.0,,0.0,0.0,0.0,0.0,0.0,0.0,0.0,0.0,0.0,,0.0,4.0,,0.0,0.0,0.0,0.0,,0.0,0.0,0.0,0.0,0.0,0.0,0.0,0.0,0.0,0.0,,0.0,0.0,0.0,0.0
Central African Republic,88.0,0.0,0.0,0.0,0.0,3.0,,0.0,0.0,0.0,,6.0,0.0,0.0,0.0,,,0.0,0.0,,0.0,0.0,19.0,0.0,3.0,0.0,0.0,0.0,0.0,0.0,0.0,0.0,,0.0,13.0,5.0,0.0,4.0,0.0,0.0,4.0,0.0,0.0,0.0,0.0,,11.0,0.0,0.0,0.0,0.0,4.0,6.0,0.0,0.0,0.0
Chad,96.0,,0.0,,0.0,,,,0.0,,3.0,0.0,0.0,0.0,0.0,,19.0,,0.0,0.0,0.0,0.0,8.0,0.0,0.0,0.0,0.0,,0.0,0.0,0.0,0.0,8.0,0.0,16.0,,0.0,,0.0,3.0,7.0,0.0,0.0,0.0,0.0,,7.0,0.0,0.0,,0.0,,4.0,0.0,0.0,0.0
Chile,2017.0,5.0,0.0,26.0,,252.0,15.0,39.0,6.0,13.0,590.0,65.0,0.0,8.0,3.0,32.0,14.0,9.0,12.0,17.0,7.0,0.0,59.0,45.0,13.0,16.0,,7.0,,7.0,12.0,3.0,108.0,7.0,200.0,29.0,,9.0,6.0,18.0,37.0,21.0,3.0,5.0,0.0,9.0,85.0,0.0,,77.0,,60.0,44.0,0.0,13.0,4.0
"China, People's Republic",80271.0,300.0,90.0,627.0,163.0,21925.0,637.0,782.0,138.0,84.0,1690.0,1170.0,141.0,795.0,149.0,2313.0,649.0,199.0,259.0,260.0,240.0,84.0,1626.0,2771.0,1047.0,586.0,121.0,578.0,45.0,112.0,743.0,159.0,2631.0,130.0,23981.0,789.0,56.0,1038.0,242.0,734.0,2124.0,78.0,115.0,276.0,41.0,499.0,3131.0,0.0,35.0,238.0,43.0,1345.0,1758.0,73.0,398.0,33.0
Colombia,30213.0,87.0,22.0,152.0,33.0,1442.0,128.0,494.0,40.0,32.0,13481.0,1072.0,,14.0,29.0,483.0,98.0,22.0,60.0,74.0,86.0,8.0,413.0,760.0,102.0,100.0,26.0,82.0,15.0,46.0,119.0,62.0,2752.0,30.0,3546.0,573.0,4.0,160.0,44.0,33.0,407.0,205.0,198.0,247.0,6.0,123.0,1423.0,,,131.0,,503.0,121.0,7.0,109.0,3.0
Comoros,,0.0,0.0,0.0,0.0,0.0,0.0,0.0,0.0,0.0,0.0,0.0,0.0,0.0,0.0,0.0,0.0,0.0,0.0,0.0,0.0,0.0,0.0,0.0,0.0,0.0,0.0,0.0,0.0,0.0,0.0,0.0,0.0,0.0,0.0,0.0,,0.0,0.0,,0.0,0.0,0.0,0.0,0.0,0.0,,0.0,0.0,0.0,0.0,0.0,0.0,0.0,0.0,0.0
"Congo, Democratic Republic",1261.0,4.0,,23.0,0.0,80.0,55.0,37.0,,,14.0,61.0,0.0,0.0,,59.0,12.0,26.0,0.0,20.0,3.0,23.0,108.0,57.0,24.0,17.0,,7.0,0.0,,0.0,26.0,7.0,,76.0,147.0,0.0,20.0,0.0,10.0,24.0,0.0,4.0,0.0,3.0,9.0,183.0,,0.0,17.0,8.0,65.0,15.0,0.0,6.0,0.0
"Congo, Republic",950.0,4.0,0.0,21.0,0.0,39.0,15.0,7.0,,,21.0,62.0,0.0,0.0,3.0,47.0,6.0,,,24.0,,8.0,63.0,38.0,17.0,15.0,,10.0,0.0,4.0,4.0,6.0,12.0,0.0,65.0,118.0,0.0,16.0,3.0,9.0,21.0,0.0,0.0,0.0,6.0,24.0,175.0,0.0,0.0,5.0,6.0,38.0,21.0,0.0,7.0,0.0
Costa Rica,2090.0,6.0,,21.0,5.0,186.0,15.0,30.0,,,486.0,61.0,0.0,0.0,5.0,36.0,11.0,5.0,9.0,5.0,15.0,5.0,43.0,21.0,11.0,17.0,4.0,5.0,,11.0,13.0,8.0,412.0,11.0,167.0,82.0,0.0,17.0,6.0,7.0,65.0,11.0,3.0,37.0,0.0,18.0,114.0,,0.0,14.0,0.0,42.0,20.0,0.0,22.0,
Cote d'Ivoire,1645.0,3.0,,38.0,0.0,72.0,26.0,13.0,8.0,12.0,25.0,85.0,0.0,,0.0,37.0,18.0,4.0,,9.0,3.0,,186.0,45.0,29.0,50.0,0.0,9.0,0.0,9.0,5.0,3.0,90.0,0.0,454.0,34.0,4.0,41.0,3.0,7.0,63.0,0.0,16.0,4.0,3.0,22.0,98.0,0.0,0.0,9.0,6.0,54.0,25.0,,15.0,0.0
Croatia,455.0,,0.0,7.0,,47.0,7.0,,,,27.0,10.0,0.0,0.0,,39.0,17.0,8.0,4.0,,3.0,,11.0,21.0,17.0,,0.0,6.0,3.0,4.0,5.0,4.0,23.0,,62.0,8.0,0.0,14.0,0.0,3.0,9.0,,,5.0,,3.0,35.0,0.0,0.0,,,6.0,5.0,,18.0,0.0
Cuba,49500.0,33.0,7.0,435.0,8.0,576.0,36.0,72.0,8.0,5.0,40946.0,351.0,0.0,3.0,4.0,171.0,30.0,7.0,9.0,909.0,144.0,5.0,47.0,62.0,237.0,24.0,16.0,70.0,0.0,23.0,952.0,3.0,1004.0,155.0,602.0,184.0,,36.0,10.0,202.0,223.0,182.0,6.0,34.0,5.0,158.0,1120.0,0.0,0.0,50.0,,269.0,49.0,0.0,14.0,
Cyprus,141.0,0.0,0.0,5.0,0.0,17.0,3.0,,0.0,0.0,13.0,,0.0,0.0,,5.0,,0.0,,0.0,,0.0,4.0,4.0,3.0,0.0,0.0,,0.0,,,0.0,9.0,,36.0,,0.0,,0.0,0.0,,0.0,,0.0,0.0,3.0,7.0,0.0,0.0,,0.0,10.0,3.0,0.0,0.0,0.0
Czech Republic,227.0,,,,,45.0,5.0,7.0,,5.0,25.0,4.0,0.0,,,15.0,,,,,0.0,,3.0,3.0,,,0.0,3.0,0.0,,,0.0,6.0,0.0,29.0,0.0,0.0,8.0,0.0,,9.0,0.0,0.0,0.0,,,8.0,0.0,0.0,4.0,0.0,7.0,17.0,0.0,,0.0
"Czechoslovakia, former",862.0,12.0,4.0,13.0,4.0,100.0,20.0,16.0,3.0,,158.0,43.0,0.0,,,65.0,6.0,,5.0,5.0,3.0,4.0,23.0,24.0,16.0,6.0,4.0,11.0,,,6.0,5.0,39.0,0.0,78.0,13.0,0.0,17.0,7.0,4.0,14.0,0.0,3.0,12.0,0.0,14.0,26.0,0.0,,6.0,3.0,28.0,22.0,0.0,6.0,
Denmark,498.0,0.0,,,,110.0,9.0,10.0,0.0,,39.0,18.0,0.0,3.0,,14.0,6.0,,,,4.0,,12.0,21.0,4.0,3.0,,4.0,3.0,,,,19.0,0.0,48.0,14.0,0.0,6.0,,11.0,18.0,0.0,0.0,,,8.0,40.0,0.0,0.0,,0.0,11.0,37.0,0.0,0.0,
Djibouti,39.0,0.0,0.0,0.0,0.0,,,,0.0,,,,0.0,0.0,0.0,0.0,0.0,0.0,0.0,0.0,0.0,,,0.0,0.0,6.0,0.0,0.0,0.0,0.0,0.0,0.0,,0.0,,0.0,0.0,0.0,0.0,0.0,0.0,0.0,0.0,,,3.0,3.0,0.0,0.0,0.0,0.0,,10.0,0.0,0.0,0.0
Dominica,454.0,,,,0.0,11.0,,4.0,0.0,,58.0,17.0,0.0,0.0,0.0,3.0,,0.0,0.0,3.0,,0.0,9.0,6.0,3.0,0.0,0.0,,0.0,,0.0,0.0,25.0,,138.0,5.0,0.0,,,,5.0,,0.0,0.0,0.0,0.0,16.0,,118.0,0.0,0.0,9.0,4.0,0.0,0.0,0.0
Dominican Republic,31879.0,13.0,47.0,53.0,6.0,112.0,20.0,434.0,52.0,29.0,2779.0,230.0,0.0,8.0,6.0,120.0,44.0,9.0,11.0,13.0,64.0,10.0,297.0,2434.0,110.0,31.0,10.0,26.0,,5.0,35.0,124.0,4159.0,4.0,15563.0,183.0,,123.0,13.0,5.0,1184.0,2016.0,768.0,39.0,,17.0,186.0,4.0,232.0,25.0,3.0,138.0,24.0,,53.0,
East Timor,,0.0,0.0,0.0,0.0,0.0,0.0,0.0,0.0,0.0,0.0,0.0,0.0,0.0,0.0,0.0,0.0,0.0,0.0,0.0,0.0,0.0,0.0,,0.0,0.0,0.0,0.0,0.0,0.0,0.0,0.0,0.0,0.0,0.0,0.0,0.0,0.0,0.0,0.0,0.0,0.0,0.0,0.0,0.0,0.0,0.0,0.0,0.0,0.0,0.0,0.0,,0.0,0.0,0.0
Ecuador,11663.0,11.0,9.0,39.0,3.0,495.0,35.0,330.0,17.0,11.0,1704.0,110.0,0.0,3.0,4.0,405.0,20.0,14.0,15.0,16.0,28.0,,126.0,121.0,18.0,117.0,8.0,14.0,4.0,9.0,38.0,9.0,2065.0,6.0,4829.0,169.0,0.0,47.0,13.0,22.0,185.0,12.0,23.0,27.0,,23.0,263.0,,0.0,67.0,,124.0,24.0,4.0,19.0,
Egypt,8712.0,24.0,3.0,66.0,4.0,1292.0,25.0,72.0,26.0,19.0,407.0,108.0,0.0,4.0,9.0,202.0,42.0,30.0,22.0,34.0,27.0,18.0,154.0,248.0,209.0,105.0,12.0,18.0,,38.0,39.0,36.0,1587.0,7.0,1378.0,160.0,11.0,161.0,16.0,43.0,356.0,,17.0,66.0,,622.0,309.0,,,4.0,8.0,527.0,107.0,11.0,21.0,
El Salvador,19659.0,23.0,20.0,183.0,203.0,6837.0,139.0,76.0,14.0,263.0,629.0,474.0,0.0,,8.0,124.0,65.0,58.0,70.0,25.0,23.0,3.0,1595.0,515.0,22.0,71.0,12.0,47.0,,88.0,433.0,14.0,660.0,13.0,1915.0,319.0,0.0,33.0,37.0,48.0,95.0,17.0,46.0,29.0,8.0,86.0,2190.0,0.0,0.0,114.0,,1810.0,149.0,13.0,36.0,
Equatorial Guinea,16.0,0.0,0.0,0.0,0.0,4.0,0.0,,0.0,0.0,,0.0,0.0,0.0,0.0,,0.0,0.0,0.0,0.0,,0.0,0.0,0.0,0.0,0.0,0.0,0.0,0.0,0.0,0.0,0.0,,0.0,,,0.0,0.0,0.0,0.0,0.0,0.0,0.0,0.0,0.0,0.0,,0.0,0.0,0.0,0.0,0.0,0.0,0.0,,0.0
Eritrea,1270.0,,,19.0,3.0,259.0,50.0,4.0,4.0,32.0,21.0,57.0,0.0,0.0,6.0,42.0,29.0,,3.0,,6.0,0.0,101.0,21.0,11.0,54.0,0.0,20.0,0.0,4.0,24.0,0.0,6.0,0.0,31.0,31.0,0.0,53.0,,10.0,17.0,0.0,5.0,0.0,19.0,13.0,104.0,0.0,0.0,12.0,0.0,91.0,101.0,0.0,0.0,0.0
Estonia,287.0,,0.0,,,43.0,4.0,8.0,0.0,,60.0,3.0,0.0,,0.0,11.0,7.0,,,,,,12.0,4.0,,6.0,0.0,4.0,0.0,0.0,,0.0,5.0,0.0,34.0,4.0,0.0,6.0,,,10.0,0.0,0.0,5.0,,0.0,9.0,0.0,0.0,,0.0,15.0,10.0,,3.0,0.0
Ethiopia,12917.0,16.0,10.0,144.0,8.0,1275.0,561.0,59.0,12.0,432.0,196.0,861.0,,7.0,32.0,286.0,96.0,33.0,98.0,62.0,22.0,42.0,1420.0,310.0,177.0,1199.0,10.0,143.0,18.0,55.0,344.0,20.0,107.0,19.0,283.0,216.0,7.0,335.0,35.0,168.0,230.0,0.0,6.0,18.0,105.0,230.0,937.0,,3.0,62.0,5.0,1320.0,768.0,14.0,91.0,6.0
Falkland Islands,,0.0,0.0,0.0,0.0,0.0,0.0,0.0,0.0,0.0,0.0,0.0,0.0,0.0,0.0,0.0,0.0,0.0,0.0,0.0,0.0,0.0,0.0,0.0,0.0,0.0,0.0,0.0,0.0,0.0,0.0,0.0,0.0,0.0,0.0,0.0,0.0,0.0,0.0,0.0,0.0,0.0,0.0,0.0,0.0,0.0,0.0,0.0,0.0,0.0,0.0,0.0,,0.0,0.0,0.0
Fiji,1176.0,6.0,,13.0,0.0,922.0,6.0,,,0.0,5.0,3.0,0.0,9.0,0.0,,0.0,0.0,6.0,0.0,,0.0,,0.0,,3.0,0.0,3.0,,0.0,12.0,0.0,10.0,0.0,3.0,,0.0,3.0,0.0,48.0,,0.0,,0.0,0.0,0.0,10.0,0.0,0.0,5.0,0.0,,93.0,0.0,0.0,
Finland,302.0,,,8.0,,48.0,0.0,3.0,0.0,,47.0,12.0,0.0,0.0,0.0,8.0,0.0,4.0,,,4.0,,5.0,10.0,7.0,11.0,0.0,,0.0,0.0,,6.0,8.0,,30.0,11.0,0.0,3.0,,,,0.0,,,0.0,,37.0,0.0,0.0,,0.0,4.0,8.0,0.0,4.0,0.0
France,4872.0,15.0,,47.0,4.0,1213.0,47.0,66.0,7.0,43.0,405.0,102.0,0.0,28.0,12.0,157.0,26.0,15.0,15.0,13.0,25.0,6.0,133.0,214.0,64.0,47.0,,21.0,4.0,6.0,35.0,17.0,186.0,13.0,855.0,70.0,,57.0,8.0,42.0,134.0,3.0,23.0,25.0,,30.0,289.0,,4.0,18.0,9.0,119.0,148.0,5.0,37.0,3.0
French Guiana,6.0,0.0,0.0,0.0,0.0,0.0,0.0,0.0,0.0,0.0,,0.0,0.0,0.0,0.0,0.0,0.0,0.0,0.0,0.0,0.0,0.0,0.0,0.0,0.0,0.0,0.0,0.0,0.0,0.0,0.0,0.0,0.0,0.0,,0.0,0.0,0.0,0.0,0.0,,0.0,0.0,0.0,0.0,0.0,0.0,0.0,,0.0,0.0,,0.0,0.0,0.0,0.0
French Polynesia,26.0,0.0,0.0,0.0,0.0,5.0,,0.0,0.0,0.0,0.0,0.0,,8.0,0.0,,0.0,0.0,0.0,0.0,0.0,0.0,0.0,0.0,0.0,0.0,0.0,0.0,0.0,0.0,,0.0,0.0,0.0,,0.0,0.0,0.0,,0.0,0.0,0.0,0.0,0.0,0.0,0.0,0.0,0.0,0.0,,0.0,0.0,,0.0,0.0,0.0
Gabon,82.0,4.0,0.0,,0.0,5.0,,3.0,0.0,0.0,,9.0,0.0,0.0,0.0,4.0,0.0,0.0,0.0,0.0,0.0,0.0,16.0,,,0.0,0.0,,0.0,,0.0,0.0,5.0,0.0,10.0,,0.0,3.0,0.0,0.0,,0.0,0.0,0.0,0.0,0.0,5.0,0.0,0.0,0.0,0.0,,,0.0,0.0,0.0
Gambia,739.0,0.0,6.0,7.0,,12.0,4.0,3.0,0.0,,3.0,105.0,0.0,0.0,,4.0,,4.0,7.0,28.0,0.0,0.0,66.0,9.0,20.0,18.0,3.0,,0.0,,,0.0,11.0,0.0,189.0,28.0,,21.0,,,14.0,0.0,18.0,4.0,,11.0,23.0,0.0,0.0,,0.0,16.0,65.0,,19.0,0.0
Georgia,1620.0,4.0,4.0,15.0,,239.0,16.0,20.0,3.0,6.0,45.0,57.0,0.0,0.0,14.0,48.0,3.0,5.0,5.0,16.0,,0.0,24.0,25.0,10.0,12.0,0.0,16.0,,,9.0,0.0,148.0,0.0,572.0,10.0,,23.0,,18.0,108.0,0.0,3.0,11.0,0.0,,21.0,0.0,0.0,7.0,4.0,39.0,37.0,,12.0,0.0
Germany,7091.0,78.0,18.0,132.0,20.0,1190.0,134.0,103.0,16.0,48.0,643.0,232.0,,53.0,11.0,225.0,77.0,49.0,47.0,55.0,45.0,19.0,160.0,208.0,215.0,78.0,20.0,58.0,19.0,24.0,45.0,34.0,219.0,41.0,796.0,205.0,11.0,145.0,43.0,77.0,248.0,14.0,25.0,134.0,,72.0,448.0,,5.0,32.0,12.0,235.0,157.0,24.0,72.0,14.0
Ghana,8195.0,10.0,4.0,43.0,10.0,240.0,108.0,163.0,75.0,16.0,120.0,533.0,0.0,4.0,9.0,342.0,31.0,17.0,15.0,47.0,14.0,9.0,703.0,489.0,64.0,133.0,18.0,38.0,,16.0,28.0,5.0,714.0,6.0,1871.0,182.0,5.0,497.0,40.0,13.0,241.0,0.0,50.0,24.0,,55.0,315.0,0.0,5.0,23.0,8.0,740.0,55.0,3.0,41.0,0.0
Gibraltar,4.0,0.0,0.0,0.0,0.0,0.0,0.0,0.0,0.0,0.0,0.0,0.0,0.0,0.0,0.0,0.0,0.0,0.0,0.0,0.0,0.0,0.0,0.0,0.0,,0.0,0.0,0.0,0.0,0.0,0.0,0.0,,0.0,,0.0,0.0,0.0,0.0,0.0,0.0,0.0,0.0,0.0,0.0,0.0,0.0,0.0,0.0,0.0,0.0,0.0,0.0,0.0,0.0,0.0
Greece,769.0,0.0,0.0,8.0,,92.0,6.0,15.0,0.0,3.0,60.0,9.0,0.0,,,52.0,9.0,,,,9.0,,26.0,64.0,24.0,3.0,0.0,,,,11.0,9.0,52.0,0.0,167.0,8.0,0.0,7.0,0.0,3.0,34.0,,3.0,6.0,0.0,5.0,30.0,0.0,0.0,0.0,0.0,18.0,11.0,3.0,5.0,0.0
Greenland,,0.0,0.0,0.0,0.0,0.0,0.0,0.0,0.0,0.0,0.0,0.0,0.0,0.0,0.0,0.0,0.0,0.0,0.0,0.0,0.0,0.0,0.0,0.0,0.0,0.0,0.0,0.0,0.0,0.0,0.0,0.0,0.0,0.0,,0.0,0.0,0.0,0.0,0.0,0.0,0.0,0.0,0.0,0.0,0.0,0.0,0.0,0.0,0.0,0.0,0.0,0.0,0.0,0.0,0.0
Grenada,784.0,,0.0,,0.0,6.0,0.0,4.0,0.0,5.0,39.0,15.0,0.0,,0.0,,,0.0,0.0,,,,31.0,11.0,0.0,0.0,0.0,,0.0,0.0,,0.0,30.0,0.0,549.0,5.0,0.0,0.0,,0.0,9.0,,0.0,5.0,0.0,,20.0,0.0,16.0,0.0,3.0,12.0,3.0,0.0,,0.0
Guadeloupe,33.0,0.0,0.0,0.0,0.0,,0.0,0.0,0.0,0.0,7.0,,0.0,,0.0,,0.0,0.0,0.0,0.0,0.0,0.0,,,0.0,0.0,0.0,0.0,0.0,0.0,,0.0,,0.0,9.0,0.0,0.0,0.0,0.0,0.0,0.0,,0.0,0.0,0.0,0.0,,0.0,5.0,0.0,0.0,0.0,,0.0,0.0,0.0
Guatemala,16182.0,204.0,17.0,258.0,58.0,4866.0,181.0,209.0,61.0,54.0,1037.0,495.0,,15.0,20.0,668.0,210.0,90.0,98.0,188.0,102.0,14.0,468.0,496.0,224.0,209.0,35.0,163.0,10.0,161.0,255.0,27.0,589.0,57.0,997.0,271.0,7.0,296.0,65.0,204.0,330.0,10.0,316.0,96.0,42.0,178.0,707.0,,0.0,135.0,13.0,528.0,239.0,26.0,177.0,
Guinea,1735.0,15.0,0.0,13.0,0.0,25.0,13.0,24.0,9.0,9.0,15.0,97.0,0.0,,0.0,43.0,36.0,4.0,3.0,13.0,0.0,0.0,108.0,41.0,23.0,45.0,,5.0,0.0,,,,29.0,,808.0,20.0,4.0,57.0,0.0,3.0,80.0,0.0,11.0,,0.0,48.0,38.0,0.0,0.0,10.0,,51.0,16.0,0.0,8.0,0.0
Guinea-Bissau,17.0,0.0,0.0,0.0,0.0,,0.0,,0.0,0.0,0.0,,0.0,0.0,0.0,0.0,0.0,0.0,0.0,0.0,0.0,0.0,0.0,3.0,0.0,0.0,0.0,0.0,0.0,0.0,0.0,0.0,,0.0,5.0,0.0,0.0,0.0,0.0,0.0,0.0,0.0,,0.0,0.0,0.0,0.0,0.0,0.0,,0.0,,0.0,0.0,0.0,0.0
Guyana,6823.0,,0.0,5.0,,65.0,4.0,91.0,31.0,18.0,718.0,144.0,,,0.0,29.0,3.0,9.0,,,7.0,,156.0,35.0,18.0,115.0,0.0,16.0,0.0,,,,567.0,,4529.0,47.0,0.0,22.0,,,47.0,,5.0,11.0,0.0,9.0,41.0,,5.0,,3.0,32.0,10.0,,7.0,
Haiti,26007.0,8.0,5.0,25.0,4.0,97.0,17.0,500.0,130.0,9.0,14682.0,357.0,0.0,4.0,7.0,114.0,65.0,11.0,15.0,40.0,47.0,3.0,285.0,1944.0,37.0,33.0,7.0,31.0,7.0,23.0,14.0,19.0,1861.0,,4608.0,59.0,,37.0,4.0,28.0,421.0,5.0,88.0,20.0,0.0,31.0,69.0,0.0,75.0,23.0,,86.0,30.0,,12.0,3.0
Honduras,6540.0,23.0,16.0,57.0,28.0,796.0,48.0,59.0,8.0,18.0,1493.0,168.0,,,7.0,141.0,55.0,21.0,31.0,25.0,229.0,3.0,176.0,127.0,19.0,41.0,22.0,27.0,0.0,24.0,64.0,6.0,352.0,8.0,806.0,133.0,0.0,43.0,20.0,26.0,55.0,11.0,18.0,43.0,6.0,64.0,755.0,4.0,0.0,19.0,,339.0,46.0,7.0,48.0,
Hong Kong,3373.0,,,21.0,7.0,1443.0,20.0,17.0,,,74.0,29.0,5.0,82.0,4.0,88.0,13.0,10.0,11.0,6.0,11.0,,53.0,164.0,45.0,12.0,,12.0,0.0,,25.0,6.0,93.0,10.0,586.0,22.0,0.0,24.0,8.0,45.0,43.0,16.0,3.0,6.0,0.0,4.0,145.0,0.0,0.0,8.0,,29.0,153.0,,5.0,
Hungary,1127.0,4.0,3.0,19.0,4.0,166.0,28.0,25.0,,,210.0,21.0,,6.0,,32.0,13.0,3.0,,7.0,7.0,,17.0,38.0,21.0,4.0,3.0,13.0,,0.0,20.0,3.0,77.0,,183.0,18.0,0.0,32.0,,3.0,26.0,,,7.0,0.0,8.0,33.0,0.0,0.0,,,30.0,16.0,0.0,6.0,0.0
Iceland,122.0,,0.0,0.0,0.0,18.0,3.0,,0.0,,18.0,0.0,0.0,,0.0,3.0,,,0.0,0.0,0.0,,,5.0,,0.0,0.0,,0.0,0.0,0.0,12.0,4.0,0.0,11.0,3.0,0.0,0.0,,,,0.0,,0.0,0.0,0.0,12.0,0.0,0.0,0.0,4.0,0.0,9.0,0.0,0.0,0.0
India,63352.0,299.0,14.0,611.0,130.0,14112.0,393.0,896.0,244.0,80.0,1785.0,2085.0,,22.0,41.0,4114.0,628.0,183.0,305.0,260.0,256.0,44.0,1642.0,1787.0,1741.0,609.0,201.0,433.0,6.0,145.0,210.0,133.0,8083.0,79.0,5561.0,1002.0,22.0,1169.0,242.0,413.0,2272.0,,91.0,324.0,25.0,709.0,4811.0,0.0,11.0,120.0,51.0,2561.0,1813.0,44.0,516.0,20.0
Indonesia,3606.0,12.0,,44.0,20.0,1421.0,96.0,21.0,6.0,13.0,70.0,103.0,,22.0,7.0,59.0,22.0,,10.0,7.0,17.0,3.0,80.0,32.0,31.0,24.0,5.0,25.0,0.0,,39.0,84.0,82.0,,349.0,56.0,,52.0,29.0,30.0,201.0,0.0,3.0,6.0,,21.0,216.0,,0.0,13.0,,85.0,145.0,4.0,22.0,4.0
Iran,13852.0,53.0,10.0,308.0,21.0,6472.0,157.0,87.0,10.0,27.0,461.0,343.0,,7.0,28.0,353.0,74.0,34.0,76.0,50.0,39.0,16.0,493.0,245.0,148.0,87.0,17.0,91.0,3.0,16.0,117.0,22.0,207.0,29.0,520.0,128.0,3.0,182.0,96.0,126.0,145.0,,10.0,23.0,0.0,112.0,1215.0,0.0,0.0,81.0,,651.0,352.0,20.0,79.0,3.0
Iraq,4795.0,30.0,,215.0,10.0,896.0,65.0,33.0,,17.0,110.0,76.0,0.0,,7.0,295.0,21.0,8.0,15.0,44.0,20.0,14.0,58.0,37.0,1348.0,40.0,10.0,79.0,3.0,52.0,28.0,9.0,57.0,20.0,140.0,63.0,4.0,78.0,18.0,44.0,85.0,3.0,7.0,18.0,12.0,118.0,227.0,0.0,0.0,36.0,0.0,230.0,71.0,5.0,9.0,5.0
Ireland,1465.0,0.0,,19.0,0.0,219.0,16.0,39.0,6.0,8.0,85.0,20.0,0.0,3.0,4.0,94.0,7.0,7.0,6.0,21.0,,7.0,29.0,158.0,14.0,9.0,3.0,6.0,5.0,0.0,3.0,7.0,52.0,3.0,281.0,22.0,,13.0,,26.0,58.0,4.0,5.0,7.0,,9.0,78.0,0.0,0.0,5.0,5.0,38.0,36.0,6.0,14.0,
Israel,5851.0,11.0,,71.0,11.0,1514.0,47.0,31.0,5.0,8.0,528.0,149.0,0.0,16.0,,177.0,25.0,14.0,26.0,12.0,18.0,3.0,112.0,249.0,68.0,34.0,6.0,31.0,,4.0,70.0,14.0,444.0,8.0,1244.0,77.0,,81.0,9.0,22.0,138.0,0.0,14.0,15.0,,34.0,257.0,0.0,,17.0,,70.0,109.0,5.0,43.0,0.0
Italy,2514.0,17.0,,23.0,5.0,415.0,23.0,39.0,9.0,23.0,327.0,48.0,0.0,16.0,6.0,110.0,21.0,9.0,4.0,8.0,11.0,,64.0,93.0,48.0,19.0,3.0,13.0,,,16.0,6.0,124.0,5.0,499.0,46.0,,40.0,4.0,20.0,84.0,8.0,12.0,11.0,,7.0,103.0,,,18.0,,88.0,40.0,,15.0,0.0
Jamaica,18477.0,30.0,10.0,37.0,,275.0,45.0,939.0,73.0,52.0,5307.0,887.0,0.0,4.0,,173.0,36.0,9.0,8.0,14.0,33.0,32.0,540.0,465.0,101.0,51.0,44.0,84.0,,0.0,23.0,33.0,1125.0,,6615.0,156.0,,88.0,13.0,14.0,506.0,,19.0,94.0,,35.0,207.0,0.0,12.0,11.0,9.0,183.0,26.0,9.0,37.0,
Japan,6821.0,38.0,7.0,87.0,14.0,2041.0,85.0,62.0,4.0,21.0,212.0,118.0,38.0,465.0,30.0,241.0,71.0,30.0,28.0,62.0,27.0,11.0,135.0,152.0,140.0,49.0,14.0,53.0,17.0,28.0,67.0,19.0,210.0,21.0,864.0,111.0,5.0,135.0,18.0,121.0,108.0,,6.0,23.0,5.0,60.0,259.0,,3.0,54.0,4.0,158.0,237.0,10.0,36.0,3.0
Jordan,3936.0,37.0,,48.0,14.0,621.0,27.0,43.0,6.0,5.0,225.0,46.0,0.0,4.0,,522.0,53.0,4.0,23.0,47.0,53.0,3.0,57.0,53.0,213.0,28.0,5.0,50.0,,10.0,12.0,7.0,261.0,5.0,297.0,100.0,,261.0,16.0,17.0,71.0,7.0,14.0,15.0,,73.0,315.0,0.0,10.0,13.0,0.0,120.0,68.0,5.0,44.0,0.0
Kazakhstan,1630.0,10.0,3.0,23.0,4.0,224.0,27.0,21.0,5.0,6.0,109.0,40.0,0.0,5.0,6.0,60.0,13.0,7.0,8.0,22.0,7.0,6.0,34.0,68.0,22.0,30.0,,24.0,3.0,3.0,8.0,6.0,72.0,6.0,261.0,34.0,,45.0,6.0,42.0,66.0,0.0,3.0,14.0,,19.0,70.0,0.0,0.0,21.0,3.0,75.0,65.0,,17.0,
Kenya,6998.0,56.0,5.0,182.0,7.0,610.0,78.0,35.0,76.0,12.0,127.0,374.0,0.0,,42.0,89.0,113.0,46.0,149.0,123.0,15.0,166.0,289.0,479.0,128.0,610.0,10.0,210.0,,54.0,44.0,83.0,275.0,15.0,233.0,165.0,13.0,333.0,36.0,66.0,204.0,0.0,9.0,25.0,7.0,92.0,648.0,0.0,,57.0,30.0,165.0,340.0,9.0,58.0,0.0
Kiribati,4.0,0.0,0.0,0.0,0.0,0.0,0.0,0.0,0.0,0.0,0.0,0.0,0.0,0.0,0.0,0.0,0.0,0.0,0.0,0.0,0.0,0.0,0.0,0.0,0.0,0.0,0.0,0.0,0.0,0.0,0.0,0.0,0.0,0.0,,0.0,0.0,0.0,0.0,,0.0,0.0,0.0,0.0,0.0,0.0,0.0,0.0,0.0,,0.0,0.0,0.0,0.0,0.0,0.0
Korea,26666.0,236.0,62.0,302.0,47.0,9315.0,293.0,186.0,71.0,23.0,509.0,1063.0,120.0,266.0,57.0,1109.0,168.0,94.0,114.0,83.0,65.0,18.0,893.0,400.0,443.0,261.0,31.0,189.0,15.0,31.0,159.0,50.0,2186.0,33.0,2290.0,359.0,12.0,234.0,63.0,219.0,621.0,4.0,32.0,70.0,21.0,190.0,1267.0,5.0,9.0,62.0,21.0,1416.0,729.0,24.0,114.0,12.0
Kuwait,1104.0,13.0,,13.0,4.0,168.0,8.0,14.0,5.0,,75.0,45.0,0.0,,,75.0,9.0,4.0,6.0,12.0,11.0,4.0,24.0,23.0,62.0,11.0,6.0,6.0,,0.0,5.0,0.0,59.0,,74.0,29.0,,59.0,7.0,4.0,18.0,,3.0,5.0,0.0,24.0,135.0,0.0,,4.0,0.0,34.0,14.0,3.0,16.0,0.0
Kyrgyzstan,632.0,,3.0,6.0,4.0,81.0,7.0,5.0,0.0,,23.0,10.0,0.0,,6.0,36.0,4.0,3.0,,11.0,3.0,0.0,18.0,15.0,8.0,10.0,,6.0,,3.0,3.0,4.0,31.0,0.0,100.0,10.0,,25.0,0.0,12.0,38.0,0.0,,8.0,0.0,12.0,9.0,0.0,0.0,3.0,,32.0,59.0,0.0,10.0,
Laos,2198.0,6.0,34.0,6.0,28.0,614.0,12.0,17.0,0.0,,24.0,45.0,0.0,13.0,0.0,34.0,4.0,29.0,26.0,,9.0,,8.0,28.0,25.0,522.0,,,0.0,5.0,12.0,5.0,4.0,0.0,21.0,51.0,0.0,16.0,8.0,11.0,14.0,0.0,22.0,3.0,,26.0,74.0,0.0,0.0,12.0,,23.0,34.0,0.0,361.0,
Latvia,455.0,0.0,4.0,3.0,0.0,68.0,3.0,3.0,3.0,,59.0,39.0,0.0,0.0,0.0,24.0,3.0,,,,0.0,0.0,16.0,14.0,11.0,12.0,,3.0,0.0,,5.0,,15.0,0.0,69.0,13.0,0.0,6.0,,7.0,10.0,0.0,0.0,3.0,0.0,0.0,9.0,0.0,0.0,,0.0,14.0,19.0,,9.0,0.0
Lebanon,4254.0,14.0,0.0,69.0,6.0,867.0,26.0,56.0,4.0,14.0,232.0,53.0,0.0,,7.0,106.0,14.0,22.0,10.0,27.0,22.0,8.0,61.0,346.0,758.0,29.0,9.0,32.0,,5.0,27.0,36.0,114.0,14.0,243.0,59.0,0.0,190.0,21.0,31.0,66.0,,15.0,11.0,3.0,28.0,337.0,0.0,0.0,8.0,,189.0,44.0,4.0,12.0,0.0
Lesotho,16.0,0.0,0.0,0.0,0.0,3.0,,0.0,0.0,0.0,,,0.0,0.0,0.0,0.0,0.0,0.0,0.0,0.0,0.0,,,,0.0,0.0,0.0,0.0,0.0,0.0,0.0,0.0,0.0,0.0,4.0,0.0,0.0,,0.0,0.0,,0.0,0.0,0.0,0.0,0.0,0.0,0.0,0.0,0.0,0.0,0.0,0.0,0.0,0.0,0.0
Liberia,7193.0,16.0,0.0,149.0,4.0,182.0,59.0,48.0,89.0,8.0,93.0,361.0,0.0,3.0,10.0,146.0,51.0,51.0,,68.0,21.0,,482.0,226.0,111.0,1025.0,0.0,45.0,4.0,16.0,11.0,24.0,509.0,10.0,624.0,241.0,31.0,194.0,44.0,32.0,1181.0,0.0,261.0,34.0,14.0,51.0,330.0,0.0,0.0,55.0,,180.0,38.0,10.0,44.0,
Libya,285.0,0.0,0.0,3.0,0.0,36.0,10.0,,,,15.0,6.0,,0.0,0.0,16.0,,,4.0,6.0,,,8.0,12.0,9.0,4.0,,4.0,0.0,,,0.0,14.0,0.0,21.0,4.0,,13.0,,3.0,11.0,0.0,,,,,22.0,0.0,0.0,0.0,0.0,25.0,12.0,,3.0,0.0
Liechtenstein,,0.0,0.0,0.0,0.0,,0.0,0.0,0.0,0.0,0.0,0.0,0.0,0.0,0.0,0.0,0.0,0.0,0.0,0.0,0.0,0.0,0.0,0.0,0.0,0.0,0.0,0.0,0.0,0.0,0.0,0.0,0.0,0.0,0.0,0.0,0.0,0.0,0.0,0.0,0.0,0.0,0.0,0.0,0.0,0.0,0.0,0.0,0.0,0.0,0.0,0.0,0.0,0.0,0.0,0.0
Lithuania,967.0,,,4.0,3.0,65.0,19.0,23.0,0.0,,75.0,26.0,0.0,4.0,0.0,301.0,13.0,,3.0,,,,26.0,33.0,24.0,4.0,6.0,9.0,,,8.0,,75.0,,100.0,11.0,,15.0,3.0,3.0,26.0,0.0,,,,8.0,15.0,0.0,0.0,3.0,0.0,22.0,6.0,0.0,10.0,
Luxembourg,28.0,0.0,0.0,0.0,0.0,6.0,0.0,0.0,0.0,0.0,5.0,0.0,0.0,0.0,0.0,,0.0,,0.0,0.0,0.0,0.0,,,,0.0,0.0,,0.0,0.0,,0.0,0.0,0.0,3.0,,0.0,0.0,0.0,0.0,,0.0,0.0,0.0,0.0,0.0,0.0,0.0,0.0,0.0,0.0,3.0,0.0,0.0,,0.0
Macau,205.0,0.0,0.0,0.0,0.0,105.0,0.0,,0.0,0.0,5.0,4.0,0.0,5.0,0.0,3.0,0.0,0.0,,0.0,0.0,0.0,8.0,8.0,4.0,,0.0,0.0,0.0,0.0,,0.0,,0.0,30.0,0.0,0.0,0.0,0.0,6.0,,,0.0,4.0,0.0,0.0,9.0,0.0,0.0,0.0,0.0,0.0,6.0,0.0,0.0,0.0
Macedonia,1107.0,0.0,26.0,8.0,0.0,32.0,12.0,53.0,,,38.0,,0.0,,,182.0,66.0,3.0,3.0,7.0,,,4.0,7.0,83.0,0.0,0.0,7.0,0.0,,13.0,0.0,257.0,0.0,148.0,5.0,0.0,42.0,,3.0,12.0,0.0,0.0,,0.0,0.0,26.0,0.0,0.0,,,14.0,5.0,,35.0,0.0
Madagascar,77.0,0.0,0.0,0.0,0.0,6.0,0.0,,0.0,12.0,,,0.0,,0.0,,,,0.0,0.0,0.0,0.0,,,0.0,7.0,0.0,0.0,0.0,,0.0,0.0,,,8.0,3.0,0.0,0.0,0.0,0.0,,0.0,0.0,0.0,0.0,,5.0,0.0,0.0,0.0,0.0,15.0,4.0,0.0,0.0,0.0
Malawi,133.0,,0.0,7.0,4.0,12.0,,,0.0,,,13.0,0.0,0.0,0.0,4.0,15.0,0.0,0.0,0.0,,0.0,5.0,,5.0,0.0,0.0,5.0,0.0,,0.0,0.0,,0.0,4.0,5.0,0.0,0.0,,0.0,4.0,0.0,0.0,,0.0,3.0,11.0,0.0,0.0,0.0,,11.0,5.0,0.0,,0.0
Malaysia,1945.0,8.0,4.0,43.0,6.0,468.0,24.0,16.0,3.0,5.0,47.0,61.0,0.0,20.0,5.0,60.0,21.0,7.0,28.0,14.0,14.0,,30.0,38.0,30.0,31.0,,19.0,0.0,7.0,13.0,4.0,71.0,11.0,361.0,26.0,5.0,31.0,15.0,20.0,36.0,0.0,10.0,3.0,0.0,22.0,179.0,0.0,0.0,3.0,0.0,52.0,57.0,0.0,14.0,0.0
Maldives,,0.0,0.0,0.0,0.0,,0.0,0.0,0.0,0.0,0.0,0.0,0.0,0.0,0.0,,0.0,0.0,0.0,0.0,0.0,0.0,0.0,0.0,0.0,0.0,0.0,0.0,0.0,0.0,0.0,0.0,0.0,0.0,0.0,0.0,0.0,0.0,0.0,0.0,0.0,0.0,0.0,0.0,0.0,0.0,0.0,0.0,0.0,0.0,0.0,0.0,0.0,0.0,0.0,0.0
Mali,523.0,,0.0,3.0,0.0,10.0,20.0,6.0,,,7.0,29.0,0.0,0.0,0.0,6.0,15.0,3.0,0.0,,0.0,,48.0,,7.0,3.0,0.0,,0.0,0.0,,0.0,14.0,0.0,213.0,10.0,0.0,15.0,0.0,,52.0,0.0,,0.0,0.0,,15.0,0.0,0.0,,,8.0,4.0,0.0,13.0,
Malta,66.0,,0.0,3.0,0.0,7.0,0.0,0.0,0.0,,4.0,0.0,0.0,0.0,0.0,,,0.0,0.0,0.0,0.0,0.0,,0.0,,0.0,0.0,0.0,0.0,0.0,0.0,,3.0,0.0,23.0,,0.0,0.0,,0.0,,0.0,0.0,0.0,0.0,0.0,,0.0,0.0,0.0,0.0,3.0,0.0,0.0,8.0,0.0
Marshall Islands,39.0,0.0,0.0,,0.0,0.0,0.0,0.0,0.0,0.0,,,0.0,,0.0,,,0.0,0.0,0.0,,0.0,0.0,,,0.0,0.0,,0.0,,5.0,0.0,,0.0,0.0,0.0,0.0,,0.0,,0.0,0.0,0.0,0.0,0.0,0.0,0.0,0.0,0.0,13.0,0.0,,,0.0,,0.0
Martinique,24.0,0.0,0.0,0.0,0.0,3.0,0.0,0.0,0.0,0.0,7.0,0.0,0.0,0.0,0.0,0.0,0.0,0.0,0.0,0.0,,0.0,,,0.0,0.0,0.0,0.0,0.0,0.0,0.0,0.0,0.0,0.0,8.0,0.0,0.0,0.0,0.0,0.0,,0.0,0.0,0.0,0.0,0.0,,0.0,0.0,0.0,0.0,0.0,0.0,0.0,0.0,0.0
Mauritania,844.0,,,3.0,0.0,5.0,30.0,5.0,,4.0,3.0,21.0,0.0,0.0,0.0,16.0,7.0,,0.0,57.0,,,7.0,,11.0,3.0,,9.0,0.0,0.0,6.0,0.0,3.0,0.0,262.0,4.0,0.0,212.0,0.0,0.0,48.0,0.0,,0.0,0.0,87.0,6.0,0.0,0.0,0.0,0.0,9.0,12.0,0.0,,0.0
Mauritius,83.0,0.0,0.0,0.0,,14.0,,0.0,,5.0,7.0,,0.0,0.0,,4.0,0.0,,0.0,0.0,,0.0,5.0,3.0,,0.0,0.0,0.0,0.0,0.0,0.0,0.0,6.0,,6.0,0.0,0.0,3.0,,,3.0,0.0,0.0,,,0.0,0.0,0.0,0.0,0.0,0.0,8.0,,0.0,0.0,0.0
Mexico,189989.0,590.0,99.0,10557.0,1267.0,73648.0,4219.0,287.0,249.0,44.0,4632.0,4002.0,0.0,91.0,1122.0,11389.0,1577.0,1015.0,1877.0,395.0,396.0,21.0,573.0,250.0,1391.0,857.0,290.0,802.0,59.0,1194.0,3690.0,60.0,1055.0,2013.0,2337.0,2178.0,18.0,575.0,1519.0,2152.0,997.0,85.0,60.0,570.0,58.0,1090.0,41060.0,,,1710.0,4.0,1155.0,3023.0,39.0,1521.0,122.0
"Micronesia, Federated States",13.0,0.0,0.0,0.0,0.0,4.0,0.0,0.0,0.0,0.0,,0.0,,,0.0,0.0,0.0,0.0,,0.0,0.0,0.0,0.0,0.0,0.0,0.0,0.0,,0.0,0.0,0.0,0.0,0.0,0.0,0.0,0.0,0.0,0.0,0.0,0.0,0.0,0.0,0.0,0.0,0.0,,,0.0,0.0,,0.0,0.0,0.0,0.0,0.0,0.0
Moldova,1692.0,7.0,0.0,8.0,3.0,370.0,16.0,21.0,3.0,,58.0,79.0,0.0,,,44.0,13.0,,,4.0,4.0,3.0,37.0,101.0,9.0,53.0,0.0,19.0,0.0,,11.0,4.0,34.0,,138.0,58.0,0.0,11.0,,89.0,65.0,0.0,,23.0,0.0,20.0,31.0,0.0,0.0,5.0,9.0,23.0,294.0,0.0,8.0,
Monaco,7.0,0.0,0.0,0.0,0.0,,0.0,0.0,0.0,0.0,,0.0,0.0,0.0,0.0,,0.0,0.0,0.0,0.0,0.0,0.0,0.0,0.0,0.0,0.0,0.0,0.0,0.0,0.0,0.0,0.0,0.0,0.0,0.0,,0.0,0.0,0.0,0.0,0.0,0.0,0.0,0.0,0.0,0.0,,0.0,0.0,0.0,0.0,0.0,0.0,0.0,0.0,0.0
Mongolia,659.0,0.0,,10.0,9.0,250.0,41.0,,0.0,8.0,16.0,,0.0,,0.0,74.0,9.0,,0.0,,,0.0,18.0,5.0,3.0,8.0,0.0,15.0,0.0,,7.0,,8.0,,20.0,0.0,0.0,10.0,0.0,4.0,4.0,0.0,0.0,0.0,0.0,,14.0,0.0,0.0,11.0,0.0,67.0,17.0,,16.0,0.0
Montserrat,61.0,0.0,0.0,0.0,0.0,3.0,0.0,3.0,0.0,0.0,8.0,0.0,0.0,0.0,0.0,0.0,,0.0,0.0,0.0,0.0,0.0,,13.0,,,0.0,0.0,0.0,0.0,0.0,0.0,,0.0,18.0,0.0,0.0,,0.0,0.0,,0.0,0.0,0.0,0.0,0.0,0.0,0.0,5.0,0.0,0.0,,0.0,0.0,0.0,0.0
Morocco,4425.0,18.0,,36.0,8.0,284.0,94.0,89.0,6.0,20.0,446.0,93.0,0.0,,,149.0,33.0,13.0,20.0,33.0,10.0,3.0,113.0,534.0,44.0,38.0,21.0,28.0,,,23.0,20.0,259.0,6.0,636.0,120.0,,137.0,43.0,18.0,249.0,0.0,36.0,26.0,,26.0,194.0,0.0,0.0,5.0,4.0,408.0,51.0,3.0,18.0,
Mozambique,69.0,0.0,0.0,3.0,0.0,5.0,5.0,0.0,0.0,0.0,6.0,0.0,0.0,,0.0,,,,0.0,,,0.0,,,0.0,0.0,,0.0,0.0,,0.0,0.0,7.0,0.0,7.0,6.0,0.0,0.0,0.0,0.0,3.0,0.0,0.0,0.0,0.0,0.0,11.0,0.0,0.0,0.0,0.0,,0.0,,0.0,0.0
Namibia,46.0,0.0,0.0,,0.0,7.0,,0.0,0.0,,,,0.0,0.0,0.0,,,0.0,0.0,,,0.0,,0.0,,,0.0,0.0,0.0,0.0,0.0,,,0.0,4.0,,0.0,,0.0,,0.0,0.0,0.0,0.0,0.0,0.0,,0.0,0.0,,0.0,,3.0,0.0,,
Nauru,,0.0,0.0,0.0,0.0,,0.0,0.0,0.0,0.0,0.0,0.0,0.0,0.0,0.0,0.0,0.0,0.0,0.0,0.0,0.0,0.0,0.0,0.0,0.0,0.0,0.0,0.0,0.0,0.0,0.0,0.0,0.0,0.0,0.0,0.0,0.0,0.0,0.0,0.0,0.0,0.0,0.0,0.0,0.0,0.0,0.0,0.0,0.0,0.0,0.0,0.0,0.0,0.0,0.0,0.0
Nepal,4093.0,37.0,5.0,31.0,,564.0,223.0,86.0,,14.0,63.0,81.0,0.0,4.0,,102.0,25.0,33.0,16.0,26.0,6.0,4.0,286.0,194.0,62.0,62.0,3.0,12.0,0.0,54.0,19.0,44.0,78.0,5.0,597.0,48.0,4.0,40.0,8.0,31.0,48.0,0.0,16.0,9.0,4.0,14.0,563.0,3.0,,17.0,,405.0,89.0,6.0,42.0,3.0
Netherlands,1240.0,8.0,,17.0,3.0,200.0,24.0,22.0,,4.0,132.0,35.0,,5.0,,30.0,11.0,4.0,9.0,8.0,8.0,5.0,28.0,38.0,24.0,12.0,,11.0,,0.0,8.0,4.0,55.0,9.0,160.0,24.0,0.0,28.0,4.0,24.0,25.0,,5.0,11.0,3.0,13.0,107.0,0.0,0.0,9.0,4.0,26.0,50.0,3.0,18.0,
Netherlands Antilles,78.0,0.0,0.0,0.0,0.0,,,,0.0,0.0,17.0,,0.0,0.0,0.0,,0.0,0.0,0.0,3.0,0.0,0.0,,,0.0,0.0,0.0,0.0,0.0,0.0,0.0,0.0,,,22.0,0.0,0.0,0.0,0.0,0.0,5.0,,4.0,0.0,0.0,0.0,6.0,0.0,7.0,0.0,0.0,,0.0,0.0,0.0,0.0
New Caledonia,5.0,0.0,0.0,0.0,0.0,,0.0,0.0,0.0,0.0,,0.0,0.0,,0.0,0.0,0.0,0.0,0.0,0.0,0.0,0.0,0.0,0.0,0.0,0.0,0.0,0.0,0.0,0.0,0.0,0.0,0.0,0.0,0.0,0.0,0.0,0.0,0.0,0.0,0.0,0.0,0.0,0.0,0.0,0.0,0.0,0.0,0.0,0.0,0.0,0.0,0.0,0.0,0.0,0.0
New Zealand,893.0,4.0,6.0,20.0,3.0,205.0,33.0,15.0,0.0,8.0,45.0,19.0,4.0,30.0,12.0,35.0,6.0,4.0,4.0,11.0,4.0,4.0,13.0,26.0,11.0,9.0,,18.0,4.0,,16.0,5.0,21.0,4.0,78.0,18.0,,7.0,9.0,22.0,21.0,0.0,,3.0,,4.0,53.0,0.0,0.0,19.0,,21.0,23.0,0.0,6.0,0.0
Nicaragua,3614.0,8.0,,26.0,5.0,860.0,16.0,20.0,,14.0,1522.0,53.0,0.0,,0.0,35.0,20.0,5.0,,6.0,38.0,,92.0,27.0,17.0,15.0,7.0,13.0,0.0,6.0,61.0,0.0,70.0,5.0,168.0,47.0,,15.0,6.0,9.0,24.0,16.0,,10.0,,20.0,193.0,0.0,,9.0,,108.0,24.0,0.0,11.0,0.0
Niger,107.0,0.0,0.0,0.0,,,,0.0,0.0,,,4.0,0.0,0.0,0.0,,15.0,0.0,0.0,0.0,,0.0,3.0,,7.0,0.0,0.0,0.0,0.0,0.0,0.0,,3.0,0.0,14.0,18.0,0.0,8.0,0.0,0.0,20.0,0.0,0.0,0.0,0.0,0.0,,0.0,0.0,0.0,0.0,,0.0,0.0,,0.0
Nigeria,12475.0,52.0,12.0,101.0,22.0,1103.0,71.0,131.0,40.0,83.0,375.0,1020.0,,4.0,5.0,678.0,237.0,29.0,41.0,49.0,68.0,5.0,1692.0,287.0,199.0,273.0,33.0,119.0,,20.0,35.0,18.0,778.0,18.0,1330.0,282.0,4.0,229.0,65.0,19.0,291.0,0.0,85.0,50.0,,111.0,1906.0,3.0,,16.0,,270.0,105.0,8.0,95.0,0.0
Niue,,0.0,0.0,0.0,0.0,0.0,0.0,0.0,0.0,0.0,0.0,0.0,0.0,,0.0,0.0,0.0,0.0,0.0,0.0,0.0,0.0,0.0,0.0,0.0,0.0,0.0,0.0,0.0,0.0,0.0,0.0,0.0,0.0,0.0,0.0,0.0,0.0,0.0,0.0,0.0,0.0,0.0,0.0,0.0,0.0,0.0,0.0,0.0,0.0,0.0,0.0,0.0,0.0,0.0,0.0
Norway,350.0,0.0,,7.0,,61.0,4.0,3.0,0.0,,31.0,9.0,0.0,5.0,4.0,13.0,4.0,,,4.0,10.0,3.0,8.0,12.0,13.0,11.0,0.0,6.0,,,,0.0,8.0,,20.0,,,3.0,3.0,,5.0,0.0,0.0,,,7.0,36.0,0.0,0.0,8.0,,10.0,13.0,,6.0,0.0
Oman,70.0,,0.0,,,6.0,,0.0,0.0,0.0,,,0.0,0.0,0.0,3.0,0.0,0.0,,0.0,0.0,0.0,4.0,,4.0,0.0,0.0,0.0,0.0,,0.0,0.0,,0.0,18.0,4.0,0.0,,,0.0,,0.0,0.0,0.0,0.0,0.0,5.0,0.0,0.0,0.0,0.0,3.0,3.0,0.0,,0.0
Pakistan,19719.0,105.0,,110.0,52.0,2582.0,53.0,359.0,71.0,23.0,732.0,495.0,0.0,3.0,,1310.0,125.0,53.0,83.0,66.0,127.0,9.0,767.0,354.0,487.0,151.0,39.0,189.0,,25.0,131.0,38.0,1402.0,34.0,4166.0,266.0,5.0,257.0,88.0,42.0,543.0,,28.0,43.0,4.0,107.0,2345.0,0.0,6.0,61.0,6.0,1329.0,258.0,31.0,151.0,
Palau,6.0,0.0,0.0,0.0,0.0,,0.0,0.0,0.0,0.0,0.0,0.0,,0.0,0.0,0.0,0.0,0.0,0.0,0.0,0.0,0.0,,0.0,0.0,0.0,0.0,0.0,0.0,0.0,0.0,0.0,0.0,0.0,0.0,0.0,0.0,0.0,0.0,0.0,0.0,0.0,0.0,0.0,0.0,0.0,0.0,0.0,0.0,0.0,0.0,0.0,0.0,0.0,0.0,0.0
Panama,1678.0,7.0,4.0,21.0,4.0,149.0,10.0,16.0,3.0,12.0,438.0,88.0,0.0,,0.0,18.0,15.0,3.0,4.0,12.0,21.0,4.0,46.0,17.0,8.0,7.0,15.0,16.0,0.0,,10.0,0.0,52.0,,250.0,43.0,0.0,15.0,4.0,6.0,29.0,18.0,6.0,12.0,0.0,27.0,145.0,0.0,,16.0,4.0,67.0,19.0,,10.0,
Papua New Guinea,15.0,0.0,0.0,,0.0,,0.0,0.0,0.0,0.0,,0.0,0.0,0.0,0.0,,0.0,0.0,0.0,0.0,0.0,0.0,,0.0,0.0,0.0,0.0,0.0,0.0,0.0,0.0,0.0,3.0,0.0,,,0.0,0.0,0.0,0.0,0.0,0.0,0.0,,0.0,0.0,0.0,0.0,0.0,,0.0,,0.0,0.0,0.0,0.0
Paraguay,481.0,,0.0,3.0,0.0,17.0,8.0,12.0,0.0,3.0,86.0,10.0,0.0,0.0,0.0,3.0,,,16.0,0.0,0.0,0.0,27.0,,3.0,,,4.0,0.0,0.0,0.0,0.0,45.0,0.0,163.0,6.0,0.0,3.0,0.0,,8.0,4.0,0.0,,0.0,11.0,12.0,0.0,0.0,4.0,0.0,19.0,3.0,0.0,,0.0
Peru,15184.0,41.0,9.0,148.0,32.0,2242.0,131.0,389.0,24.0,36.0,3635.0,336.0,0.0,20.0,50.0,244.0,89.0,17.0,38.0,50.0,42.0,13.0,484.0,201.0,49.0,52.0,24.0,53.0,5.0,28.0,151.0,15.0,1988.0,28.0,1722.0,188.0,5.0,125.0,51.0,90.0,190.0,69.0,38.0,58.0,10.0,54.0,577.0,0.0,0.0,251.0,14.0,875.0,120.0,19.0,58.0,6.0
Philippines,54030.0,183.0,451.0,745.0,135.0,22423.0,338.0,317.0,96.0,63.0,2189.0,584.0,931.0,3513.0,94.0,2365.0,319.0,127.0,214.0,165.0,183.0,60.0,982.0,334.0,567.0,319.0,118.0,366.0,65.0,89.0,1660.0,95.0,2347.0,126.0,2570.0,479.0,33.0,461.0,163.0,348.0,537.0,15.0,77.0,203.0,46.0,352.0,2567.0,20.0,97.0,201.0,23.0,1324.0,1623.0,62.0,242.0,24.0
Poland,8354.0,14.0,8.0,76.0,6.0,343.0,78.0,354.0,14.0,5.0,342.0,70.0,0.0,5.0,,2746.0,60.0,7.0,11.0,8.0,17.0,13.0,93.0,191.0,154.0,35.0,9.0,27.0,8.0,12.0,51.0,5.0,832.0,13.0,1905.0,46.0,3.0,75.0,9.0,19.0,198.0,6.0,30.0,18.0,5.0,15.0,148.0,,0.0,13.0,5.0,101.0,88.0,4.0,54.0,
Portugal,772.0,,0.0,6.0,,111.0,,26.0,0.0,0.0,58.0,13.0,0.0,,0.0,4.0,,,,0.0,,,12.0,161.0,3.0,,0.0,,0.0,0.0,5.0,5.0,156.0,0.0,68.0,5.0,0.0,7.0,0.0,,20.0,,38.0,6.0,0.0,0.0,19.0,,0.0,,0.0,20.0,6.0,,,0.0
Qatar,151.0,,0.0,4.0,0.0,18.0,,3.0,0.0,0.0,12.0,,0.0,0.0,0.0,5.0,3.0,3.0,,0.0,0.0,,8.0,3.0,14.0,3.0,0.0,,0.0,0.0,,0.0,5.0,0.0,13.0,4.0,0.0,5.0,,0.0,3.0,0.0,0.0,,0.0,,20.0,0.0,0.0,0.0,0.0,8.0,,0.0,0.0,0.0
Romania,4930.0,20.0,5.0,170.0,20.0,683.0,56.0,53.0,24.0,12.0,403.0,237.0,0.0,4.0,16.0,533.0,58.0,16.0,14.0,16.0,25.0,5.0,100.0,97.0,289.0,42.0,11.0,37.0,3.0,6.0,75.0,33.0,129.0,17.0,454.0,85.0,4.0,142.0,13.0,119.0,140.0,,7.0,52.0,0.0,33.0,210.0,,0.0,22.0,4.0,145.0,246.0,8.0,29.0,5.0
Russia,11695.0,72.0,36.0,168.0,23.0,1960.0,252.0,166.0,12.0,32.0,573.0,325.0,,13.0,94.0,534.0,118.0,40.0,37.0,156.0,49.0,21.0,425.0,479.0,222.0,226.0,11.0,152.0,11.0,25.0,47.0,62.0,472.0,24.0,1437.0,195.0,10.0,262.0,55.0,221.0,492.0,15.0,28.0,60.0,7.0,127.0,495.0,,0.0,77.0,43.0,408.0,742.0,17.0,156.0,5.0
Rwanda,378.0,0.0,0.0,12.0,0.0,28.0,3.0,3.0,,,5.0,12.0,0.0,0.0,0.0,17.0,13.0,5.0,,10.0,,12.0,7.0,14.0,16.0,5.0,0.0,10.0,0.0,0.0,3.0,23.0,5.0,0.0,34.0,11.0,,19.0,4.0,4.0,5.0,0.0,12.0,0.0,0.0,5.0,47.0,0.0,0.0,5.0,0.0,12.0,5.0,0.0,5.0,0.0
Saint Helena,,0.0,0.0,0.0,0.0,0.0,0.0,0.0,0.0,0.0,,0.0,0.0,0.0,0.0,0.0,0.0,0.0,0.0,0.0,0.0,0.0,0.0,0.0,0.0,0.0,0.0,0.0,0.0,0.0,0.0,0.0,0.0,0.0,0.0,0.0,0.0,0.0,0.0,0.0,0.0,0.0,0.0,0.0,0.0,0.0,0.0,0.0,0.0,0.0,0.0,0.0,0.0,0.0,0.0,0.0
Saint Kitts-Nevis,363.0,0.0,,,0.0,0.0,3.0,6.0,,0.0,72.0,11.0,0.0,0.0,0.0,,0.0,0.0,0.0,,0.0,0.0,8.0,12.0,,,0.0,4.0,0.0,0.0,0.0,0.0,10.0,0.0,108.0,4.0,0.0,,,0.0,5.0,,5.0,0.0,0.0,,8.0,0.0,90.0,0.0,0.0,,,0.0,0.0,0.0
Saint Lucia,946.0,,,7.0,0.0,7.0,4.0,50.0,,3.0,129.0,29.0,0.0,,0.0,0.0,0.0,0.0,,,7.0,0.0,15.0,10.0,,0.0,,5.0,0.0,0.0,0.0,0.0,34.0,,441.0,12.0,0.0,,0.0,0.0,19.0,,,,,,43.0,0.0,93.0,0.0,0.0,9.0,4.0,,3.0,0.0
Saint Vincent and the Grenadines,568.0,0.0,0.0,,,17.0,,6.0,5.0,,42.0,14.0,0.0,0.0,0.0,,,0.0,0.0,0.0,,0.0,18.0,10.0,3.0,,0.0,,0.0,0.0,0.0,,24.0,0.0,362.0,,0.0,,0.0,0.0,23.0,0.0,0.0,,0.0,0.0,5.0,0.0,14.0,0.0,0.0,7.0,,0.0,,0.0
Samoa,227.0,0.0,18.0,3.0,0.0,71.0,3.0,0.0,0.0,0.0,,,0.0,39.0,0.0,,0.0,0.0,,,0.0,0.0,,0.0,0.0,,0.0,10.0,0.0,0.0,5.0,0.0,0.0,0.0,,,0.0,0.0,0.0,,,0.0,0.0,0.0,0.0,,0.0,0.0,,34.0,0.0,,27.0,0.0,0.0,
San Marino,,0.0,0.0,0.0,0.0,0.0,0.0,0.0,0.0,0.0,0.0,0.0,0.0,,0.0,0.0,0.0,0.0,0.0,0.0,0.0,0.0,0.0,0.0,0.0,0.0,0.0,0.0,0.0,0.0,0.0,0.0,0.0,0.0,0.0,0.0,0.0,0.0,0.0,0.0,0.0,0.0,0.0,0.0,0.0,0.0,0.0,0.0,0.0,0.0,0.0,0.0,0.0,0.0,0.0,0.0
Sao Tome and Principe,7.0,0.0,0.0,0.0,0.0,0.0,0.0,0.0,0.0,0.0,,0.0,0.0,0.0,0.0,0.0,0.0,0.0,0.0,0.0,0.0,0.0,0.0,,0.0,0.0,0.0,0.0,0.0,0.0,0.0,0.0,,0.0,0.0,0.0,0.0,0.0,0.0,0.0,0.0,0.0,0.0,0.0,0.0,0.0,,0.0,0.0,0.0,0.0,0.0,0.0,0.0,0.0,0.0
Saudi Arabia,1194.0,11.0,,18.0,,189.0,9.0,8.0,,7.0,72.0,35.0,3.0,,0.0,80.0,17.0,6.0,9.0,10.0,6.0,4.0,27.0,46.0,43.0,22.0,3.0,12.0,0.0,,4.0,3.0,65.0,,86.0,22.0,,42.0,7.0,10.0,34.0,,,4.0,0.0,19.0,114.0,0.0,0.0,7.0,0.0,87.0,21.0,,17.0,
Senegal,1149.0,,,10.0,0.0,50.0,7.0,7.0,,15.0,26.0,74.0,0.0,,,36.0,32.0,5.0,3.0,32.0,5.0,0.0,101.0,34.0,30.0,6.0,0.0,7.0,0.0,,4.0,0.0,42.0,0.0,310.0,26.0,0.0,79.0,6.0,5.0,25.0,3.0,36.0,,0.0,26.0,36.0,0.0,0.0,,,35.0,11.0,3.0,10.0,0.0
Serbia and Montenegro,3255.0,6.0,7.0,59.0,4.0,268.0,20.0,101.0,3.0,13.0,163.0,48.0,0.0,5.0,9.0,313.0,25.0,8.0,8.0,23.0,5.0,6.0,46.0,91.0,186.0,18.0,4.0,33.0,3.0,5.0,18.0,10.0,151.0,6.0,1061.0,28.0,8.0,70.0,5.0,13.0,85.0,0.0,,6.0,,23.0,130.0,0.0,0.0,9.0,,48.0,37.0,,58.0,
Seychelles,16.0,,0.0,0.0,0.0,0.0,,0.0,0.0,0.0,5.0,0.0,,0.0,0.0,0.0,0.0,0.0,0.0,0.0,0.0,0.0,0.0,0.0,0.0,0.0,0.0,0.0,0.0,0.0,,0.0,0.0,0.0,0.0,,0.0,,0.0,0.0,0.0,0.0,0.0,0.0,0.0,0.0,,0.0,0.0,0.0,0.0,0.0,,0.0,,0.0
Sierra Leone,2795.0,4.0,,38.0,,143.0,32.0,16.0,11.0,23.0,44.0,130.0,0.0,0.0,,60.0,6.0,14.0,,15.0,,0.0,469.0,70.0,35.0,70.0,3.0,45.0,0.0,,,7.0,163.0,0.0,450.0,63.0,6.0,99.0,3.0,11.0,206.0,0.0,14.0,3.0,3.0,29.0,138.0,0.0,0.0,33.0,0.0,302.0,20.0,,7.0,0.0
Singapore,922.0,8.0,,12.0,4.0,294.0,21.0,14.0,0.0,,28.0,30.0,0.0,13.0,5.0,32.0,7.0,0.0,6.0,6.0,,,22.0,30.0,6.0,12.0,,3.0,,0.0,10.0,,39.0,,87.0,14.0,0.0,7.0,7.0,8.0,15.0,,,,0.0,5.0,80.0,0.0,0.0,4.0,,23.0,47.0,,5.0,
Slovak Republic,653.0,3.0,,12.0,,72.0,28.0,30.0,0.0,,43.0,9.0,0.0,4.0,,36.0,6.0,,,,,,21.0,11.0,16.0,11.0,,9.0,,,5.0,3.0,87.0,7.0,103.0,14.0,0.0,10.0,,7.0,25.0,0.0,,7.0,0.0,4.0,13.0,0.0,,3.0,,13.0,12.0,0.0,6.0,
Slovenia,79.0,,0.0,,0.0,10.0,0.0,0.0,0.0,0.0,14.0,,0.0,0.0,0.0,4.0,0.0,0.0,,0.0,0.0,,,4.0,4.0,0.0,0.0,,0.0,0.0,0.0,0.0,5.0,0.0,8.0,,,,0.0,,,0.0,0.0,,0.0,,5.0,0.0,0.0,,,,0.0,0.0,,0.0
Solomon Islands,7.0,0.0,0.0,0.0,0.0,,0.0,0.0,0.0,0.0,0.0,0.0,0.0,0.0,0.0,0.0,0.0,0.0,0.0,0.0,0.0,0.0,,0.0,0.0,0.0,0.0,0.0,0.0,0.0,0.0,0.0,0.0,0.0,0.0,0.0,0.0,0.0,0.0,0.0,0.0,0.0,0.0,0.0,0.0,0.0,0.0,0.0,0.0,0.0,0.0,0.0,0.0,0.0,0.0,0.0
Somalia,10745.0,0.0,,378.0,0.0,498.0,193.0,43.0,,3.0,19.0,257.0,0.0,,56.0,174.0,52.0,35.0,75.0,210.0,4.0,346.0,76.0,256.0,139.0,3372.0,0.0,164.0,0.0,161.0,23.0,57.0,5.0,,238.0,74.0,89.0,1303.0,9.0,164.0,70.0,0.0,,9.0,39.0,470.0,339.0,0.0,0.0,143.0,48.0,243.0,782.0,0.0,123.0,0.0
South Africa,2723.0,19.0,,42.0,9.0,435.0,67.0,42.0,7.0,8.0,267.0,148.0,0.0,9.0,5.0,74.0,39.0,17.0,33.0,17.0,10.0,6.0,71.0,76.0,51.0,28.0,9.0,25.0,9.0,5.0,20.0,9.0,105.0,5.0,211.0,93.0,5.0,85.0,4.0,32.0,65.0,0.0,8.0,25.0,8.0,24.0,269.0,0.0,,22.0,7.0,108.0,67.0,4.0,13.0,3.0
"Soviet Union, former",5270.0,28.0,52.0,92.0,14.0,745.0,95.0,50.0,14.0,12.0,450.0,119.0,0.0,13.0,16.0,242.0,42.0,25.0,28.0,36.0,34.0,23.0,156.0,197.0,98.0,55.0,17.0,50.0,5.0,17.0,70.0,27.0,254.0,15.0,882.0,77.0,7.0,145.0,17.0,69.0,162.0,5.0,16.0,45.0,0.0,44.0,217.0,0.0,0.0,50.0,5.0,204.0,153.0,9.0,57.0,15.0
Spain,1621.0,,6.0,10.0,,261.0,20.0,18.0,5.0,16.0,371.0,21.0,,5.0,3.0,59.0,11.0,7.0,9.0,12.0,4.0,4.0,29.0,43.0,14.0,7.0,,26.0,,,11.0,,77.0,5.0,186.0,33.0,,20.0,4.0,12.0,28.0,36.0,3.0,8.0,0.0,11.0,111.0,0.0,,19.0,,27.0,37.0,3.0,14.0,
Sri Lanka,1935.0,4.0,0.0,16.0,,457.0,11.0,25.0,5.0,5.0,67.0,28.0,,,5.0,68.0,7.0,10.0,4.0,15.0,3.0,0.0,128.0,38.0,49.0,15.0,5.0,10.0,0.0,,20.0,8.0,137.0,,440.0,15.0,,38.0,,19.0,38.0,0.0,7.0,9.0,0.0,5.0,95.0,0.0,0.0,5.0,,63.0,34.0,3.0,12.0,0.0
Sudan,3598.0,11.0,8.0,169.0,,175.0,136.0,28.0,,9.0,71.0,97.0,0.0,,39.0,116.0,40.0,195.0,14.0,45.0,5.0,69.0,76.0,61.0,83.0,150.0,5.0,63.0,0.0,257.0,12.0,65.0,44.0,,222.0,114.0,40.0,36.0,5.0,14.0,99.0,0.0,0.0,7.0,59.0,133.0,328.0,0.0,0.0,81.0,14.0,287.0,93.0,,16.0,0.0
Suriname,218.0,0.0,0.0,0.0,0.0,6.0,,,,0.0,59.0,5.0,0.0,0.0,0.0,,0.0,0.0,0.0,,0.0,0.0,,3.0,,,3.0,,0.0,,3.0,0.0,8.0,0.0,95.0,5.0,0.0,,,0.0,,0.0,0.0,,0.0,0.0,6.0,0.0,0.0,0.0,0.0,3.0,0.0,0.0,,0.0
Swaziland,18.0,0.0,0.0,,,3.0,0.0,,0.0,0.0,,,0.0,0.0,0.0,0.0,0.0,0.0,0.0,0.0,0.0,0.0,,0.0,0.0,0.0,0.0,0.0,0.0,0.0,0.0,0.0,0.0,0.0,3.0,0.0,0.0,0.0,0.0,0.0,0.0,0.0,0.0,0.0,0.0,0.0,3.0,0.0,0.0,0.0,0.0,,,0.0,0.0,0.0
Sweden,1019.0,7.0,,7.0,,254.0,28.0,21.0,,9.0,107.0,32.0,0.0,10.0,5.0,34.0,9.0,3.0,4.0,4.0,6.0,,12.0,41.0,17.0,11.0,0.0,10.0,,,4.0,,29.0,4.0,123.0,30.0,0.0,19.0,5.0,9.0,24.0,0.0,,5.0,,,61.0,0.0,0.0,8.0,3.0,20.0,20.0,3.0,5.0,
Switzerland,720.0,0.0,0.0,8.0,,146.0,28.0,17.0,3.0,4.0,60.0,21.0,0.0,7.0,,26.0,9.0,,,3.0,4.0,0.0,12.0,32.0,13.0,14.0,0.0,4.0,0.0,,18.0,0.0,30.0,,101.0,18.0,,11.0,0.0,11.0,23.0,0.0,0.0,3.0,,,32.0,0.0,0.0,8.0,4.0,12.0,17.0,,6.0,
Syria,2641.0,13.0,0.0,44.0,11.0,624.0,5.0,21.0,5.0,4.0,175.0,38.0,0.0,0.0,0.0,224.0,23.0,11.0,9.0,24.0,15.0,0.0,35.0,89.0,209.0,24.0,5.0,28.0,0.0,18.0,20.0,3.0,170.0,6.0,157.0,18.0,3.0,129.0,19.0,9.0,137.0,3.0,18.0,15.0,3.0,13.0,134.0,0.0,,9.0,0.0,65.0,20.0,13.0,20.0,
Taiwan,9073.0,28.0,8.0,89.0,11.0,4411.0,64.0,54.0,3.0,9.0,174.0,183.0,9.0,65.0,8.0,243.0,56.0,36.0,35.0,44.0,14.0,,236.0,184.0,116.0,64.0,10.0,69.0,0.0,9.0,48.0,15.0,402.0,23.0,704.0,66.0,7.0,103.0,25.0,84.0,135.0,,6.0,21.0,6.0,24.0,598.0,0.0,0.0,91.0,11.0,143.0,285.0,5.0,34.0,
Tajikistan,231.0,0.0,0.0,5.0,0.0,18.0,18.0,3.0,0.0,0.0,9.0,9.0,0.0,0.0,,4.0,0.0,0.0,0.0,,0.0,0.0,7.0,,,0.0,0.0,5.0,0.0,14.0,0.0,0.0,8.0,,61.0,,0.0,6.0,,15.0,10.0,0.0,0.0,6.0,,0.0,5.0,0.0,0.0,,0.0,9.0,7.0,0.0,,0.0
Tanzania,838.0,14.0,0.0,20.0,0.0,55.0,10.0,8.0,4.0,6.0,43.0,35.0,0.0,0.0,,26.0,11.0,10.0,21.0,3.0,,0.0,68.0,62.0,19.0,19.0,3.0,15.0,0.0,4.0,4.0,,20.0,5.0,67.0,13.0,0.0,37.0,5.0,8.0,27.0,0.0,5.0,13.0,0.0,14.0,85.0,0.0,0.0,3.0,0.0,33.0,19.0,4.0,14.0,0.0
Thailand,6637.0,23.0,80.0,80.0,30.0,1998.0,76.0,33.0,7.0,11.0,336.0,117.0,13.0,79.0,14.0,151.0,57.0,22.0,29.0,26.0,30.0,13.0,156.0,112.0,82.0,651.0,12.0,59.0,14.0,18.0,159.0,18.0,87.0,22.0,245.0,113.0,,69.0,31.0,88.0,97.0,0.0,16.0,40.0,5.0,26.0,249.0,,9.0,50.0,8.0,185.0,176.0,7.0,594.0,8.0
Togo,1661.0,13.0,0.0,29.0,0.0,23.0,17.0,30.0,5.0,23.0,35.0,105.0,0.0,,6.0,133.0,15.0,4.0,4.0,14.0,6.0,,298.0,25.0,11.0,139.0,,11.0,0.0,93.0,3.0,,53.0,,251.0,64.0,,23.0,0.0,6.0,56.0,0.0,7.0,5.0,0.0,9.0,42.0,0.0,0.0,7.0,,74.0,4.0,,8.0,0.0
Tonga,365.0,0.0,18.0,12.0,0.0,149.0,3.0,0.0,0.0,0.0,,0.0,0.0,67.0,21.0,0.0,0.0,,0.0,0.0,0.0,,0.0,0.0,,,0.0,,0.0,0.0,11.0,0.0,0.0,0.0,0.0,,0.0,0.0,0.0,7.0,,0.0,0.0,,0.0,0.0,7.0,0.0,,47.0,0.0,0.0,9.0,0.0,,
Trinidad and Tobago,5937.0,13.0,,9.0,,90.0,9.0,55.0,6.0,33.0,883.0,190.0,0.0,,0.0,28.0,25.0,3.0,4.0,13.0,21.0,,321.0,124.0,19.0,16.0,3.0,3.0,0.0,5.0,8.0,3.0,359.0,,3107.0,47.0,,32.0,4.0,3.0,170.0,6.0,7.0,16.0,0.0,8.0,149.0,0.0,12.0,,,92.0,15.0,4.0,10.0,
Tunisia,410.0,4.0,0.0,,,54.0,3.0,6.0,4.0,7.0,55.0,13.0,0.0,0.0,,10.0,,,,,,0.0,16.0,5.0,10.0,9.0,,5.0,0.0,4.0,3.0,,18.0,0.0,54.0,10.0,,7.0,,,18.0,0.0,0.0,,0.0,,25.0,0.0,0.0,,0.0,39.0,3.0,,3.0,0.0
Turkey,4210.0,16.0,5.0,53.0,16.0,546.0,36.0,95.0,41.0,28.0,270.0,121.0,0.0,4.0,,140.0,28.0,10.0,21.0,14.0,29.0,5.0,119.0,162.0,64.0,36.0,4.0,41.0,,8.0,26.0,10.0,483.0,5.0,797.0,62.0,,62.0,20.0,18.0,147.0,,17.0,15.0,,35.0,257.0,,,7.0,3.0,206.0,84.0,4.0,30.0,0.0
Turkmenistan,274.0,0.0,0.0,3.0,,58.0,,4.0,,0.0,17.0,4.0,0.0,0.0,0.0,7.0,,4.0,0.0,0.0,0.0,0.0,0.0,8.0,7.0,,0.0,,0.0,0.0,3.0,0.0,13.0,0.0,48.0,0.0,0.0,4.0,0.0,4.0,11.0,0.0,0.0,,0.0,,10.0,0.0,0.0,7.0,0.0,9.0,12.0,0.0,30.0,0.0
Turks and Caicos Islands,35.0,0.0,0.0,0.0,0.0,,0.0,0.0,0.0,0.0,28.0,,0.0,0.0,0.0,0.0,0.0,0.0,0.0,0.0,0.0,0.0,0.0,0.0,0.0,0.0,0.0,0.0,0.0,0.0,0.0,0.0,,0.0,,0.0,0.0,0.0,0.0,0.0,0.0,0.0,0.0,0.0,0.0,0.0,,0.0,0.0,0.0,0.0,0.0,0.0,0.0,0.0,0.0
Tuvalu,,0.0,0.0,0.0,0.0,,0.0,0.0,0.0,0.0,0.0,0.0,0.0,,0.0,0.0,0.0,0.0,0.0,0.0,0.0,0.0,0.0,0.0,0.0,0.0,0.0,0.0,0.0,0.0,0.0,0.0,0.0,0.0,0.0,0.0,0.0,0.0,0.0,0.0,0.0,0.0,0.0,0.0,0.0,0.0,0.0,0.0,0.0,0.0,0.0,0.0,0.0,0.0,0.0,0.0
U.S. Virgin Islands,,0.0,0.0,0.0,0.0,0.0,0.0,0.0,0.0,0.0,0.0,0.0,0.0,0.0,0.0,0.0,0.0,0.0,0.0,0.0,0.0,0.0,0.0,0.0,0.0,0.0,0.0,0.0,0.0,0.0,0.0,0.0,,0.0,0.0,0.0,0.0,0.0,0.0,0.0,0.0,0.0,0.0,0.0,0.0,0.0,0.0,0.0,0.0,0.0,0.0,0.0,0.0,0.0,0.0,0.0
Uganda,1174.0,4.0,0.0,16.0,7.0,193.0,32.0,11.0,8.0,5.0,28.0,24.0,,0.0,,52.0,10.0,14.0,4.0,3.0,5.0,10.0,69.0,239.0,24.0,42.0,4.0,11.0,4.0,,6.0,,27.0,5.0,40.0,11.0,19.0,37.0,7.0,,28.0,0.0,0.0,,,10.0,61.0,0.0,0.0,6.0,0.0,50.0,23.0,0.0,13.0,0.0
Ukraine,10813.0,58.0,43.0,63.0,19.0,1536.0,174.0,194.0,8.0,7.0,446.0,141.0,,9.0,24.0,951.0,110.0,24.0,35.0,35.0,24.0,16.0,150.0,260.0,283.0,137.0,7.0,92.0,15.0,33.0,31.0,26.0,530.0,16.0,1965.0,173.0,9.0,311.0,37.0,466.0,568.0,,5.0,56.0,12.0,69.0,226.0,0.0,,50.0,,173.0,1080.0,9.0,92.0,9.0
United Arab Emirates,693.0,7.0,0.0,9.0,0.0,132.0,5.0,10.0,,,43.0,18.0,,0.0,,44.0,3.0,,7.0,6.0,,,11.0,16.0,29.0,12.0,0.0,,0.0,,7.0,,34.0,,66.0,11.0,0.0,29.0,,4.0,13.0,,,3.0,0.0,10.0,89.0,0.0,0.0,0.0,,44.0,7.0,0.0,5.0,0.0
United Kingdom,14348.0,83.0,8.0,245.0,45.0,2347.0,223.0,314.0,35.0,82.0,1490.0,559.0,,38.0,33.0,433.0,182.0,45.0,53.0,92.0,81.0,50.0,314.0,449.0,326.0,125.0,27.0,152.0,21.0,23.0,86.0,90.0,633.0,40.0,1559.0,396.0,9.0,274.0,61.0,150.0,446.0,13.0,44.0,144.0,10.0,152.0,1201.0,,10.0,93.0,47.0,446.0,401.0,31.0,119.0,13.0
United States,216.0,0.0,0.0,6.0,0.0,37.0,,,0.0,3.0,29.0,9.0,0.0,,0.0,6.0,3.0,,,0.0,,0.0,8.0,4.0,3.0,0.0,0.0,0.0,0.0,0.0,,,4.0,,26.0,,0.0,4.0,,,,,,,0.0,0.0,32.0,,,7.0,0.0,5.0,,,,0.0
Uruguay,1451.0,,0.0,5.0,0.0,51.0,8.0,22.0,,6.0,551.0,78.0,0.0,3.0,,12.0,3.0,0.0,0.0,3.0,8.0,0.0,28.0,66.0,3.0,7.0,3.0,4.0,0.0,0.0,6.0,9.0,226.0,3.0,127.0,27.0,0.0,12.0,,,23.0,26.0,,10.0,0.0,4.0,34.0,0.0,0.0,20.0,0.0,42.0,5.0,0.0,7.0,0.0
Uzbekistan,6375.0,18.0,8.0,171.0,4.0,469.0,119.0,56.0,3.0,6.0,261.0,218.0,0.0,,192.0,150.0,28.0,,15.0,177.0,7.0,0.0,168.0,114.0,73.0,15.0,5.0,143.0,,6.0,4.0,31.0,174.0,6.0,1915.0,65.0,,228.0,20.0,173.0,412.0,0.0,,60.0,9.0,59.0,112.0,,0.0,68.0,57.0,213.0,304.0,,30.0,
Vanuatu,5.0,0.0,0.0,0.0,0.0,0.0,0.0,0.0,0.0,0.0,,,0.0,0.0,0.0,0.0,0.0,0.0,0.0,0.0,0.0,0.0,0.0,0.0,0.0,0.0,0.0,0.0,0.0,0.0,0.0,0.0,0.0,0.0,0.0,0.0,0.0,0.0,0.0,0.0,0.0,0.0,0.0,0.0,0.0,0.0,0.0,0.0,0.0,,0.0,0.0,0.0,0.0,0.0,0.0
Venezuela,10514.0,20.0,,55.0,9.0,367.0,72.0,70.0,14.0,30.0,6050.0,319.0,0.0,10.0,4.0,119.0,58.0,9.0,23.0,24.0,62.0,,141.0,147.0,52.0,47.0,10.0,29.0,,9.0,32.0,3.0,213.0,4.0,515.0,118.0,,94.0,57.0,18.0,104.0,167.0,24.0,47.0,0.0,72.0,894.0,0.0,5.0,120.0,4.0,164.0,60.0,6.0,31.0,6.0
Vietnam,31497.0,93.0,14.0,471.0,110.0,11086.0,472.0,176.0,27.0,35.0,1197.0,1063.0,,210.0,51.0,480.0,166.0,252.0,421.0,91.0,428.0,34.0,500.0,973.0,424.0,604.0,110.0,336.0,5.0,169.0,168.0,78.0,471.0,60.0,537.0,1046.0,20.0,329.0,278.0,667.0,941.0,,27.0,101.0,27.0,226.0,3534.0,0.0,8.0,237.0,15.0,1056.0,1570.0,15.0,78.0,5.0
Western Sahara,,0.0,0.0,0.0,0.0,0.0,0.0,0.0,0.0,0.0,0.0,0.0,0.0,0.0,0.0,0.0,0.0,0.0,0.0,0.0,0.0,0.0,0.0,0.0,0.0,0.0,0.0,0.0,0.0,0.0,0.0,0.0,0.0,0.0,0.0,0.0,0.0,0.0,0.0,0.0,0.0,0.0,0.0,0.0,0.0,0.0,0.0,0.0,0.0,0.0,0.0,,0.0,0.0,0.0,0.0
Yemen,1872.0,30.0,0.0,10.0,,288.0,3.0,19.0,9.0,,7.0,5.0,0.0,0.0,0.0,48.0,46.0,,,,11.0,0.0,,4.0,575.0,24.0,13.0,,0.0,0.0,,0.0,11.0,,612.0,22.0,0.0,10.0,0.0,,13.0,0.0,,4.0,,38.0,7.0,0.0,0.0,0.0,,24.0,18.0,0.0,,0.0
Zambia,613.0,,0.0,23.0,,55.0,7.0,10.0,4.0,4.0,33.0,69.0,0.0,0.0,0.0,33.0,23.0,4.0,,6.0,0.0,,33.0,21.0,24.0,6.0,,8.0,0.0,0.0,,,10.0,,54.0,16.0,0.0,14.0,,3.0,16.0,0.0,0.0,3.0,,,80.0,0.0,0.0,,0.0,13.0,17.0,,4.0,0.0
Zimbabwe,953.0,,,18.0,,97.0,8.0,8.0,,5.0,47.0,67.0,0.0,0.0,,20.0,69.0,3.0,8.0,17.0,3.0,0.0,44.0,34.0,24.0,9.0,0.0,9.0,0.0,15.0,,8.0,42.0,,44.0,28.0,4.0,26.0,6.0,7.0,48.0,0.0,4.0,6.0,0.0,12.0,141.0,0.0,0.0,,,39.0,12.0,4.0,4.0,
Unknown,1394.0,4.0,2.0,20.0,2.0,232.0,11.0,15.0,1.0,5.0,199.0,41.0,0.0,2.0,4.0,77.0,15.0,1.0,5.0,11.0,23.0,0.0,49.0,27.0,37.0,13.0,2.0,14.0,0.0,4.0,4.0,10.0,53.0,4.0,154.0,29.0,0.0,46.0,11.0,8.0,46.0,8.0,2.0,3.0,1.0,29.0,90.0,0.0,2.0,3.0,0.0,33.0,20.0,2.0,19.0,1.0
