,Total,Alabama,Alaska,Arizona,Arkansas,California,Colorado,Connecticut,Delaware,District of Columbia,Florida,Georgia,Hawaii,Idaho,Illinois,Indiana,Iowa,Kansas,Kentucky,Louisiana,Maine,Maryland,Massachusetts,Michigan,Minnesota,Mississippi,Missouri,Montana,Nebraska,Nevada,New Hampshire,New Jersey,New Mexico,New York,North Carolina,North Dakota,Ohio,Oklahoma,Oregon,Pennsylvania,Rhode Island,South Carolina,South Dakota,Tennessee,Texas,U.S. Armed Services Posts,U.S. Possessions,Utah,Vermont,Virginia,Washington,West Virginia,Wisconsin,Wyoming,Unknown
Total,537151.0,734.0,777.0,6500.0,823.0,145594.0,6007.0,5957.0,982.0,882.0,43795.0,6880.0,2050.0,864.0,29432.0,2455.0,1314.0,2093.0,1307.0,1458.0,548.0,12295.0,16263.0,14615.0,7713.0,557.0,3999.0,285.0,1537.0,4622.0,958.0,30291.0,1449.0,66234.0,5084.0,267.0,8590.0,1765.0,3612.0,10205.0,2185.0,1748.0,257.0,2613.0,35417.0,2.0,1849.0,3110.0,419.0,13478.0,12668.0,237.0,3570.0,146.0,8659
Europe,89014.0,97.0,111.0,1206.0,84.0,14468.0,1521.0,1711.0,148.0,126.0,4863.0,910.0,99.0,294.0,10274.0,525.0,367.0,173.0,406.0,139.0,161.0,1519.0,4008.0,4110.0,1125.0,50.0,1256.0,88.0,245.0,655.0,325.0,5152.0,183.0,13753.0,642.0,87.0,2623.0,175.0,897.0,2771.0,468.0,353.0,97.0,362.0,2527.0,,63.0,823.0,213.0,1446.0,3103.0,48.0,793.0,,1329
Albania,3324.0,0.0,0.0,10.0,0.0,33.0,,176.0,,5.0,209.0,,0.0,3.0,280.0,11.0,0.0,3.0,0.0,0.0,6.0,53.0,449.0,661.0,3.0,0.0,62.0,0.0,5.0,14.0,17.0,177.0,,523.0,11.0,0.0,176.0,,,243.0,,13.0,0.0,,51.0,0.0,0.0,,5.0,23.0,19.0,0.0,51.0,0.0,19
Armenia,1793.0,0.0,,5.0,0.0,1537.0,4.0,9.0,0.0,,9.0,,0.0,0.0,7.0,3.0,0.0,0.0,,,0.0,4.0,25.0,12.0,5.0,0.0,5.0,0.0,0.0,19.0,,13.0,,48.0,,0.0,4.0,,6.0,11.0,16.0,,0.0,3.0,5.0,0.0,0.0,11.0,0.0,6.0,12.0,0.0,0.0,0.0,2
Austria,277.0,,0.0,7.0,,53.0,7.0,4.0,0.0,,26.0,,,,18.0,0.0,,0.0,0.0,0.0,0.0,12.0,6.0,16.0,4.0,,3.0,,0.0,4.0,3.0,10.0,,38.0,4.0,0.0,6.0,0.0,,4.0,0.0,,0.0,,12.0,0.0,0.0,,,8.0,7.0,0.0,0.0,,5
Azerbaijan,793.0,0.0,,,0.0,209.0,9.0,10.0,0.0,,13.0,3.0,,,13.0,,,3.0,11.0,0.0,3.0,12.0,33.0,42.0,6.0,0.0,12.0,0.0,,,0.0,13.0,,227.0,,,20.0,,,21.0,,0.0,,4.0,10.0,0.0,0.0,14.0,3.0,8.0,56.0,,5.0,0.0,8
Belarus,1464.0,0.0,,4.0,,194.0,81.0,25.0,,,28.0,13.0,0.0,,79.0,8.0,,0.0,7.0,0.0,0.0,30.0,43.0,38.0,48.0,0.0,35.0,3.0,5.0,,,62.0,,438.0,10.0,0.0,69.0,0.0,15.0,55.0,10.0,3.0,0.0,0.0,22.0,0.0,0.0,4.0,,15.0,70.0,0.0,24.0,0.0,13
Belgium,232.0,3.0,0.0,4.0,,48.0,10.0,6.0,,3.0,20.0,5.0,0.0,0.0,9.0,,,0.0,,0.0,,4.0,10.0,9.0,0.0,0.0,,,0.0,3.0,,7.0,,26.0,,0.0,4.0,,5.0,6.0,0.0,,0.0,0.0,16.0,0.0,,,0.0,6.0,,0.0,,0.0,5
Bosnia-Herzegovina,8013.0,5.0,6.0,291.0,,561.0,122.0,68.0,3.0,5.0,481.0,158.0,0.0,160.0,990.0,118.0,257.0,16.0,177.0,15.0,16.0,32.0,188.0,503.0,181.0,0.0,535.0,0.0,106.0,97.0,51.0,78.0,4.0,551.0,75.0,54.0,170.0,9.0,88.0,212.0,6.0,8.0,33.0,45.0,304.0,0.0,,379.0,85.0,127.0,278.0,4.0,76.0,,281
Bulgaria,2487.0,0.0,0.0,52.0,,379.0,41.0,23.0,10.0,6.0,136.0,73.0,,4.0,599.0,24.0,0.0,15.0,7.0,4.0,6.0,49.0,89.0,91.0,33.0,0.0,53.0,,,65.0,6.0,61.0,3.0,207.0,10.0,0.0,40.0,7.0,10.0,56.0,,17.0,0.0,5.0,85.0,0.0,0.0,15.0,,71.0,98.0,,8.0,4.0,15
Croatia,1084.0,,0.0,27.0,0.0,110.0,24.0,11.0,,,66.0,19.0,,10.0,140.0,19.0,7.0,0.0,11.0,,,10.0,33.0,46.0,19.0,0.0,31.0,,4.0,26.0,4.0,41.0,,104.0,10.0,,70.0,3.0,,27.0,,,10.0,11.0,42.0,0.0,0.0,31.0,6.0,13.0,28.0,0.0,32.0,0.0,20
Czech Republic,69.0,0.0,,4.0,0.0,14.0,3.0,0.0,,,9.0,,0.0,0.0,4.0,,0.0,0.0,0.0,0.0,0.0,3.0,0.0,,,,,,0.0,0.0,0.0,,0.0,,,0.0,,,0.0,,0.0,0.0,0.0,0.0,,0.0,0.0,,0.0,0.0,,0.0,,0.0,1
"Czechoslovakia, former",434.0,3.0,3.0,6.0,0.0,91.0,9.0,5.0,0.0,,38.0,13.0,,0.0,41.0,,0.0,0.0,0.0,3.0,0.0,7.0,10.0,6.0,3.0,0.0,4.0,,0.0,5.0,,25.0,0.0,39.0,9.0,,13.0,3.0,9.0,13.0,,6.0,0.0,,15.0,0.0,0.0,5.0,,12.0,14.0,0.0,,0.0,9
Denmark,175.0,0.0,0.0,3.0,0.0,59.0,8.0,0.0,,,9.0,0.0,,0.0,7.0,0.0,0.0,,0.0,0.0,0.0,7.0,,7.0,,0.0,3.0,0.0,0.0,3.0,0.0,7.0,,7.0,,,5.0,0.0,5.0,4.0,,3.0,,3.0,11.0,0.0,0.0,,0.0,,3.0,0.0,,0.0,2
Estonia,126.0,0.0,0.0,3.0,0.0,16.0,4.0,0.0,0.0,0.0,5.0,,0.0,0.0,5.0,,0.0,0.0,0.0,0.0,,5.0,,3.0,0.0,0.0,0.0,,0.0,0.0,0.0,11.0,0.0,15.0,,0.0,8.0,,7.0,4.0,,0.0,0.0,,,0.0,0.0,,0.0,,19.0,0.0,0.0,0.0,2
Finland,352.0,0.0,4.0,,0.0,86.0,8.0,6.0,3.0,0.0,33.0,7.0,0.0,0.0,15.0,0.0,,0.0,,0.0,5.0,7.0,16.0,8.0,12.0,0.0,,6.0,0.0,3.0,,9.0,4.0,27.0,,0.0,5.0,0.0,7.0,11.0,,0.0,0.0,0.0,15.0,0.0,,7.0,0.0,6.0,20.0,,9.0,0.0,2
France,1802.0,3.0,0.0,21.0,,492.0,32.0,28.0,6.0,13.0,149.0,20.0,5.0,4.0,55.0,9.0,0.0,3.0,3.0,8.0,4.0,54.0,66.0,40.0,21.0,,13.0,0.0,,15.0,11.0,76.0,8.0,230.0,18.0,0.0,24.0,3.0,15.0,41.0,8.0,13.0,,9.0,89.0,0.0,5.0,23.0,5.0,55.0,60.0,0.0,9.0,0.0,29
Georgia,382.0,0.0,0.0,3.0,,119.0,8.0,3.0,0.0,,6.0,8.0,0.0,0.0,4.0,,4.0,3.0,0.0,0.0,0.0,12.0,5.0,4.0,4.0,0.0,3.0,0.0,0.0,4.0,,31.0,0.0,99.0,0.0,0.0,7.0,0.0,4.0,15.0,3.0,0.0,0.0,,4.0,0.0,0.0,0.0,,4.0,13.0,0.0,,0.0,3
Germany,3836.0,24.0,7.0,92.0,13.0,722.0,114.0,65.0,9.0,9.0,403.0,50.0,11.0,12.0,150.0,32.0,9.0,24.0,24.0,18.0,14.0,72.0,77.0,131.0,43.0,10.0,53.0,14.0,6.0,37.0,22.0,140.0,27.0,298.0,63.0,3.0,101.0,27.0,33.0,114.0,13.0,52.0,9.0,29.0,246.0,,,35.0,8.0,136.0,99.0,6.0,46.0,5.0,76
Gibraltar,,0.0,0.0,0.0,0.0,,0.0,0.0,0.0,0.0,0.0,0.0,0.0,0.0,0.0,0.0,0.0,0.0,0.0,0.0,0.0,,0.0,0.0,0.0,0.0,0.0,0.0,0.0,0.0,0.0,,0.0,0.0,0.0,0.0,0.0,0.0,0.0,0.0,0.0,0.0,0.0,0.0,0.0,0.0,0.0,0.0,0.0,0.0,0.0,0.0,0.0,0.0,0
Greece,1100.0,0.0,,5.0,,174.0,10.0,30.0,7.0,3.0,55.0,4.0,0.0,0.0,98.0,6.0,,0.0,3.0,,,23.0,94.0,37.0,,,9.0,,0.0,11.0,12.0,71.0,0.0,235.0,9.0,0.0,26.0,,3.0,41.0,4.0,7.0,0.0,4.0,36.0,0.0,0.0,,0.0,32.0,9.0,0.0,5.0,0.0,23
Hungary,738.0,,,18.0,,181.0,11.0,25.0,0.0,3.0,102.0,4.0,,,27.0,6.0,,0.0,,0.0,,14.0,19.0,20.0,6.0,0.0,6.0,0.0,,15.0,,37.0,,80.0,5.0,0.0,30.0,,4.0,16.0,0.0,4.0,0.0,6.0,21.0,0.0,0.0,,,19.0,14.0,0.0,13.0,0.0,12
Iceland,79.0,0.0,0.0,,0.0,12.0,4.0,,0.0,0.0,8.0,,0.0,0.0,,,0.0,0.0,0.0,0.0,0.0,4.0,,9.0,,,,0.0,0.0,0.0,0.0,0.0,0.0,7.0,,0.0,0.0,0.0,,0.0,0.0,0.0,,0.0,3.0,0.0,0.0,0.0,0.0,8.0,3.0,0.0,,0.0,1
Ireland,2421.0,,4.0,20.0,7.0,430.0,22.0,50.0,0.0,5.0,109.0,16.0,6.0,0.0,141.0,7.0,,4.0,5.0,3.0,5.0,26.0,310.0,25.0,14.0,3.0,7.0,,6.0,11.0,16.0,145.0,5.0,669.0,19.0,,20.0,3.0,13.0,65.0,12.0,19.0,,11.0,55.0,0.0,,8.0,4.0,46.0,42.0,0.0,12.0,,11
Italy,2295.0,,,25.0,,354.0,25.0,65.0,8.0,,196.0,7.0,,,104.0,7.0,,3.0,5.0,5.0,0.0,41.0,104.0,89.0,14.0,0.0,6.0,,5.0,20.0,4.0,207.0,3.0,578.0,14.0,0.0,51.0,,11.0,89.0,13.0,6.0,0.0,7.0,56.0,0.0,6.0,13.0,,41.0,29.0,4.0,18.0,0.0,47
Kazakhstan,572.0,0.0,,,0.0,105.0,20.0,10.0,0.0,0.0,10.0,4.0,,0.0,17.0,0.0,,,,0.0,3.0,15.0,25.0,11.0,13.0,0.0,12.0,,,4.0,,11.0,,133.0,,0.0,16.0,,13.0,29.0,,0.0,,,11.0,0.0,0.0,,,15.0,60.0,0.0,7.0,0.0,4
Kyrgyzstan,159.0,0.0,0.0,,0.0,18.0,4.0,0.0,0.0,,,0.0,0.0,0.0,4.0,0.0,0.0,0.0,0.0,0.0,,3.0,4.0,5.0,5.0,,4.0,0.0,,0.0,,9.0,0.0,20.0,0.0,,4.0,0.0,10.0,7.0,0.0,,0.0,0.0,,0.0,0.0,,0.0,5.0,39.0,0.0,,,2
Latvia,335.0,0.0,0.0,,0.0,49.0,8.0,6.0,,,17.0,5.0,0.0,,21.0,,,,0.0,,,8.0,7.0,25.0,9.0,0.0,,,3.0,,,24.0,3.0,64.0,3.0,0.0,14.0,0.0,8.0,7.0,,,0.0,0.0,4.0,0.0,,0.0,0.0,7.0,11.0,0.0,7.0,,4
Lithuania,738.0,0.0,3.0,,0.0,62.0,13.0,11.0,3.0,0.0,30.0,11.0,0.0,0.0,347.0,4.0,0.0,,0.0,,3.0,8.0,16.0,22.0,9.0,0.0,8.0,,0.0,4.0,0.0,29.0,,43.0,,0.0,16.0,0.0,4.0,16.0,0.0,,0.0,5.0,7.0,0.0,0.0,5.0,,11.0,16.0,,6.0,,11
Luxembourg,9.0,0.0,0.0,0.0,0.0,,0.0,0.0,0.0,0.0,0.0,0.0,0.0,0.0,0.0,0.0,0.0,0.0,0.0,0.0,0.0,0.0,0.0,0.0,,0.0,0.0,0.0,0.0,0.0,0.0,0.0,0.0,,0.0,0.0,,0.0,0.0,0.0,0.0,0.0,0.0,,0.0,0.0,0.0,0.0,0.0,0.0,0.0,,0.0,,0
Macedonia,601.0,0.0,7.0,7.0,0.0,31.0,,23.0,0.0,0.0,21.0,,0.0,,87.0,14.0,6.0,0.0,,0.0,,,5.0,104.0,4.0,0.0,4.0,0.0,0.0,3.0,0.0,100.0,0.0,79.0,0.0,,22.0,,0.0,11.0,0.0,,0.0,0.0,9.0,0.0,0.0,,0.0,8.0,,,28.0,0.0,11
Malta,80.0,0.0,0.0,,0.0,17.0,0.0,0.0,0.0,0.0,5.0,0.0,0.0,0.0,,0.0,0.0,0.0,0.0,0.0,0.0,,,8.0,0.0,0.0,0.0,0.0,0.0,0.0,0.0,,0.0,36.0,0.0,0.0,0.0,,0.0,0.0,0.0,0.0,0.0,0.0,,0.0,0.0,0.0,0.0,0.0,,0.0,0.0,0.0,1
Moldova,711.0,0.0,,0.0,0.0,135.0,10.0,7.0,0.0,,19.0,14.0,0.0,,13.0,,,0.0,3.0,0.0,,10.0,17.0,13.0,18.0,0.0,4.0,0.0,,3.0,0.0,26.0,,174.0,12.0,0.0,15.0,,15.0,35.0,0.0,0.0,0.0,0.0,11.0,0.0,0.0,3.0,,22.0,113.0,0.0,,0.0,5
Monaco,,0.0,0.0,0.0,0.0,0.0,0.0,0.0,0.0,0.0,0.0,0.0,0.0,0.0,0.0,0.0,0.0,0.0,0.0,0.0,0.0,0.0,0.0,0.0,0.0,0.0,0.0,0.0,0.0,0.0,0.0,0.0,0.0,,0.0,0.0,0.0,0.0,0.0,0.0,0.0,0.0,0.0,0.0,0.0,0.0,0.0,0.0,0.0,0.0,0.0,0.0,0.0,0.0,0
Netherlands,722.0,0.0,,14.0,0.0,188.0,15.0,16.0,,0.0,73.0,7.0,4.0,,17.0,4.0,0.0,,3.0,3.0,5.0,21.0,24.0,28.0,11.0,,7.0,4.0,,5.0,9.0,30.0,6.0,49.0,6.0,0.0,17.0,4.0,16.0,18.0,3.0,8.0,,4.0,37.0,0.0,3.0,5.0,,13.0,17.0,,9.0,3.0,2
Norway,137.0,0.0,,4.0,0.0,23.0,3.0,8.0,0.0,,9.0,0.0,,0.0,4.0,,0.0,0.0,0.0,0.0,0.0,3.0,4.0,,4.0,0.0,,,0.0,,0.0,9.0,0.0,14.0,,0.0,,,,3.0,,0.0,0.0,0.0,9.0,0.0,0.0,,0.0,,14.0,0.0,3.0,0.0,2
Poland,10335.0,3.0,3.0,37.0,7.0,370.0,96.0,395.0,18.0,3.0,264.0,28.0,7.0,5.0,4409.0,47.0,7.0,,9.0,5.0,15.0,58.0,249.0,355.0,29.0,3.0,35.0,4.0,7.0,31.0,11.0,1193.0,10.0,1646.0,31.0,0.0,149.0,7.0,23.0,213.0,34.0,23.0,0.0,39.0,114.0,0.0,,13.0,6.0,43.0,67.0,3.0,80.0,0.0,128
Portugal,2173.0,,0.0,6.0,0.0,273.0,0.0,101.0,,3.0,47.0,4.0,3.0,,,,0.0,0.0,0.0,0.0,,27.0,637.0,5.0,3.0,0.0,,0.0,,6.0,17.0,538.0,0.0,135.0,10.0,0.0,0.0,,3.0,47.0,227.0,0.0,0.0,,10.0,0.0,,6.0,,19.0,3.0,0.0,,0.0,27
Romania,4388.0,6.0,4.0,102.0,5.0,735.0,35.0,67.0,,4.0,203.0,92.0,7.0,16.0,571.0,22.0,4.0,3.0,5.0,8.0,7.0,47.0,57.0,580.0,28.0,,33.0,,6.0,47.0,17.0,129.0,8.0,427.0,25.0,,381.0,7.0,131.0,106.0,6.0,13.0,,17.0,140.0,0.0,3.0,8.0,6.0,52.0,159.0,,24.0,0.0,28
Russia,7586.0,10.0,34.0,61.0,,1490.0,259.0,88.0,19.0,10.0,246.0,57.0,9.0,8.0,226.0,32.0,10.0,19.0,25.0,14.0,11.0,218.0,326.0,165.0,163.0,,81.0,12.0,14.0,48.0,13.0,420.0,17.0,1574.0,47.0,3.0,268.0,22.0,107.0,286.0,17.0,22.0,4.0,38.0,185.0,0.0,3.0,48.0,13.0,132.0,526.0,9.0,54.0,7.0,113
San Marino,3.0,0.0,0.0,0.0,0.0,0.0,0.0,0.0,0.0,0.0,0.0,0.0,0.0,0.0,0.0,0.0,0.0,0.0,0.0,0.0,0.0,0.0,0.0,,0.0,0.0,0.0,0.0,0.0,0.0,0.0,0.0,0.0,,0.0,0.0,0.0,0.0,0.0,0.0,0.0,0.0,0.0,0.0,0.0,0.0,0.0,0.0,0.0,0.0,0.0,0.0,0.0,0.0,1
Serbia and Montenegro,3159.0,,3.0,96.0,4.0,303.0,33.0,35.0,3.0,6.0,218.0,26.0,3.0,19.0,385.0,22.0,22.0,5.0,28.0,4.0,3.0,31.0,60.0,278.0,37.0,,51.0,,14.0,25.0,21.0,123.0,5.0,653.0,19.0,5.0,109.0,,18.0,110.0,0.0,3.0,5.0,4.0,109.0,0.0,0.0,35.0,8.0,52.0,36.0,,68.0,0.0,55
Slovak Republic,318.0,0.0,0.0,4.0,,27.0,4.0,9.0,0.0,,30.0,4.0,0.0,0.0,45.0,,0.0,,0.0,0.0,,9.0,4.0,13.0,,,,0.0,0.0,,,75.0,0.0,42.0,,0.0,10.0,,0.0,6.0,0.0,0.0,0.0,0.0,7.0,0.0,0.0,,,4.0,4.0,,,0.0,3
Slovenia,60.0,0.0,0.0,,0.0,6.0,,0.0,0.0,0.0,0.0,,0.0,0.0,5.0,0.0,,0.0,,0.0,0.0,0.0,,0.0,0.0,0.0,,0.0,0.0,0.0,,6.0,0.0,9.0,,,9.0,0.0,,,0.0,0.0,0.0,,,0.0,0.0,,,0.0,,0.0,,0.0,1
"Soviet Union, former",3772.0,,3.0,24.0,,635.0,37.0,38.0,,,130.0,25.0,0.0,4.0,590.0,13.0,6.0,8.0,13.0,3.0,7.0,124.0,361.0,163.0,100.0,0.0,13.0,,10.0,7.0,11.0,260.0,6.0,474.0,25.0,,117.0,,47.0,76.0,11.0,17.0,5.0,11.0,76.0,0.0,0.0,19.0,6.0,53.0,138.0,,23.0,0.0,72
Spain,1120.0,0.0,0.0,12.0,,193.0,12.0,13.0,3.0,6.0,215.0,8.0,,4.0,38.0,5.0,0.0,0.0,0.0,3.0,,35.0,23.0,25.0,16.0,,8.0,,,18.0,4.0,140.0,5.0,100.0,5.0,0.0,8.0,3.0,5.0,12.0,3.0,5.0,0.0,6.0,52.0,0.0,26.0,8.0,4.0,34.0,18.0,,8.0,0.0,28
Sweden,1016.0,5.0,,12.0,0.0,279.0,34.0,28.0,0.0,4.0,99.0,8.0,,,48.0,5.0,,3.0,3.0,,,22.0,34.0,15.0,23.0,0.0,,,,,4.0,35.0,4.0,84.0,18.0,0.0,18.0,3.0,13.0,17.0,3.0,5.0,0.0,4.0,50.0,0.0,0.0,9.0,6.0,27.0,51.0,,6.0,,16
Switzerland,487.0,0.0,,13.0,0.0,133.0,17.0,4.0,0.0,4.0,49.0,4.0,,,12.0,,,,,3.0,,10.0,14.0,11.0,4.0,0.0,5.0,,0.0,9.0,,13.0,,62.0,5.0,,8.0,,9.0,6.0,0.0,4.0,0.0,4.0,23.0,0.0,0.0,5.0,,12.0,14.0,0.0,3.0,,4
Tajikistan,117.0,0.0,0.0,,0.0,10.0,3.0,,0.0,0.0,3.0,0.0,0.0,0.0,0.0,0.0,0.0,0.0,,0.0,0.0,,,,,0.0,,0.0,6.0,0.0,0.0,0.0,0.0,71.0,0.0,0.0,3.0,0.0,4.0,,0.0,0.0,0.0,0.0,0.0,0.0,0.0,0.0,0.0,,3.0,0.0,0.0,0.0,0
Turkmenistan,58.0,0.0,0.0,0.0,0.0,5.0,0.0,,0.0,0.0,,0.0,0.0,0.0,,0.0,0.0,0.0,0.0,0.0,0.0,0.0,0.0,3.0,,0.0,,0.0,0.0,0.0,0.0,,0.0,19.0,0.0,0.0,,0.0,0.0,,0.0,0.0,0.0,0.0,3.0,0.0,0.0,,0.0,,5.0,0.0,11.0,0.0,0
Ukraine,8069.0,8.0,3.0,32.0,7.0,1465.0,154.0,86.0,11.0,,203.0,65.0,5.0,18.0,415.0,37.0,10.0,12.0,12.0,,9.0,183.0,223.0,190.0,132.0,,58.0,5.0,8.0,17.0,10.0,409.0,4.0,2135.0,34.0,,347.0,12.0,144.0,483.0,31.0,8.0,15.0,21.0,86.0,0.0,3.0,26.0,,71.0,692.0,4.0,71.0,,87
United Kingdom,7785.0,16.0,11.0,153.0,19.0,1889.0,172.0,152.0,30.0,10.0,830.0,130.0,22.0,9.0,214.0,52.0,7.0,37.0,37.0,30.0,20.0,171.0,321.0,270.0,85.0,16.0,69.0,12.0,22.0,64.0,46.0,311.0,44.0,600.0,124.0,8.0,176.0,29.0,74.0,208.0,28.0,84.0,4.0,59.0,451.0,0.0,5.0,62.0,25.0,209.0,177.0,3.0,54.0,8.0,126
Uzbekistan,1224.0,0.0,0.0,15.0,,150.0,31.0,,0.0,,28.0,8.0,0.0,,13.0,0.0,0.0,,,0.0,0.0,30.0,12.0,18.0,5.0,0.0,8.0,,3.0,,0.0,35.0,0.0,658.0,,0.0,61.0,3.0,8.0,21.0,,0.0,0.0,,26.0,0.0,0.0,4.0,0.0,13.0,39.0,0.0,9.0,0.0,12
Asia,218974.0,406.0,419.0,1821.0,375.0,79654.0,1915.0,1723.0,404.0,214.0,5559.0,3055.0,1534.0,182.0,10255.0,1046.0,437.0,1034.0,475.0,720.0,156.0,4801.0,5482.0,8084.0,3372.0,319.0,1601.0,78.0,484.0,1923.0,327.0,11562.0,370.0,19729.0,2197.0,83.0,3729.0,856.0,1679.0,4662.0,453.0,765.0,73.0,1371.0,13578.0,0.0,975.0,842.0,109.0,6752.0,6357.0,124.0,1901.0,40.0,2912
Afghanistan,1323.0,,0.0,7.0,0.0,665.0,26.0,,3.0,,7.0,10.0,0.0,0.0,5.0,3.0,0.0,5.0,0.0,,3.0,15.0,9.0,8.0,7.0,0.0,10.0,0.0,13.0,13.0,0.0,40.0,4.0,146.0,7.0,0.0,7.0,0.0,4.0,18.0,0.0,0.0,,,31.0,0.0,0.0,,0.0,219.0,10.0,0.0,3.0,0.0,13
Bahrain,54.0,0.0,0.0,,0.0,8.0,0.0,0.0,,0.0,,,0.0,0.0,4.0,0.0,0.0,0.0,0.0,0.0,0.0,,,,,0.0,0.0,0.0,0.0,,0.0,6.0,0.0,3.0,0.0,0.0,,,0.0,,0.0,0.0,,0.0,10.0,0.0,0.0,0.0,0.0,4.0,,0.0,0.0,0.0,0
Bangladesh,5148.0,,4.0,27.0,4.0,453.0,22.0,93.0,14.0,17.0,176.0,154.0,0.0,,63.0,14.0,3.0,24.0,9.0,8.0,,130.0,95.0,533.0,37.0,9.0,21.0,0.0,,33.0,0.0,274.0,,1995.0,28.0,0.0,57.0,28.0,7.0,134.0,6.0,7.0,0.0,13.0,304.0,0.0,0.0,0.0,,251.0,15.0,,3.0,0.0,73
Bhutan,,0.0,0.0,0.0,0.0,0.0,0.0,0.0,0.0,0.0,0.0,0.0,0.0,0.0,0.0,0.0,0.0,0.0,0.0,0.0,0.0,0.0,0.0,0.0,,0.0,0.0,0.0,0.0,0.0,0.0,0.0,,0.0,0.0,0.0,0.0,0.0,0.0,0.0,0.0,0.0,0.0,0.0,0.0,0.0,0.0,0.0,0.0,0.0,0.0,0.0,0.0,0.0,0
Brunei,10.0,0.0,0.0,,0.0,,0.0,0.0,0.0,0.0,0.0,0.0,0.0,0.0,,0.0,0.0,0.0,0.0,0.0,0.0,0.0,0.0,0.0,0.0,0.0,0.0,0.0,0.0,0.0,0.0,0.0,0.0,,0.0,0.0,0.0,0.0,0.0,,0.0,0.0,0.0,0.0,,0.0,0.0,0.0,0.0,0.0,0.0,0.0,0.0,0.0,0
Burma,1177.0,0.0,,8.0,,641.0,12.0,4.0,0.0,4.0,23.0,11.0,,,37.0,46.0,0.0,,,0.0,0.0,46.0,16.0,14.0,9.0,,5.0,0.0,0.0,3.0,0.0,26.0,0.0,134.0,7.0,0.0,8.0,6.0,3.0,11.0,,3.0,0.0,,29.0,0.0,,,,33.0,15.0,,,0.0,5
Cambodia,3975.0,8.0,3.0,19.0,,1401.0,36.0,52.0,,0.0,67.0,51.0,5.0,5.0,65.0,11.0,8.0,21.0,10.0,4.0,32.0,25.0,509.0,37.0,226.0,,17.0,0.0,4.0,17.0,8.0,10.0,,77.0,37.0,,85.0,7.0,42.0,175.0,78.0,7.0,,19.0,200.0,0.0,,48.0,,97.0,382.0,,12.0,,47
"China, People's Republic",27309.0,32.0,14.0,138.0,29.0,11094.0,183.0,227.0,79.0,25.0,361.0,165.0,132.0,19.0,909.0,136.0,36.0,74.0,34.0,61.0,19.0,517.0,970.0,506.0,229.0,32.0,166.0,16.0,34.0,139.0,43.0,1093.0,32.0,5255.0,208.0,6.0,461.0,45.0,283.0,698.0,60.0,104.0,12.0,107.0,864.0,0.0,39.0,82.0,18.0,542.0,563.0,19.0,138.0,6.0,255
Cyprus,104.0,0.0,0.0,,0.0,22.0,0.0,0.0,0.0,0.0,5.0,,0.0,0.0,0.0,,0.0,,0.0,,0.0,4.0,5.0,3.0,0.0,0.0,0.0,0.0,0.0,0.0,0.0,12.0,0.0,31.0,0.0,0.0,,0.0,0.0,,0.0,,0.0,,9.0,0.0,0.0,0.0,0.0,,,0.0,0.0,0.0,1
Hong Kong,3713.0,3.0,3.0,28.0,0.0,1872.0,22.0,26.0,,,76.0,22.0,34.0,0.0,103.0,6.0,,8.0,5.0,5.0,4.0,83.0,113.0,26.0,19.0,0.0,15.0,,,17.0,3.0,138.0,,475.0,39.0,0.0,45.0,7.0,26.0,56.0,9.0,11.0,,7.0,137.0,0.0,20.0,13.0,0.0,41.0,145.0,0.0,15.0,0.0,27
India,37975.0,88.0,6.0,300.0,67.0,8922.0,180.0,454.0,134.0,13.0,947.0,771.0,11.0,21.0,3436.0,271.0,60.0,151.0,98.0,80.0,16.0,1082.0,961.0,1815.0,370.0,92.0,282.0,0.0,60.0,111.0,71.0,4399.0,54.0,2968.0,528.0,18.0,1103.0,180.0,162.0,1213.0,38.0,188.0,6.0,287.0,3152.0,0.0,15.0,63.0,17.0,1100.0,635.0,36.0,330.0,11.0,602
Indonesia,1131.0,,,17.0,,549.0,11.0,4.0,3.0,3.0,26.0,15.0,7.0,,18.0,9.0,,,,8.0,0.0,32.0,21.0,18.0,8.0,0.0,,0.0,,14.0,4.0,36.0,4.0,64.0,4.0,0.0,27.0,11.0,18.0,14.0,,,0.0,,77.0,0.0,,7.0,0.0,19.0,50.0,0.0,4.0,0.0,11
Iran,11781.0,24.0,3.0,129.0,10.0,6972.0,118.0,58.0,9.0,12.0,227.0,155.0,5.0,4.0,202.0,33.0,15.0,40.0,25.0,19.0,7.0,407.0,183.0,137.0,68.0,7.0,71.0,6.0,11.0,71.0,7.0,194.0,23.0,481.0,75.0,4.0,127.0,57.0,90.0,96.0,12.0,22.0,,57.0,657.0,0.0,0.0,55.0,5.0,450.0,177.0,5.0,33.0,,123
Iraq,3646.0,3.0,,82.0,3.0,585.0,28.0,11.0,4.0,3.0,29.0,24.0,0.0,,299.0,21.0,0.0,6.0,29.0,3.0,3.0,23.0,31.0,1543.0,31.0,3.0,111.0,0.0,44.0,8.0,0.0,13.0,7.0,96.0,8.0,10.0,28.0,6.0,16.0,53.0,6.0,,7.0,81.0,106.0,0.0,0.0,19.0,0.0,103.0,104.0,0.0,6.0,0.0,45
Israel,2373.0,4.0,,11.0,,654.0,18.0,21.0,,,182.0,12.0,,,139.0,5.0,,8.0,,13.0,,58.0,59.0,51.0,15.0,,22.0,,7.0,16.0,5.0,155.0,3.0,514.0,22.0,,62.0,,7.0,58.0,5.0,18.0,,13.0,79.0,0.0,3.0,4.0,,30.0,26.0,,17.0,0.0,33
Japan,1955.0,,,30.0,,830.0,20.0,17.0,0.0,3.0,49.0,26.0,112.0,5.0,59.0,5.0,,8.0,4.0,4.0,,30.0,28.0,35.0,9.0,,15.0,3.0,5.0,28.0,4.0,71.0,5.0,163.0,13.0,,24.0,8.0,30.0,15.0,,6.0,0.0,10.0,55.0,0.0,15.0,18.0,0.0,45.0,101.0,,4.0,,26
Jordan,2324.0,8.0,0.0,21.0,7.0,451.0,10.0,11.0,,4.0,88.0,15.0,,0.0,332.0,21.0,4.0,11.0,9.0,17.0,,25.0,40.0,184.0,21.0,7.0,33.0,5.0,12.0,6.0,,149.0,7.0,171.0,48.0,0.0,129.0,15.0,7.0,44.0,4.0,6.0,0.0,38.0,185.0,0.0,4.0,8.0,,59.0,21.0,0.0,39.0,0.0,41
Korea,17184.0,27.0,80.0,113.0,19.0,6924.0,275.0,63.0,18.0,10.0,239.0,322.0,220.0,9.0,733.0,42.0,10.0,47.0,33.0,27.0,6.0,546.0,180.0,243.0,66.0,14.0,89.0,3.0,6.0,105.0,27.0,1186.0,24.0,1654.0,159.0,4.0,149.0,46.0,164.0,354.0,14.0,45.0,,71.0,686.0,0.0,111.0,71.0,6.0,794.0,915.0,,36.0,5.0,187
Kuwait,796.0,,0.0,17.0,4.0,143.0,8.0,7.0,0.0,0.0,30.0,10.0,,0.0,61.0,8.0,,3.0,,8.0,0.0,13.0,13.0,56.0,14.0,3.0,15.0,0.0,0.0,5.0,,39.0,,31.0,27.0,,51.0,6.0,3.0,12.0,9.0,,,12.0,105.0,0.0,3.0,10.0,0.0,24.0,7.0,0.0,12.0,0.0,15
Laos,5678.0,25.0,41.0,14.0,54.0,1326.0,89.0,55.0,,,107.0,90.0,14.0,10.0,111.0,23.0,46.0,99.0,8.0,30.0,,12.0,113.0,148.0,1126.0,,21.0,7.0,19.0,33.0,7.0,6.0,7.0,40.0,195.0,0.0,96.0,25.0,73.0,35.0,53.0,14.0,,164.0,194.0,0.0,,55.0,,56.0,175.0,0.0,737.0,0.0,114
Lebanon,3314.0,6.0,,19.0,,896.0,19.0,40.0,0.0,7.0,135.0,22.0,0.0,,84.0,7.0,3.0,11.0,3.0,10.0,,20.0,222.0,808.0,34.0,0.0,10.0,0.0,9.0,22.0,18.0,110.0,7.0,152.0,26.0,0.0,133.0,,19.0,52.0,13.0,10.0,,9.0,204.0,0.0,0.0,6.0,,95.0,20.0,6.0,13.0,0.0,25
Macau,146.0,0.0,0.0,0.0,0.0,93.0,,0.0,0.0,0.0,,0.0,3.0,0.0,4.0,0.0,0.0,0.0,,0.0,0.0,,10.0,,,0.0,,0.0,0.0,0.0,0.0,,0.0,12.0,0.0,0.0,0.0,0.0,,3.0,0.0,0.0,0.0,0.0,,0.0,0.0,,0.0,,4.0,0.0,0.0,0.0,1
Malaysia,1019.0,,4.0,15.0,4.0,305.0,11.0,4.0,,3.0,33.0,18.0,5.0,,24.0,8.0,,7.0,3.0,7.0,,35.0,25.0,23.0,16.0,6.0,8.0,3.0,5.0,12.0,,47.0,0.0,130.0,8.0,0.0,26.0,10.0,8.0,23.0,,4.0,0.0,10.0,83.0,0.0,3.0,0.0,,30.0,25.0,,9.0,0.0,8
Maldives,,0.0,0.0,0.0,0.0,,0.0,0.0,0.0,0.0,0.0,0.0,0.0,0.0,0.0,0.0,0.0,0.0,0.0,0.0,0.0,0.0,0.0,0.0,0.0,0.0,0.0,0.0,0.0,0.0,0.0,0.0,0.0,0.0,0.0,0.0,0.0,0.0,0.0,0.0,0.0,0.0,0.0,0.0,0.0,0.0,0.0,0.0,0.0,0.0,0.0,0.0,0.0,0.0,0
Mongolia,21.0,0.0,0.0,,0.0,5.0,0.0,0.0,0.0,,0.0,0.0,0.0,0.0,,0.0,0.0,0.0,0.0,0.0,0.0,,0.0,0.0,,0.0,0.0,,0.0,,0.0,,0.0,0.0,0.0,0.0,,0.0,0.0,0.0,0.0,0.0,0.0,0.0,0.0,0.0,0.0,,0.0,,,0.0,0.0,0.0,0
Nepal,408.0,0.0,0.0,7.0,,57.0,21.0,10.0,0.0,,6.0,3.0,,,5.0,3.0,,3.0,,,0.0,37.0,28.0,10.0,16.0,0.0,,0.0,5.0,,,14.0,,32.0,10.0,0.0,5.0,,10.0,7.0,,0.0,0.0,,21.0,0.0,0.0,7.0,0.0,54.0,9.0,0.0,9.0,0.0,1
Oman,13.0,0.0,0.0,0.0,0.0,0.0,,0.0,0.0,0.0,,0.0,0.0,0.0,,0.0,0.0,,0.0,0.0,0.0,0.0,,,,0.0,0.0,0.0,0.0,0.0,0.0,3.0,0.0,,0.0,0.0,0.0,0.0,0.0,0.0,0.0,0.0,0.0,0.0,0.0,0.0,0.0,0.0,0.0,0.0,0.0,0.0,0.0,0.0,0
Pakistan,8744.0,17.0,4.0,41.0,12.0,1236.0,38.0,147.0,31.0,,339.0,146.0,6.0,,690.0,56.0,12.0,42.0,22.0,45.0,6.0,325.0,129.0,299.0,69.0,18.0,80.0,0.0,11.0,36.0,9.0,648.0,11.0,1511.0,106.0,,157.0,53.0,12.0,201.0,19.0,15.0,0.0,54.0,1185.0,0.0,0.0,25.0,4.0,574.0,79.0,10.0,65.0,0.0,144
Philippines,31448.0,36.0,196.0,306.0,55.0,14854.0,168.0,160.0,40.0,24.0,1079.0,142.0,825.0,33.0,1604.0,97.0,36.0,74.0,39.0,47.0,17.0,592.0,148.0,394.0,117.0,42.0,171.0,21.0,35.0,947.0,28.0,1719.0,70.0,1447.0,144.0,17.0,268.0,80.0,165.0,255.0,34.0,125.0,15.0,117.0,1229.0,0.0,713.0,82.0,8.0,890.0,1137.0,14.0,109.0,9.0,474
Qatar,48.0,0.0,0.0,,,12.0,,0.0,0.0,0.0,,0.0,0.0,0.0,5.0,0.0,0.0,3.0,0.0,0.0,0.0,,,3.0,0.0,0.0,,0.0,0.0,0.0,0.0,,0.0,,,0.0,,0.0,0.0,,0.0,,0.0,0.0,,0.0,0.0,0.0,0.0,4.0,0.0,0.0,0.0,0.0,1
Saudi Arabia,354.0,,,,,73.0,7.0,7.0,0.0,,20.0,5.0,0.0,0.0,31.0,,0.0,,,,0.0,10.0,9.0,25.0,6.0,,3.0,0.0,,,,19.0,,13.0,5.0,0.0,17.0,3.0,,7.0,0.0,,0.0,4.0,36.0,0.0,0.0,,0.0,18.0,,0.0,,0.0,8
Singapore,332.0,,,7.0,0.0,124.0,4.0,4.0,0.0,0.0,11.0,4.0,5.0,0.0,9.0,,,,,,0.0,6.0,7.0,7.0,3.0,,6.0,,,5.0,,9.0,0.0,25.0,,,7.0,3.0,3.0,7.0,,4.0,0.0,0.0,28.0,0.0,,,0.0,5.0,11.0,0.0,3.0,0.0,4
Sri Lanka,980.0,0.0,0.0,7.0,,307.0,6.0,11.0,,6.0,19.0,7.0,,,24.0,6.0,3.0,8.0,,4.0,0.0,79.0,26.0,30.0,13.0,0.0,4.0,0.0,5.0,11.0,3.0,60.0,,128.0,15.0,0.0,22.0,5.0,4.0,20.0,4.0,6.0,0.0,,67.0,0.0,,,,22.0,18.0,3.0,4.0,0.0,9
Syria,2385.0,3.0,0.0,21.0,,732.0,13.0,10.0,,,92.0,15.0,0.0,0.0,178.0,13.0,4.0,14.0,,13.0,0.0,30.0,88.0,183.0,7.0,,8.0,,,11.0,,131.0,,324.0,10.0,,76.0,19.0,10.0,123.0,19.0,10.0,0.0,14.0,97.0,0.0,,5.0,0.0,48.0,16.0,7.0,7.0,0.0,18
Taiwan,7889.0,11.0,10.0,37.0,12.0,4542.0,59.0,27.0,8.0,,96.0,59.0,26.0,3.0,166.0,27.0,7.0,33.0,12.0,7.0,,150.0,144.0,123.0,32.0,5.0,48.0,,7.0,52.0,16.0,383.0,7.0,432.0,43.0,,124.0,13.0,34.0,101.0,15.0,20.0,,28.0,436.0,0.0,18.0,33.0,3.0,105.0,268.0,3.0,31.0,,64
Thailand,3779.0,15.0,22.0,41.0,7.0,1323.0,47.0,19.0,6.0,6.0,155.0,31.0,26.0,6.0,134.0,11.0,10.0,26.0,6.0,15.0,5.0,74.0,119.0,79.0,175.0,,22.0,,6.0,94.0,11.0,52.0,9.0,151.0,60.0,,80.0,20.0,36.0,60.0,21.0,15.0,5.0,25.0,193.0,0.0,6.0,31.0,6.0,148.0,171.0,,144.0,,48
Turkey,1964.0,3.0,4.0,15.0,3.0,334.0,22.0,40.0,8.0,4.0,110.0,27.0,5.0,,60.0,11.0,,6.0,3.0,6.0,,50.0,73.0,29.0,18.0,0.0,10.0,,,20.0,7.0,277.0,7.0,373.0,16.0,,37.0,5.0,4.0,55.0,7.0,11.0,0.0,12.0,90.0,0.0,,,3.0,87.0,25.0,0.0,20.0,,53
United Arab Emirates,168.0,0.0,0.0,3.0,0.0,29.0,,,,0.0,6.0,4.0,0.0,,15.0,,0.0,0.0,0.0,0.0,0.0,3.0,8.0,18.0,3.0,0.0,3.0,0.0,0.0,,0.0,7.0,0.0,13.0,,,,,0.0,7.0,0.0,,0.0,0.0,23.0,0.0,0.0,0.0,,4.0,,0.0,4.0,0.0,2
Vietnam,27480.0,81.0,14.0,332.0,69.0,11043.0,435.0,129.0,25.0,56.0,808.0,715.0,83.0,51.0,605.0,132.0,167.0,295.0,107.0,269.0,26.0,330.0,1094.0,430.0,596.0,65.0,328.0,,177.0,88.0,47.0,227.0,77.0,465.0,335.0,10.0,301.0,191.0,435.0,749.0,18.0,103.0,13.0,208.0,2993.0,0.0,16.0,188.0,26.0,782.0,1216.0,9.0,90.0,,426
Yemen,822.0,,0.0,,0.0,173.0,,6.0,6.0,0.0,5.0,,,0.0,37.0,14.0,,0.0,,4.0,0.0,6.0,,262.0,3.0,4.0,,0.0,0.0,0.0,0.0,5.0,0.0,217.0,10.0,0.0,9.0,0.0,,,0.0,,0.0,3.0,9.0,0.0,0.0,0.0,0.0,14.0,11.0,0.0,0.0,0.0,8
Africa,34531.0,71.0,23.0,279.0,21.0,4087.0,562.0,357.0,137.0,225.0,1129.0,1096.0,43.0,25.0,1221.0,184.0,93.0,124.0,117.0,100.0,77.0,2596.0,1762.0,782.0,2249.0,32.0,435.0,11.0,126.0,202.0,47.0,2340.0,35.0,3377.0,657.0,27.0,1244.0,155.0,174.0,921.0,346.0,154.0,34.0,348.0,2561.0,,17.0,149.0,17.0,2028.0,1025.0,10.0,171.0,,522
Algeria,616.0,,0.0,3.0,0.0,106.0,18.0,6.0,,5.0,27.0,8.0,0.0,0.0,31.0,7.0,,3.0,0.0,6.0,,13.0,57.0,24.0,6.0,0.0,,0.0,,,3.0,28.0,,92.0,7.0,0.0,21.0,3.0,4.0,22.0,,,0.0,3.0,35.0,0.0,0.0,,0.0,34.0,19.0,,,0.0,9
Angola,87.0,0.0,0.0,,0.0,10.0,,5.0,0.0,0.0,,0.0,0.0,0.0,0.0,0.0,0.0,0.0,0.0,0.0,0.0,5.0,20.0,,0.0,0.0,0.0,0.0,0.0,3.0,0.0,15.0,0.0,6.0,,0.0,0.0,0.0,,,,0.0,0.0,0.0,4.0,0.0,0.0,,0.0,4.0,0.0,0.0,0.0,0.0,2
Benin,42.0,0.0,0.0,0.0,0.0,,,,0.0,0.0,,,0.0,0.0,,,0.0,0.0,0.0,0.0,0.0,14.0,,,,0.0,0.0,0.0,0.0,0.0,0.0,,0.0,5.0,0.0,0.0,,0.0,0.0,,0.0,0.0,0.0,0.0,,0.0,0.0,0.0,0.0,4.0,0.0,0.0,0.0,0.0,0
Botswana,,0.0,0.0,0.0,0.0,,0.0,0.0,0.0,0.0,,0.0,0.0,0.0,0.0,0.0,0.0,0.0,0.0,0.0,0.0,,0.0,0.0,0.0,0.0,,0.0,0.0,0.0,0.0,0.0,0.0,0.0,0.0,0.0,0.0,0.0,0.0,0.0,0.0,0.0,0.0,,0.0,0.0,0.0,0.0,0.0,0.0,0.0,0.0,0.0,0.0,0
Burkina Faso,19.0,0.0,0.0,,0.0,0.0,0.0,0.0,0.0,,0.0,0.0,0.0,0.0,,0.0,0.0,0.0,0.0,0.0,0.0,,,0.0,,0.0,0.0,0.0,0.0,0.0,0.0,,0.0,6.0,0.0,0.0,,0.0,0.0,0.0,0.0,0.0,0.0,0.0,0.0,0.0,0.0,0.0,0.0,,0.0,0.0,,0.0,0
Burundi,59.0,0.0,0.0,3.0,0.0,6.0,,,,0.0,,0.0,0.0,0.0,,0.0,,0.0,,0.0,0.0,3.0,0.0,,,0.0,0.0,0.0,0.0,0.0,,0.0,0.0,10.0,,0.0,3.0,,0.0,0.0,,0.0,0.0,0.0,10.0,0.0,0.0,0.0,0.0,3.0,0.0,0.0,0.0,0.0,1
Cameroon,575.0,,,4.0,0.0,42.0,,3.0,3.0,7.0,9.0,26.0,4.0,,10.0,3.0,0.0,,6.0,4.0,,161.0,21.0,16.0,34.0,0.0,6.0,,,0.0,4.0,13.0,0.0,32.0,11.0,0.0,22.0,8.0,,7.0,0.0,0.0,0.0,3.0,52.0,0.0,0.0,,0.0,34.0,3.0,0.0,9.0,0.0,6
Cape Verde,635.0,0.0,0.0,0.0,0.0,5.0,0.0,21.0,,0.0,6.0,,0.0,0.0,0.0,0.0,0.0,0.0,0.0,0.0,,,434.0,0.0,0.0,0.0,0.0,0.0,0.0,0.0,0.0,8.0,0.0,13.0,0.0,0.0,,,0.0,0.0,131.0,0.0,0.0,0.0,,0.0,0.0,0.0,0.0,,,,0.0,0.0,5
Central African Republic,5.0,0.0,0.0,0.0,0.0,0.0,0.0,0.0,0.0,0.0,0.0,0.0,0.0,0.0,0.0,0.0,0.0,0.0,0.0,0.0,0.0,,0.0,0.0,0.0,0.0,0.0,0.0,0.0,0.0,0.0,0.0,0.0,0.0,0.0,0.0,0.0,0.0,0.0,,0.0,0.0,0.0,0.0,0.0,0.0,0.0,0.0,0.0,,0.0,0.0,0.0,0.0,1
Chad,27.0,0.0,0.0,5.0,0.0,0.0,0.0,,0.0,0.0,0.0,0.0,0.0,0.0,,0.0,0.0,0.0,0.0,0.0,0.0,,0.0,0.0,0.0,0.0,0.0,0.0,,0.0,0.0,,0.0,,,0.0,0.0,0.0,0.0,,0.0,0.0,0.0,0.0,0.0,0.0,0.0,9.0,0.0,,,0.0,0.0,0.0,0
Comoros,,0.0,0.0,0.0,0.0,0.0,0.0,0.0,0.0,0.0,0.0,0.0,0.0,0.0,0.0,0.0,0.0,0.0,0.0,0.0,0.0,0.0,,0.0,0.0,0.0,,0.0,0.0,0.0,0.0,0.0,0.0,0.0,0.0,0.0,0.0,0.0,0.0,0.0,0.0,,0.0,0.0,0.0,0.0,0.0,0.0,0.0,0.0,0.0,0.0,0.0,0.0,0
"Congo, Democratic Republic",88.0,0.0,0.0,0.0,0.0,5.0,,,0.0,0.0,,,0.0,0.0,,,0.0,0.0,0.0,0.0,,7.0,4.0,3.0,3.0,0.0,,0.0,0.0,,,,0.0,4.0,8.0,0.0,5.0,0.0,0.0,,0.0,0.0,,3.0,12.0,0.0,0.0,,0.0,3.0,0.0,0.0,,0.0,9
"Congo, Republic",163.0,0.0,0.0,3.0,0.0,22.0,,,0.0,,4.0,,0.0,,6.0,,,0.0,,,,18.0,11.0,4.0,6.0,0.0,4.0,0.0,,,3.0,,0.0,15.0,10.0,0.0,6.0,0.0,,3.0,,0.0,,0.0,8.0,0.0,0.0,5.0,0.0,10.0,3.0,0.0,,0.0,0
Cote d'Ivoire,317.0,,0.0,5.0,0.0,16.0,,,,3.0,8.0,20.0,0.0,0.0,8.0,,,0.0,0.0,0.0,0.0,32.0,12.0,13.0,4.0,0.0,,0.0,0.0,,,30.0,0.0,78.0,5.0,0.0,3.0,0.0,,14.0,,3.0,,0.0,15.0,0.0,0.0,3.0,,9.0,12.0,0.0,4.0,0.0,1
Djibouti,12.0,0.0,0.0,0.0,0.0,0.0,0.0,0.0,0.0,0.0,0.0,,0.0,0.0,,0.0,0.0,0.0,0.0,0.0,0.0,0.0,0.0,,3.0,0.0,0.0,0.0,0.0,0.0,0.0,,0.0,,0.0,0.0,0.0,0.0,0.0,,0.0,0.0,,0.0,0.0,0.0,0.0,0.0,0.0,0.0,0.0,0.0,0.0,0.0,0
Egypt,3726.0,6.0,,14.0,,772.0,10.0,41.0,31.0,5.0,159.0,27.0,,,98.0,16.0,7.0,10.0,13.0,12.0,0.0,55.0,102.0,109.0,70.0,,17.0,,,14.0,7.0,709.0,,529.0,52.0,,153.0,14.0,9.0,146.0,15.0,17.0,,84.0,124.0,0.0,,,3.0,144.0,46.0,,15.0,0.0,52
Equatorial Guinea,3.0,0.0,0.0,0.0,0.0,0.0,0.0,0.0,0.0,0.0,0.0,0.0,0.0,0.0,,0.0,0.0,0.0,0.0,0.0,0.0,0.0,0.0,0.0,0.0,0.0,0.0,0.0,0.0,0.0,0.0,0.0,0.0,0.0,0.0,0.0,0.0,0.0,0.0,0.0,0.0,0.0,0.0,0.0,,0.0,0.0,0.0,0.0,0.0,0.0,0.0,0.0,0.0,0
Eritrea,829.0,0.0,0.0,13.0,0.0,177.0,27.0,3.0,,9.0,5.0,29.0,0.0,0.0,15.0,5.0,,3.0,0.0,3.0,0.0,40.0,22.0,14.0,63.0,,18.0,0.0,0.0,15.0,0.0,7.0,0.0,18.0,13.0,0.0,43.0,0.0,11.0,21.0,,0.0,,5.0,66.0,0.0,0.0,,0.0,75.0,91.0,0.0,5.0,0.0,3
Ethiopia,4255.0,6.0,,32.0,,748.0,180.0,8.0,6.0,78.0,54.0,185.0,5.0,,93.0,34.0,4.0,24.0,8.0,,,391.0,117.0,65.0,362.0,,49.0,,9.0,93.0,,60.0,3.0,100.0,43.0,,131.0,17.0,34.0,73.0,0.0,7.0,11.0,37.0,338.0,0.0,,9.0,,453.0,301.0,,9.0,0.0,60
Gabon,12.0,0.0,0.0,0.0,0.0,,0.0,0.0,0.0,0.0,0.0,0.0,0.0,0.0,0.0,0.0,0.0,0.0,0.0,0.0,0.0,,0.0,0.0,0.0,0.0,0.0,0.0,0.0,0.0,0.0,0.0,0.0,,0.0,0.0,,0.0,0.0,0.0,0.0,,0.0,0.0,3.0,0.0,0.0,0.0,0.0,,0.0,0.0,0.0,0.0,1
"Gambia, The",136.0,0.0,0.0,0.0,0.0,6.0,0.0,0.0,,,,10.0,0.0,,,,0.0,4.0,0.0,0.0,0.0,22.0,,5.0,6.0,0.0,,0.0,,0.0,0.0,6.0,0.0,20.0,5.0,0.0,,0.0,,3.0,,0.0,,,8.0,0.0,0.0,0.0,0.0,,15.0,0.0,,0.0,2
Ghana,3577.0,,3.0,14.0,0.0,157.0,49.0,69.0,13.0,9.0,60.0,114.0,4.0,4.0,165.0,8.0,5.0,4.0,12.0,5.0,,295.0,189.0,50.0,84.0,,13.0,,4.0,5.0,0.0,394.0,,789.0,67.0,0.0,165.0,25.0,,82.0,28.0,13.0,0.0,19.0,161.0,0.0,,4.0,,393.0,33.0,,10.0,0.0,46
Guinea,124.0,,0.0,0.0,0.0,8.0,,0.0,,,3.0,5.0,0.0,0.0,5.0,,0.0,,,0.0,0.0,9.0,5.0,4.0,,0.0,0.0,0.0,0.0,0.0,0.0,4.0,0.0,34.0,,0.0,7.0,0.0,0.0,8.0,4.0,0.0,0.0,3.0,5.0,0.0,0.0,0.0,,7.0,0.0,0.0,,0.0,1
Guinea-Bissau,10.0,0.0,0.0,0.0,0.0,0.0,0.0,0.0,0.0,0.0,0.0,0.0,0.0,0.0,0.0,0.0,0.0,0.0,,0.0,0.0,,3.0,0.0,0.0,0.0,0.0,0.0,0.0,0.0,0.0,0.0,0.0,,0.0,0.0,0.0,0.0,0.0,0.0,,0.0,0.0,0.0,,0.0,0.0,0.0,0.0,0.0,0.0,0.0,0.0,0.0,0
Kenya,997.0,4.0,0.0,7.0,,133.0,8.0,7.0,17.0,,56.0,32.0,4.0,,32.0,7.0,6.0,15.0,,3.0,,52.0,37.0,22.0,52.0,,16.0,,,7.0,3.0,88.0,,33.0,27.0,,23.0,10.0,4.0,33.0,5.0,9.0,,7.0,121.0,0.0,0.0,3.0,,35.0,36.0,0.0,,0.0,24
Lesotho,,0.0,0.0,0.0,0.0,,0.0,0.0,0.0,0.0,0.0,,0.0,0.0,0.0,,,0.0,0.0,0.0,0.0,,0.0,0.0,0.0,0.0,0.0,0.0,0.0,0.0,0.0,0.0,,0.0,0.0,0.0,,0.0,0.0,0.0,0.0,0.0,0.0,0.0,,0.0,0.0,0.0,0.0,0.0,0.0,0.0,0.0,0.0,0
Liberia,1218.0,,,4.0,3.0,63.0,11.0,9.0,4.0,,18.0,53.0,,0.0,37.0,,,,,3.0,,117.0,49.0,31.0,177.0,,15.0,0.0,3.0,,0.0,81.0,,82.0,48.0,0.0,42.0,4.0,,85.0,56.0,10.0,0.0,5.0,71.0,0.0,,0.0,,61.0,4.0,,13.0,0.0,35
Libya,130.0,0.0,0.0,,0.0,28.0,,3.0,,0.0,7.0,3.0,0.0,0.0,3.0,0.0,0.0,0.0,,,0.0,,7.0,4.0,,0.0,3.0,0.0,0.0,,0.0,6.0,,8.0,5.0,0.0,7.0,3.0,4.0,0.0,,,,0.0,7.0,0.0,0.0,,0.0,6.0,7.0,0.0,,0.0,0
Madagascar,30.0,0.0,0.0,0.0,0.0,,0.0,,0.0,0.0,,,0.0,0.0,,,0.0,0.0,0.0,0.0,0.0,3.0,0.0,0.0,,0.0,0.0,0.0,0.0,0.0,0.0,,0.0,7.0,0.0,0.0,0.0,,0.0,0.0,0.0,0.0,0.0,,,0.0,0.0,0.0,0.0,4.0,,0.0,0.0,0.0,0
Malawi,52.0,,,0.0,,10.0,3.0,0.0,0.0,0.0,,4.0,,,,0.0,0.0,0.0,0.0,0.0,0.0,4.0,0.0,0.0,0.0,0.0,,0.0,0.0,0.0,0.0,,0.0,,3.0,0.0,0.0,,,,0.0,,0.0,,6.0,0.0,0.0,0.0,0.0,,,0.0,0.0,0.0,1
Mali,66.0,0.0,0.0,0.0,0.0,,4.0,0.0,0.0,0.0,,0.0,0.0,0.0,,0.0,,0.0,,0.0,0.0,11.0,,0.0,0.0,0.0,0.0,0.0,0.0,0.0,0.0,,0.0,22.0,,0.0,0.0,,0.0,10.0,,0.0,0.0,0.0,0.0,0.0,0.0,0.0,0.0,4.0,,0.0,0.0,0.0,1
Mauritania,53.0,0.0,0.0,3.0,0.0,,4.0,0.0,,,0.0,,0.0,0.0,,0.0,0.0,0.0,0.0,,0.0,4.0,,,,0.0,,0.0,0.0,0.0,0.0,0.0,0.0,5.0,0.0,0.0,12.0,0.0,,3.0,,0.0,0.0,,0.0,0.0,0.0,0.0,0.0,,3.0,0.0,0.0,0.0,0
Mauritius,43.0,0.0,0.0,,0.0,3.0,,0.0,0.0,0.0,,0.0,,0.0,,0.0,0.0,0.0,0.0,,0.0,,,0.0,0.0,0.0,0.0,0.0,0.0,0.0,0.0,3.0,,4.0,,0.0,4.0,0.0,0.0,5.0,,,0.0,,5.0,0.0,0.0,0.0,0.0,3.0,,0.0,0.0,0.0,0
Morocco,1841.0,0.0,,13.0,,164.0,47.0,35.0,6.0,11.0,200.0,21.0,,,67.0,9.0,0.0,5.0,5.0,,0.0,47.0,226.0,22.0,42.0,,15.0,,0.0,11.0,4.0,109.0,,242.0,33.0,,41.0,10.0,6.0,74.0,,17.0,,6.0,74.0,,,4.0,,183.0,33.0,,19.0,0.0,21
Mozambique,40.0,0.0,0.0,0.0,0.0,7.0,3.0,0.0,0.0,0.0,3.0,0.0,0.0,0.0,,,0.0,0.0,0.0,0.0,0.0,0.0,3.0,0.0,,,0.0,0.0,0.0,0.0,0.0,9.0,0.0,,0.0,0.0,0.0,,0.0,0.0,,,0.0,,,0.0,0.0,,0.0,3.0,0.0,0.0,0.0,0.0,0
Namibia,13.0,0.0,,0.0,0.0,4.0,0.0,0.0,0.0,0.0,0.0,0.0,0.0,0.0,0.0,0.0,0.0,0.0,0.0,0.0,0.0,0.0,0.0,,,0.0,0.0,0.0,0.0,0.0,0.0,0.0,0.0,0.0,,0.0,0.0,0.0,,0.0,0.0,0.0,0.0,,0.0,0.0,0.0,0.0,0.0,,0.0,0.0,0.0,0.0,0
Niger,46.0,,0.0,,0.0,9.0,,0.0,0.0,0.0,,,0.0,0.0,,0.0,0.0,0.0,0.0,0.0,0.0,,0.0,,,0.0,0.0,0.0,0.0,0.0,0.0,,0.0,6.0,0.0,0.0,,,0.0,0.0,0.0,0.0,0.0,0.0,,0.0,0.0,0.0,0.0,0.0,0.0,0.0,,0.0,14
Nigeria,6470.0,28.0,7.0,38.0,7.0,610.0,38.0,50.0,27.0,54.0,180.0,274.0,7.0,0.0,435.0,39.0,9.0,27.0,16.0,41.0,,822.0,159.0,178.0,161.0,11.0,99.0,3.0,14.0,19.0,3.0,507.0,6.0,730.0,112.0,0.0,134.0,40.0,10.0,130.0,60.0,29.0,0.0,61.0,985.0,0.0,6.0,8.0,,114.0,52.0,0.0,27.0,0.0,100
Rwanda,116.0,,0.0,,,8.0,,,0.0,0.0,3.0,,0.0,,0.0,4.0,5.0,0.0,5.0,0.0,,4.0,3.0,5.0,,0.0,3.0,0.0,,0.0,0.0,,0.0,3.0,16.0,0.0,16.0,0.0,,,0.0,0.0,0.0,3.0,4.0,0.0,0.0,0.0,0.0,7.0,,0.0,,0.0,5
Sao Tome & Principe,,0.0,0.0,0.0,0.0,0.0,0.0,0.0,0.0,0.0,0.0,0.0,0.0,0.0,0.0,0.0,0.0,,0.0,0.0,0.0,0.0,0.0,0.0,0.0,0.0,0.0,0.0,0.0,0.0,0.0,0.0,0.0,0.0,0.0,0.0,0.0,0.0,0.0,0.0,0.0,0.0,0.0,0.0,0.0,0.0,0.0,0.0,0.0,0.0,0.0,0.0,0.0,0.0,0
Senegal,371.0,0.0,0.0,,0.0,24.0,6.0,5.0,0.0,3.0,12.0,8.0,,0.0,12.0,7.0,0.0,,,,0.0,34.0,17.0,14.0,4.0,0.0,8.0,0.0,,0.0,,20.0,,79.0,6.0,0.0,36.0,0.0,0.0,3.0,20.0,0.0,0.0,,12.0,0.0,,0.0,0.0,14.0,7.0,0.0,,,3
Seychelles,13.0,0.0,0.0,0.0,0.0,4.0,0.0,0.0,0.0,0.0,,0.0,,0.0,0.0,0.0,0.0,0.0,0.0,0.0,0.0,0.0,,0.0,0.0,0.0,0.0,0.0,0.0,0.0,0.0,0.0,0.0,0.0,,0.0,0.0,,0.0,0.0,0.0,0.0,0.0,0.0,,0.0,0.0,0.0,0.0,,,0.0,0.0,0.0,1
Sierra Leone,945.0,0.0,0.0,11.0,,75.0,5.0,,,12.0,16.0,22.0,3.0,0.0,9.0,7.0,3.0,,4.0,,0.0,229.0,29.0,31.0,27.0,0.0,5.0,0.0,,0.0,,76.0,,67.0,25.0,0.0,35.0,,,51.0,,5.0,0.0,6.0,50.0,0.0,,0.0,0.0,99.0,4.0,0.0,7.0,0.0,17
Somalia,2714.0,,,32.0,0.0,177.0,26.0,10.0,0.0,,5.0,111.0,0.0,0.0,26.0,6.0,10.0,6.0,19.0,,50.0,37.0,91.0,89.0,977.0,0.0,85.0,0.0,,,0.0,,0.0,68.0,23.0,12.0,226.0,,49.0,7.0,0.0,,0.0,58.0,70.0,0.0,0.0,41.0,,107.0,237.0,0.0,11.0,,33
South Africa,1453.0,3.0,,38.0,3.0,378.0,44.0,42.0,7.0,6.0,147.0,64.0,3.0,,32.0,5.0,6.0,6.0,10.0,8.0,,23.0,43.0,23.0,19.0,5.0,22.0,0.0,4.0,14.0,3.0,33.0,8.0,74.0,25.0,0.0,38.0,5.0,17.0,39.0,6.0,14.0,0.0,9.0,108.0,0.0,0.0,26.0,,17.0,51.0,,3.0,,15
St. Helena,,0.0,0.0,0.0,0.0,0.0,0.0,0.0,0.0,0.0,,0.0,0.0,0.0,0.0,0.0,0.0,0.0,0.0,0.0,0.0,0.0,0.0,0.0,0.0,0.0,0.0,0.0,0.0,0.0,0.0,0.0,0.0,0.0,0.0,0.0,0.0,0.0,0.0,0.0,0.0,0.0,0.0,0.0,0.0,0.0,0.0,0.0,0.0,0.0,0.0,0.0,0.0,0.0,0
Sudan,1104.0,10.0,0.0,10.0,0.0,76.0,35.0,12.0,4.0,3.0,19.0,20.0,,,42.0,4.0,26.0,,3.0,,9.0,46.0,14.0,11.0,86.0,3.0,22.0,0.0,64.0,,3.0,21.0,0.0,77.0,67.0,10.0,27.0,0.0,3.0,34.0,,3.0,10.0,17.0,85.0,0.0,0.0,25.0,,115.0,30.0,0.0,16.0,0.0,33
Swaziland,5.0,0.0,0.0,0.0,0.0,,0.0,0.0,0.0,0.0,0.0,0.0,0.0,0.0,0.0,0.0,0.0,0.0,0.0,0.0,0.0,0.0,,0.0,0.0,0.0,0.0,0.0,0.0,0.0,0.0,0.0,0.0,0.0,,0.0,0.0,0.0,0.0,0.0,0.0,,0.0,0.0,0.0,0.0,0.0,0.0,0.0,0.0,0.0,0.0,0.0,0.0,0
Tanzania,348.0,0.0,0.0,3.0,0.0,56.0,4.0,,4.0,,33.0,11.0,0.0,4.0,21.0,,0.0,3.0,,0.0,0.0,17.0,16.0,7.0,14.0,0.0,6.0,0.0,,,,28.0,,23.0,3.0,0.0,4.0,0.0,0.0,21.0,0.0,9.0,0.0,,27.0,0.0,0.0,0.0,0.0,9.0,9.0,0.0,0.0,0.0,4
Togo,204.0,0.0,,3.0,0.0,16.0,5.0,3.0,,3.0,10.0,5.0,,0.0,11.0,,0.0,,,,,24.0,3.0,,17.0,0.0,0.0,0.0,7.0,0.0,,9.0,0.0,34.0,6.0,0.0,7.0,,0.0,4.0,0.0,0.0,0.0,0.0,3.0,0.0,0.0,0.0,0.0,15.0,5.0,0.0,,0.0,0
Tunisia,192.0,0.0,0.0,,0.0,31.0,,5.0,0.0,4.0,14.0,0.0,0.0,,8.0,,0.0,0.0,0.0,0.0,0.0,7.0,7.0,9.0,4.0,0.0,5.0,0.0,0.0,,,9.0,,17.0,4.0,0.0,4.0,0.0,0.0,10.0,0.0,,0.0,,10.0,0.0,,0.0,0.0,23.0,3.0,0.0,,0.0,3
Uganda,327.0,,0.0,5.0,0.0,50.0,9.0,6.0,,,17.0,8.0,0.0,0.0,19.0,,,,0.0,0.0,0.0,19.0,30.0,10.0,9.0,0.0,6.0,0.0,,,0.0,26.0,,15.0,7.0,0.0,9.0,,,10.0,0.0,5.0,0.0,3.0,22.0,0.0,0.0,,0.0,12.0,8.0,0.0,0.0,0.0,4
Zambia,180.0,0.0,0.0,,0.0,31.0,4.0,0.0,0.0,,21.0,6.0,0.0,,8.0,0.0,0.0,0.0,0.0,0.0,,7.0,6.0,3.0,3.0,0.0,0.0,0.0,0.0,,,15.0,0.0,9.0,5.0,0.0,,,,6.0,0.0,0.0,0.0,,26.0,0.0,,0.0,0.0,8.0,,0.0,,0.0,5
Zimbabwe,225.0,,0.0,4.0,0.0,37.0,3.0,,0.0,0.0,15.0,14.0,,,8.0,,,,,,0.0,7.0,14.0,6.0,,0.0,5.0,0.0,4.0,,0.0,10.0,0.0,13.0,10.0,0.0,9.0,,,6.0,,,,,21.0,0.0,0.0,,0.0,4.0,3.0,0.0,4.0,,4
Oceania,3551.0,4.0,34.0,42.0,5.0,1868.0,83.0,38.0,5.0,6.0,94.0,32.0,77.0,8.0,40.0,13.0,,19.0,10.0,6.0,8.0,27.0,60.0,41.0,31.0,0.0,27.0,14.0,4.0,27.0,3.0,48.0,20.0,158.0,32.0,,27.0,10.0,64.0,24.0,4.0,5.0,,6.0,112.0,0.0,5.0,102.0,3.0,45.0,198.0,,19.0,3.0,32
American Samoa,137.0,0.0,12.0,,0.0,59.0,,0.0,0.0,0.0,,,18.0,0.0,0.0,0.0,0.0,,,0.0,0.0,0.0,,0.0,,0.0,6.0,0.0,0.0,,0.0,0.0,0.0,0.0,,0.0,0.0,,,0.0,0.0,0.0,0.0,0.0,,0.0,0.0,,0.0,,16.0,0.0,0.0,0.0,1
Australia,1295.0,,8.0,29.0,0.0,428.0,51.0,28.0,5.0,,55.0,20.0,12.0,,27.0,8.0,,8.0,,,,17.0,43.0,28.0,20.0,0.0,12.0,8.0,,12.0,,34.0,12.0,129.0,19.0,0.0,18.0,5.0,17.0,16.0,,,,,55.0,0.0,,25.0,,34.0,36.0,,13.0,,13
Fiji,1267.0,0.0,0.0,3.0,,1055.0,4.0,,0.0,0.0,,5.0,,,,0.0,0.0,,0.0,0.0,0.0,,3.0,5.0,,0.0,3.0,,0.0,,0.0,3.0,,,,0.0,4.0,,26.0,,0.0,0.0,0.0,0.0,12.0,0.0,0.0,0.0,0.0,,102.0,,,0.0,6
French Polynesia,10.0,0.0,0.0,0.0,0.0,,0.0,0.0,0.0,0.0,,0.0,,0.0,0.0,0.0,0.0,0.0,0.0,0.0,0.0,0.0,,0.0,0.0,0.0,0.0,0.0,0.0,0.0,0.0,0.0,0.0,0.0,0.0,0.0,0.0,0.0,0.0,0.0,0.0,0.0,0.0,0.0,0.0,0.0,0.0,,0.0,0.0,0.0,0.0,0.0,0.0,2
Kiribati,,0.0,0.0,0.0,0.0,0.0,,0.0,0.0,0.0,,0.0,0.0,0.0,0.0,0.0,0.0,0.0,0.0,0.0,0.0,0.0,0.0,0.0,0.0,0.0,0.0,0.0,0.0,0.0,0.0,0.0,0.0,0.0,0.0,0.0,0.0,0.0,0.0,0.0,0.0,0.0,0.0,0.0,0.0,0.0,0.0,0.0,0.0,0.0,0.0,0.0,0.0,0.0,0
Marshall Islands,9.0,0.0,0.0,0.0,0.0,,0.0,0.0,0.0,0.0,0.0,0.0,,0.0,0.0,0.0,0.0,,0.0,0.0,0.0,0.0,0.0,0.0,0.0,0.0,0.0,0.0,0.0,0.0,0.0,0.0,0.0,0.0,,,0.0,0.0,0.0,0.0,0.0,0.0,0.0,0.0,0.0,0.0,0.0,0.0,0.0,0.0,,0.0,0.0,0.0,1
"Micronesia, Federated States",14.0,0.0,0.0,0.0,,3.0,0.0,0.0,0.0,0.0,0.0,,0.0,0.0,0.0,0.0,0.0,0.0,0.0,0.0,0.0,0.0,0.0,0.0,0.0,0.0,0.0,0.0,0.0,0.0,0.0,0.0,0.0,,,0.0,0.0,0.0,0.0,0.0,0.0,0.0,0.0,0.0,,0.0,0.0,0.0,0.0,,,0.0,,0.0,1
Nauru,,0.0,0.0,0.0,0.0,0.0,0.0,0.0,0.0,0.0,0.0,0.0,0.0,0.0,0.0,0.0,0.0,0.0,0.0,0.0,0.0,0.0,0.0,0.0,0.0,0.0,0.0,0.0,0.0,0.0,0.0,0.0,0.0,0.0,0.0,0.0,0.0,0.0,0.0,0.0,0.0,0.0,0.0,0.0,,0.0,0.0,0.0,0.0,0.0,0.0,0.0,0.0,0.0,0
New Caledonia,,0.0,0.0,0.0,0.0,0.0,0.0,0.0,0.0,0.0,,0.0,0.0,0.0,,0.0,0.0,0.0,0.0,0.0,0.0,0.0,,0.0,0.0,0.0,0.0,0.0,0.0,0.0,,0.0,0.0,0.0,0.0,0.0,0.0,0.0,0.0,0.0,0.0,0.0,0.0,0.0,0.0,0.0,0.0,0.0,0.0,0.0,0.0,0.0,0.0,0.0,0
New Zealand,420.0,,4.0,3.0,,124.0,20.0,,0.0,,27.0,3.0,9.0,,9.0,,,5.0,,,,,8.0,5.0,4.0,0.0,3.0,,0.0,7.0,0.0,11.0,5.0,,6.0,0.0,5.0,,11.0,,,,0.0,3.0,25.0,0.0,,17.0,,,18.0,0.0,,0.0,2
Palau,19.0,,0.0,0.0,0.0,4.0,,0.0,0.0,0.0,0.0,0.0,3.0,0.0,0.0,0.0,0.0,0.0,0.0,0.0,0.0,0.0,0.0,0.0,0.0,0.0,0.0,0.0,0.0,0.0,0.0,0.0,0.0,0.0,0.0,,0.0,,0.0,0.0,0.0,0.0,0.0,0.0,,0.0,,0.0,0.0,0.0,,0.0,0.0,0.0,3
Papua New Guinea,,0.0,0.0,0.0,0.0,,0.0,0.0,0.0,0.0,0.0,0.0,0.0,0.0,0.0,0.0,0.0,0.0,0.0,0.0,0.0,0.0,0.0,0.0,0.0,0.0,0.0,0.0,0.0,0.0,0.0,0.0,,0.0,0.0,0.0,0.0,0.0,0.0,0.0,0.0,0.0,0.0,0.0,0.0,0.0,0.0,0.0,0.0,0.0,,0.0,0.0,0.0,0
Samoa,157.0,0.0,7.0,4.0,,77.0,,0.0,0.0,0.0,0.0,,16.0,,0.0,0.0,0.0,0.0,0.0,0.0,0.0,0.0,,,0.0,0.0,3.0,0.0,0.0,,0.0,0.0,0.0,0.0,,0.0,0.0,0.0,5.0,,0.0,0.0,0.0,,,0.0,0.0,16.0,0.0,0.0,12.0,0.0,0.0,,2
Solomon Islands,,0.0,0.0,0.0,0.0,,0.0,0.0,0.0,0.0,0.0,0.0,0.0,0.0,0.0,0.0,0.0,0.0,0.0,0.0,0.0,0.0,0.0,0.0,,0.0,0.0,0.0,0.0,0.0,0.0,0.0,0.0,0.0,0.0,0.0,0.0,0.0,0.0,0.0,0.0,0.0,0.0,0.0,0.0,0.0,0.0,0.0,0.0,0.0,0.0,0.0,,0.0,0
Tonga,207.0,0.0,3.0,,0.0,109.0,3.0,0.0,0.0,0.0,4.0,0.0,14.0,,0.0,,0.0,0.0,0.0,0.0,0.0,0.0,,,,0.0,0.0,0.0,0.0,3.0,0.0,0.0,0.0,0.0,0.0,0.0,0.0,0.0,,0.0,0.0,0.0,0.0,0.0,12.0,0.0,0.0,37.0,0.0,0.0,8.0,0.0,0.0,0.0,1
Vanuatu,3.0,0.0,0.0,0.0,0.0,,0.0,0.0,0.0,0.0,0.0,0.0,0.0,0.0,0.0,0.0,0.0,0.0,0.0,0.0,0.0,0.0,0.0,0.0,0.0,0.0,0.0,0.0,,0.0,0.0,0.0,0.0,0.0,0.0,0.0,0.0,0.0,0.0,0.0,0.0,0.0,0.0,0.0,0.0,0.0,0.0,0.0,0.0,0.0,0.0,0.0,0.0,0.0,0
North America,151047.0,119.0,149.0,2955.0,315.0,40831.0,1668.0,1342.0,219.0,230.0,23624.0,1365.0,234.0,322.0,6620.0,590.0,373.0,642.0,235.0,388.0,117.0,2383.0,3871.0,1297.0,632.0,123.0,547.0,76.0,633.0,1615.0,187.0,6103.0,764.0,20277.0,1161.0,57.0,691.0,472.0,715.0,1331.0,700.0,322.0,45.0,421.0,15327.0,0.0,682.0,866.0,62.0,1917.0,1703.0,38.0,592.0,50.0,3049
Canada,7682.0,,22.0,223.0,25.0,1318.0,176.0,157.0,15.0,,880.0,118.0,23.0,49.0,210.0,66.0,25.0,36.0,28.0,31.0,77.0,,234.0,559.0,150.0,9.0,85.0,48.0,17.0,,89.0,,32.0,462.0,142.0,21.0,204.0,39.0,117.0,130.0,26.0,65.0,12.0,73.0,,0.0,4.0,113.0,53.0,129.0,411.0,8.0,57.0,10.0,114
Greenland,,0.0,0.0,0.0,0.0,,0.0,0.0,0.0,0.0,0.0,0.0,0.0,0.0,0.0,0.0,0.0,0.0,0.0,0.0,0.0,0.0,0.0,0.0,0.0,0.0,0.0,0.0,0.0,0.0,0.0,0.0,0.0,0.0,0.0,0.0,0.0,0.0,0.0,0.0,0.0,0.0,0.0,0.0,0.0,0.0,0.0,0.0,0.0,0.0,0.0,0.0,0.0,0.0,0
Mexico,63840.0,45.0,59.0,2453.0,214.0,29541.0,1256.0,74.0,56.0,16.0,1039.0,444.0,58.0,246.0,5207.0,379.0,284.0,486.0,60.0,68.0,,125.0,93.0,400.0,287.0,49.0,256.0,14.0,494.0,1063.0,19.0,289.0,655.0,719.0,395.0,12.0,173.0,343.0,493.0,184.0,19.0,92.0,20.0,177.0,11970.0,0.0,34.0,581.0,,250.0,976.0,9.0,402.0,32.0,1221
United States,36.0,,0.0,,,,0.0,0.0,0.0,,5.0,0.0,0.0,0.0,3.0,0.0,0.0,0.0,0.0,0.0,0.0,,0.0,,0.0,0.0,0.0,0.0,0.0,,0.0,,0.0,3.0,0.0,0.0,0.0,0.0,0.0,0.0,0.0,0.0,0.0,0.0,,0.0,0.0,0.0,0.0,4.0,,0.0,0.0,0.0,0
Caribbean,54811.0,28.0,45.0,,,968.0,82.0,989.0,129.0,89.0,18330.0,598.0,96.0,10.0,455.0,79.0,14.0,42.0,118.0,76.0,23.0,1192.0,3097.0,252.0,83.0,31.0,113.0,6.0,27.0,165.0,63.0,4723.0,33.0,17020.0,344.0,14.0,214.0,37.0,45.0,879.0,520.0,95.0,8.0,90.0,748.0,0.0,597.0,46.0,5.0,552.0,,12.0,79.0,3.0,1317
Anguilla,18.0,0.0,0.0,0.0,0.0,0.0,0.0,0.0,0.0,0.0,,0.0,0.0,0.0,0.0,,0.0,0.0,0.0,0.0,0.0,,,0.0,0.0,0.0,0.0,0.0,0.0,0.0,0.0,,0.0,3.0,,0.0,0.0,0.0,0.0,,,0.0,0.0,,0.0,0.0,3.0,0.0,0.0,0.0,0.0,0.0,0.0,0.0,1
Antigua-Barbuda,357.0,0.0,0.0,,,7.0,0.0,8.0,,,51.0,6.0,3.0,0.0,,,,,,3.0,0.0,8.0,5.0,0.0,0.0,,0.0,0.0,,0.0,0.0,29.0,,155.0,4.0,0.0,,,0.0,6.0,0.0,,0.0,,10.0,0.0,26.0,,0.0,7.0,,0.0,0.0,0.0,7
Aruba,30.0,0.0,0.0,,0.0,,0.0,0.0,0.0,0.0,7.0,0.0,0.0,0.0,0.0,0.0,0.0,0.0,0.0,,0.0,,0.0,0.0,0.0,0.0,,0.0,,0.0,0.0,,0.0,11.0,0.0,0.0,0.0,0.0,0.0,0.0,0.0,0.0,0.0,,,0.0,,0.0,0.0,0.0,0.0,0.0,0.0,0.0,1
"Bahamas, The",378.0,3.0,0.0,,,13.0,,0.0,0.0,,220.0,15.0,3.0,,,3.0,,3.0,3.0,,,10.0,,,,,,0.0,0.0,0.0,0.0,5.0,0.0,30.0,10.0,0.0,0.0,,0.0,6.0,0.0,,0.0,3.0,8.0,0.0,0.0,0.0,0.0,7.0,3.0,0.0,,0.0,9
Barbados,650.0,0.0,,6.0,,15.0,,16.0,,,64.0,12.0,3.0,0.0,,3.0,0.0,0.0,,,0.0,17.0,54.0,4.0,0.0,,,0.0,0.0,3.0,0.0,46.0,0.0,312.0,,0.0,7.0,,0.0,15.0,,5.0,0.0,,11.0,0.0,,0.0,0.0,11.0,4.0,0.0,,0.0,13
Bermuda,47.0,0.0,0.0,0.0,0.0,4.0,,0.0,,0.0,11.0,4.0,0.0,0.0,0.0,0.0,0.0,,0.0,0.0,0.0,3.0,,0.0,0.0,0.0,0.0,0.0,0.0,,0.0,,0.0,3.0,,0.0,,0.0,0.0,,3.0,,0.0,0.0,,0.0,0.0,0.0,0.0,,0.0,0.0,,0.0,1
British Virgin Islands,41.0,0.0,0.0,0.0,0.0,,0.0,0.0,0.0,0.0,3.0,,0.0,0.0,0.0,0.0,0.0,0.0,0.0,0.0,0.0,,,,0.0,0.0,,0.0,0.0,0.0,0.0,,0.0,4.0,,0.0,0.0,0.0,0.0,0.0,0.0,0.0,0.0,0.0,,0.0,13.0,0.0,0.0,3.0,0.0,0.0,0.0,0.0,5
Cayman Islands,9.0,0.0,0.0,0.0,0.0,0.0,0.0,0.0,0.0,0.0,5.0,0.0,0.0,0.0,0.0,0.0,0.0,0.0,0.0,0.0,0.0,0.0,0.0,0.0,0.0,0.0,0.0,0.0,0.0,0.0,0.0,0.0,0.0,,0.0,0.0,,0.0,0.0,0.0,0.0,0.0,0.0,0.0,,0.0,0.0,0.0,0.0,0.0,0.0,0.0,0.0,0.0,0
Cuba,11236.0,6.0,4.0,29.0,3.0,315.0,10.0,18.0,3.0,3.0,9033.0,34.0,4.0,0.0,87.0,9.0,,3.0,73.0,24.0,,28.0,41.0,45.0,11.0,6.0,22.0,0.0,6.0,109.0,,418.0,14.0,181.0,39.0,3.0,15.0,,30.0,20.0,4.0,8.0,,16.0,142.0,0.0,58.0,5.0,0.0,41.0,20.0,,5.0,,281
Dominica,441.0,0.0,5.0,,0.0,11.0,3.0,6.0,0.0,0.0,61.0,13.0,,0.0,12.0,,0.0,0.0,0.0,0.0,,11.0,20.0,,,0.0,0.0,0.0,0.0,,0.0,41.0,0.0,96.0,,0.0,7.0,0.0,0.0,6.0,0.0,0.0,0.0,0.0,34.0,0.0,51.0,0.0,0.0,7.0,5.0,0.0,0.0,0.0,40
Dominican Republic,15464.0,,22.0,11.0,,83.0,17.0,150.0,18.0,21.0,1354.0,58.0,11.0,,62.0,22.0,5.0,8.0,7.0,12.0,5.0,130.0,1694.0,66.0,9.0,5.0,16.0,,7.0,23.0,34.0,2206.0,7.0,7587.0,87.0,,52.0,6.0,,295.0,433.0,12.0,,11.0,95.0,0.0,300.0,22.0,,87.0,13.0,0.0,25.0,0.0,366
Grenada,530.0,0.0,0.0,,0.0,8.0,0.0,,3.0,,33.0,9.0,3.0,0.0,0.0,0.0,0.0,,,0.0,,31.0,8.0,,,,,0.0,0.0,0.0,0.0,21.0,0.0,328.0,3.0,0.0,,,0.0,4.0,0.0,0.0,0.0,3.0,20.0,0.0,,,,19.0,3.0,,,0.0,8
Guadeloupe,21.0,0.0,,0.0,0.0,,,0.0,0.0,0.0,4.0,0.0,0.0,0.0,0.0,0.0,0.0,0.0,0.0,0.0,0.0,,0.0,0.0,0.0,0.0,0.0,0.0,0.0,0.0,0.0,3.0,0.0,4.0,0.0,0.0,0.0,0.0,0.0,,0.0,0.0,0.0,0.0,0.0,0.0,4.0,0.0,0.0,0.0,0.0,0.0,0.0,0.0,0
Haiti,8215.0,,3.0,14.0,,74.0,13.0,187.0,40.0,8.0,3225.0,108.0,13.0,,76.0,17.0,3.0,6.0,9.0,6.0,,132.0,900.0,27.0,9.0,4.0,32.0,,,11.0,17.0,706.0,,1886.0,46.0,4.0,19.0,,5.0,164.0,52.0,14.0,,9.0,36.0,0.0,10.0,5.0,0.0,63.0,22.0,,0.0,0.0,223
Jamaica,12271.0,11.0,4.0,13.0,4.0,280.0,17.0,543.0,47.0,30.0,3408.0,249.0,36.0,,185.0,10.0,,10.0,12.0,16.0,7.0,511.0,245.0,74.0,30.0,8.0,32.0,0.0,5.0,8.0,8.0,867.0,4.0,4318.0,93.0,3.0,79.0,14.0,6.0,274.0,13.0,32.0,,23.0,183.0,0.0,19.0,9.0,0.0,193.0,24.0,8.0,36.0,0.0,265
Martinique,18.0,0.0,0.0,,0.0,0.0,0.0,0.0,0.0,0.0,,0.0,0.0,0.0,3.0,0.0,0.0,0.0,0.0,0.0,0.0,,0.0,0.0,0.0,0.0,0.0,0.0,0.0,0.0,0.0,0.0,0.0,5.0,,0.0,0.0,0.0,0.0,0.0,0.0,0.0,0.0,,0.0,0.0,0.0,0.0,0.0,3.0,0.0,0.0,0.0,0.0,0
Montserrat,54.0,0.0,0.0,0.0,0.0,,0.0,,0.0,0.0,3.0,0.0,0.0,0.0,0.0,0.0,0.0,0.0,0.0,,0.0,4.0,10.0,,,0.0,0.0,0.0,0.0,,0.0,3.0,0.0,20.0,0.0,0.0,0.0,0.0,0.0,0.0,,0.0,0.0,,0.0,0.0,4.0,0.0,0.0,,0.0,0.0,0.0,0.0,0
Netherlands Antilles,23.0,,0.0,0.0,0.0,,0.0,0.0,0.0,0.0,7.0,,0.0,0.0,0.0,0.0,0.0,0.0,0.0,0.0,,0.0,,0.0,0.0,0.0,0.0,0.0,0.0,0.0,0.0,0.0,0.0,4.0,,0.0,0.0,0.0,0.0,0.0,0.0,0.0,0.0,0.0,,0.0,,0.0,0.0,0.0,0.0,0.0,0.0,0.0,1
St. Kitts-Nevis,282.0,0.0,0.0,,0.0,4.0,0.0,10.0,0.0,0.0,49.0,4.0,,0.0,0.0,,0.0,0.0,3.0,,,9.0,7.0,,0.0,0.0,0.0,0.0,,0.0,0.0,6.0,,76.0,6.0,,3.0,3.0,0.0,,,0.0,,,8.0,0.0,54.0,0.0,,8.0,,0.0,0.0,0.0,10
St. Lucia,359.0,0.0,,0.0,0.0,18.0,,14.0,,,51.0,9.0,,0.0,,,0.0,,0.0,,0.0,14.0,6.0,,3.0,0.0,,0.0,0.0,,,19.0,0.0,126.0,4.0,0.0,,,,4.0,,,0.0,,26.0,0.0,27.0,0.0,0.0,4.0,,0.0,0.0,0.0,4
St. Vincent & the Grenadines,388.0,0.0,0.0,,0.0,9.0,,3.0,0.0,,34.0,3.0,,0.0,,0.0,0.0,0.0,,0.0,0.0,7.0,14.0,,,0.0,0.0,0.0,0.0,0.0,0.0,27.0,0.0,245.0,0.0,0.0,,0.0,0.0,5.0,0.0,0.0,0.0,,9.0,0.0,4.0,,0.0,5.0,0.0,0.0,,0.0,7
Trinidad & Tobago,3958.0,4.0,3.0,9.0,,121.0,13.0,30.0,13.0,19.0,695.0,69.0,13.0,4.0,23.0,9.0,,6.0,5.0,8.0,,271.0,86.0,21.0,14.0,3.0,3.0,3.0,3.0,5.0,0.0,319.0,4.0,1620.0,41.0,,23.0,5.0,,75.0,8.0,16.0,,13.0,157.0,0.0,17.0,,,91.0,24.0,0.0,5.0,,73
Turks & Caicos Islands,16.0,0.0,0.0,0.0,0.0,0.0,0.0,0.0,0.0,0.0,8.0,,0.0,0.0,0.0,0.0,0.0,0.0,0.0,0.0,0.0,0.0,0.0,0.0,0.0,0.0,0.0,0.0,0.0,,0.0,,0.0,,0.0,0.0,0.0,0.0,0.0,0.0,0.0,0.0,0.0,0.0,,0.0,0.0,0.0,0.0,0.0,0.0,0.0,0.0,0.0,2
U.S. Virgin Islands,,0.0,0.0,0.0,0.0,0.0,0.0,0.0,0.0,0.0,0.0,,0.0,0.0,0.0,0.0,0.0,0.0,0.0,0.0,0.0,0.0,0.0,,0.0,0.0,0.0,0.0,0.0,0.0,0.0,0.0,0.0,,0.0,0.0,0.0,0.0,0.0,0.0,0.0,0.0,0.0,0.0,0.0,0.0,0.0,0.0,0.0,0.0,0.0,0.0,0.0,0.0,0
Central America,24677.0,26.0,23.0,185.0,61.0,8995.0,154.0,122.0,19.0,117.0,3370.0,205.0,57.0,17.0,745.0,66.0,50.0,78.0,29.0,213.0,9.0,974.0,447.0,,112.0,34.0,93.0,8.0,95.0,303.0,16.0,915.0,44.0,2073.0,280.0,10.0,100.0,53.0,60.0,138.0,135.0,70.0,5.0,81.0,2191.0,0.0,47.0,126.0,,982.0,192.0,9.0,54.0,5.0,397
Belize,664.0,0.0,,5.0,0.0,277.0,3.0,,0.0,,59.0,6.0,0.0,0.0,72.0,0.0,,,,4.0,0.0,3.0,,5.0,,,,0.0,0.0,7.0,0.0,17.0,0.0,104.0,4.0,0.0,,3.0,,,,3.0,0.0,,48.0,0.0,,0.0,0.0,4.0,3.0,0.0,3.0,,11
Costa Rica,970.0,,0.0,5.0,0.0,195.0,3.0,11.0,,,211.0,20.0,,,14.0,,,,,4.0,0.0,15.0,22.0,9.0,10.0,3.0,,0.0,0.0,7.0,,114.0,,105.0,16.0,,,4.0,,23.0,7.0,9.0,0.0,,49.0,0.0,,5.0,0.0,22.0,13.0,0.0,7.0,0.0,21
El Salvador,9602.0,,10.0,68.0,37.0,4456.0,66.0,22.0,3.0,75.0,274.0,56.0,18.0,7.0,139.0,26.0,13.0,35.0,,18.0,,610.0,147.0,18.0,35.0,3.0,27.0,,38.0,141.0,3.0,286.0,17.0,687.0,74.0,,23.0,10.0,24.0,22.0,16.0,10.0,,15.0,1218.0,0.0,15.0,50.0,0.0,602.0,61.0,4.0,8.0,,100
Guatemala,5080.0,7.0,,59.0,10.0,2312.0,24.0,56.0,5.0,13.0,274.0,34.0,,7.0,355.0,10.0,13.0,16.0,9.0,24.0,3.0,143.0,152.0,12.0,25.0,6.0,13.0,,29.0,81.0,3.0,160.0,13.0,336.0,31.0,,20.0,9.0,20.0,30.0,99.0,15.0,0.0,9.0,309.0,0.0,7.0,45.0,0.0,147.0,29.0,,12.0,0.0,80
Honduras,3455.0,8.0,,19.0,9.0,597.0,23.0,,,11.0,736.0,28.0,8.0,,94.0,16.0,13.0,13.0,6.0,127.0,3.0,54.0,84.0,14.0,19.0,9.0,29.0,,14.0,22.0,4.0,239.0,4.0,540.0,48.0,,12.0,14.0,6.0,35.0,5.0,6.0,,20.0,318.0,0.0,4.0,13.0,0.0,84.0,34.0,0.0,7.0,,87
Nicaragua,3444.0,0.0,,12.0,,1001.0,9.0,10.0,,12.0,1498.0,19.0,10.0,0.0,43.0,,5.0,6.0,,25.0,,100.0,,8.0,,,12.0,0.0,7.0,32.0,,56.0,,110.0,62.0,,12.0,4.0,5.0,,,9.0,,12.0,123.0,0.0,5.0,10.0,3.0,71.0,23.0,0.0,7.0,,70
Panama,1462.0,5.0,8.0,17.0,,157.0,26.0,12.0,7.0,3.0,318.0,42.0,13.0,0.0,28.0,8.0,0.0,5.0,9.0,11.0,0.0,49.0,25.0,18.0,16.0,10.0,6.0,4.0,7.0,13.0,3.0,43.0,6.0,191.0,45.0,,19.0,9.0,,16.0,5.0,18.0,0.0,20.0,126.0,0.0,12.0,3.0,0.0,52.0,29.0,,10.0,0.0,28
South America,38676.0,34.0,31.0,192.0,22.0,4431.0,239.0,780.0,66.0,79.0,8488.0,413.0,63.0,33.0,888.0,89.0,38.0,91.0,60.0,98.0,26.0,954.0,1048.0,230.0,288.0,31.0,124.0,15.0,41.0,199.0,66.0,5038.0,74.0,8805.0,394.0,11.0,225.0,95.0,73.0,472.0,206.0,146.0,6.0,97.0,1244.0,0.0,89.0,312.0,14.0,1232.0,260.0,13.0,78.0,7.0,628
Argentina,1965.0,0.0,,9.0,3.0,495.0,19.0,35.0,4.0,9.0,475.0,13.0,,0.0,42.0,15.0,4.0,10.0,,7.0,,42.0,46.0,25.0,19.0,,9.0,,0.0,21.0,5.0,109.0,,226.0,14.0,0.0,14.0,,7.0,32.0,9.0,7.0,0.0,3.0,61.0,0.0,14.0,48.0,4.0,44.0,18.0,0.0,6.0,0.0,28
Bolivia,1125.0,,0.0,6.0,0.0,197.0,9.0,,,5.0,116.0,6.0,,,21.0,4.0,,,,3.0,,100.0,14.0,6.0,,,5.0,,0.0,,0.0,42.0,,90.0,6.0,0.0,,5.0,,,20.0,3.0,0.0,,44.0,0.0,,15.0,0.0,344.0,7.0,,4.0,0.0,9
Brazil,4074.0,,5.0,31.0,,637.0,33.0,124.0,,9.0,913.0,44.0,15.0,4.0,65.0,5.0,,8.0,10.0,16.0,3.0,109.0,409.0,66.0,24.0,,16.0,,,38.0,15.0,429.0,6.0,394.0,39.0,,24.0,15.0,14.0,55.0,20.0,16.0,,17.0,147.0,0.0,5.0,56.0,,94.0,38.0,,19.0,0.0,65
Chile,1142.0,3.0,,13.0,,239.0,10.0,17.0,7.0,3.0,264.0,8.0,,0.0,28.0,,,,,6.0,,38.0,33.0,5.0,11.0,,,0.0,4.0,8.0,0.0,83.0,6.0,121.0,11.0,0.0,17.0,0.0,9.0,10.0,,,0.0,5.0,52.0,0.0,3.0,32.0,0.0,27.0,19.0,,6.0,,19
Colombia,9819.0,12.0,14.0,48.0,5.0,696.0,37.0,221.0,16.0,16.0,3085.0,148.0,17.0,7.0,207.0,22.0,7.0,18.0,8.0,23.0,8.0,134.0,261.0,46.0,47.0,11.0,30.0,6.0,15.0,57.0,24.0,1414.0,28.0,1680.0,133.0,3.0,41.0,18.0,11.0,145.0,115.0,61.0,,24.0,382.0,0.0,24.0,30.0,3.0,167.0,60.0,,18.0,,208
Ecuador,5616.0,3.0,,17.0,,437.0,15.0,118.0,7.0,,627.0,20.0,5.0,,320.0,9.0,3.0,14.0,5.0,11.0,4.0,81.0,79.0,9.0,43.0,0.0,10.0,0.0,6.0,16.0,9.0,1107.0,8.0,2104.0,58.0,3.0,18.0,6.0,,68.0,17.0,15.0,,6.0,110.0,0.0,9.0,21.0,,70.0,21.0,,4.0,,88
French Guiana,6.0,0.0,0.0,0.0,0.0,,0.0,0.0,0.0,0.0,,0.0,0.0,0.0,0.0,0.0,0.0,0.0,0.0,0.0,0.0,0.0,0.0,0.0,0.0,0.0,,0.0,0.0,0.0,0.0,0.0,0.0,,0.0,0.0,0.0,0.0,0.0,0.0,0.0,0.0,0.0,0.0,0.0,0.0,0.0,0.0,0.0,0.0,0.0,0.0,0.0,0.0,0
Guyana,4877.0,3.0,,8.0,0.0,74.0,7.0,57.0,19.0,18.0,438.0,68.0,5.0,0.0,17.0,,0.0,5.0,3.0,4.0,0.0,165.0,40.0,15.0,104.0,,6.0,0.0,,,,528.0,4.0,2950.0,38.0,0.0,38.0,,,41.0,,16.0,,10.0,60.0,0.0,0.0,0.0,0.0,51.0,12.0,0.0,,0.0,55
Paraguay,178.0,0.0,0.0,,0.0,17.0,,,0.0,,,,0.0,,,0.0,,3.0,0.0,0.0,0.0,10.0,,,0.0,0.0,0.0,0.0,0.0,0.0,0.0,12.0,0.0,55.0,,0.0,,0.0,,,0.0,,0.0,0.0,5.0,0.0,0.0,,0.0,12.0,5.0,0.0,,0.0,5
Peru,6980.0,6.0,4.0,41.0,7.0,1384.0,74.0,171.0,8.0,11.0,1361.0,60.0,12.0,9.0,134.0,12.0,8.0,16.0,18.0,15.0,4.0,211.0,92.0,23.0,18.0,8.0,25.0,,7.0,48.0,4.0,1126.0,13.0,919.0,63.0,,34.0,39.0,26.0,81.0,10.0,15.0,,16.0,219.0,0.0,13.0,76.0,,354.0,63.0,3.0,8.0,,103
Suriname,97.0,0.0,0.0,0.0,0.0,,0.0,0.0,,0.0,27.0,0.0,0.0,0.0,,0.0,,0.0,0.0,0.0,0.0,5.0,,0.0,,0.0,0.0,0.0,0.0,0.0,0.0,6.0,0.0,18.0,,0.0,,0.0,0.0,4.0,0.0,,0.0,,4.0,0.0,,0.0,0.0,6.0,0.0,0.0,,0.0,2
Uruguay,412.0,,,,0.0,59.0,,10.0,0.0,,92.0,,,,4.0,,,,,0.0,0.0,14.0,15.0,,5.0,0.0,,,0.0,,,70.0,0.0,52.0,3.0,0.0,,0.0,0.0,3.0,0.0,0.0,0.0,0.0,17.0,0.0,,,,13.0,5.0,0.0,,0.0,8
Venezuela,2385.0,3.0,0.0,14.0,,183.0,28.0,20.0,,4.0,1066.0,39.0,3.0,6.0,46.0,17.0,6.0,13.0,9.0,13.0,3.0,45.0,56.0,30.0,12.0,4.0,17.0,,4.0,6.0,6.0,112.0,4.0,193.0,25.0,,27.0,8.0,,28.0,10.0,9.0,0.0,13.0,143.0,0.0,16.0,26.0,,50.0,12.0,3.0,7.0,0.0,38
Other,1358.0,3.0,10.0,5.0,1.0,255.0,19.0,6.0,3.0,2.0,38.0,9.0,0.0,0.0,134.0,8.0,4.0,10.0,4.0,7.0,3.0,15.0,32.0,71.0,16.0,2.0,9.0,3.0,4.0,1.0,3.0,48.0,3.0,135.0,1.0,0.0,51.0,2.0,10.0,24.0,8.0,3.0,0.0,8.0,68.0,0.0,18.0,16.0,1.0,58.0,22.0,2.0,16.0,0.0,187
Stateless,9.0,0.0,0.0,0.0,0.0,0.0,0.0,0.0,0.0,0.0,0.0,0.0,0.0,0.0,0.0,0.0,0.0,1.0,0.0,0.0,0.0,0.0,0.0,0.0,0.0,0.0,0.0,0.0,0.0,0.0,0.0,0.0,0.0,1.0,0.0,0.0,0.0,0.0,0.0,0.0,0.0,0.0,0.0,0.0,0.0,0.0,0.0,1.0,0.0,4.0,0.0,0.0,0.0,0.0,2
Unknown,1349.0,3.0,10.0,5.0,1.0,255.0,19.0,6.0,3.0,2.0,38.0,9.0,0.0,0.0,134.0,8.0,4.0,9.0,4.0,7.0,3.0,15.0,32.0,71.0,16.0,2.0,9.0,3.0,4.0,1.0,3.0,48.0,3.0,134.0,1.0,0.0,51.0,2.0,10.0,24.0,8.0,3.0,0.0,8.0,68.0,0.0,18.0,15.0,1.0,54.0,22.0,2.0,16.0,0.0,185
