,Total,Alabama,Alaska,Arizona,Arkansas,California,Colorado,Connecticut,Delaware,District of Columbia,Florida,Georgia,Hawaii,Idaho,Illinois,Indiana,Iowa,Kansas,Kentucky,Louisiana,Maine,Maryland,Massachusetts,Michigan,Minnesota,Mississippi,Missouri,Montana,Nebraska,Nevada,New Hampshire,New Jersey,New Mexico,New York,North Carolina,North Dakota,Ohio,Oklahoma,Oregon,Pennsylvania,Rhode Island,South Carolina,South Dakota,Tennessee,Texas,U.S. Armed Services Posts,U.S. Dependencies,Utah,Vermont,Virginia,Washington,West Virginia,Wisconsin,Wyoming,Unknown
Total,1052415.0,3393.0,1617.0,17528.0,2722.0,228941.0,11039.0,12932.0,2085.0,2541.0,126277.0,27353.0,7236.0,2044.0,41971.0,6639.0,3103.0,4141.0,4340.0,3475.0,1488.0,24255.0,30555.0,18727.0,13814.0,1593.0,6459.0,575.0,3066.0,12308.0,2272.0,55834.0,3112.0,136739.0,15469.0,496.0,14078.0,4269.0,7905.0,22811.0,3354.0,4788.0,668.0,8942.0,77278.0,85.0,5317.0,5168.0,791.0,29682.0,22657.0,721.0,7381.0,380.0,1
Africa,94711.0,385.0,68.0,1250.0,118.0,8035.0,1608.0,963.0,412.0,887.0,2964.0,4938.0,65.0,195.0,2924.0,905.0,400.0,538.0,564.0,240.0,442.0,7368.0,5673.0,1418.0,5167.0,99.0,933.0,28.0,587.0,766.0,339.0,5360.0,84.0,9703.0,2406.0,115.0,3509.0,414.0,602.0,3254.0,727.0,424.0,186.0,1962.0,6757.0,8.0,23.0,339.0,230.0,5167.0,2485.0,66.0,597.0,14.0,0
Asia,383508.0,1489.0,966.0,4291.0,878.0,114231.0,3237.0,3917.0,812.0,441.0,14135.0,9489.0,6227.0,521.0,16621.0,2732.0,1136.0,1635.0,1612.0,1522.0,453.0,8443.0,8744.0,10258.0,5280.0,751.0,2592.0,200.0,877.0,4626.0,849.0,20264.0,694.0,50190.0,5388.0,184.0,5703.0,1645.0,3065.0,9530.0,620.0,1456.0,196.0,3410.0,22262.0,45.0,1732.0,1309.0,259.0,12453.0,10139.0,347.0,3515.0,137.0,0
Europe,120821.0,489.0,222.0,1745.0,258.0,19597.0,1780.0,2644.0,213.0,377.0,9161.0,3016.0,266.0,449.0,9870.0,1034.0,378.0,334.0,797.0,391.0,291.0,1919.0,4432.0,3855.0,1177.0,165.0,1316.0,131.0,198.0,1134.0,462.0,6736.0,322.0,18676.0,1882.0,109.0,2501.0,391.0,1530.0,4222.0,290.0,815.0,134.0,912.0,4389.0,18.0,145.0,652.0,166.0,2658.0,4793.0,129.0,1181.0,68.0,1
North America,339355.0,762.0,239.0,9463.0,1345.0,76153.0,3699.0,3148.0,504.0,614.0,64001.0,6856.0,243.0,758.0,10808.0,1577.0,1028.0,1419.0,1141.0,1031.0,205.0,4661.0,7377.0,2591.0,1502.0,456.0,1195.0,168.0,1272.0,5072.0,345.0,13090.0,1860.0,40512.0,4097.0,,1626.0,1510.0,2258.0,4206.0,1310.0,1298.0,127.0,2067.0,39393.0,,2749.0,1699.0,78.0,5677.0,4131.0,105.0,1725.0,131.0,0
Oceania,6101.0,19.0,42.0,91.0,9.0,2466.0,134.0,48.0,8.0,8.0,166.0,104.0,291.0,17.0,106.0,31.0,19.0,20.0,27.0,18.0,24.0,57.0,116.0,50.0,61.0,9.0,54.0,20.0,13.0,71.0,26.0,111.0,18.0,396.0,57.0,,66.0,29.0,142.0,81.0,10.0,27.0,,51.0,234.0,,12.0,177.0,15.0,105.0,374.0,12.0,47.0,5.0,0
South America,106525.0,244.0,77.0,663.0,106.0,8140.0,570.0,2197.0,135.0,211.0,35691.0,2913.0,140.0,100.0,1553.0,347.0,142.0,193.0,191.0,259.0,73.0,1757.0,4190.0,525.0,615.0,110.0,360.0,27.0,117.0,621.0,248.0,10211.0,128.0,17113.0,1602.0,11.0,646.0,270.0,299.0,1477.0,392.0,760.0,,531.0,4170.0,,646.0,988.0,42.0,3591.0,711.0,62.0,302.0,24.0,0
Afghanistan,1753.0,0.0,0.0,94.0,0.0,516.0,27.0,32.0,,3.0,34.0,59.0,0.0,21.0,28.0,22.0,9.0,0.0,5.0,3.0,4.0,33.0,28.0,10.0,3.0,0.0,43.0,0.0,16.0,12.0,3.0,59.0,6.0,217.0,5.0,,6.0,0.0,8.0,31.0,,,0.0,13.0,87.0,,0.0,9.0,0.0,250.0,45.0,,4.0,0.0,0
Albania,5737.0,6.0,6.0,26.0,,81.0,7.0,325.0,,12.0,579.0,20.0,0.0,,311.0,7.0,7.0,3.0,6.0,,9.0,35.0,627.0,1008.0,4.0,0.0,59.0,,,19.0,30.0,226.0,3.0,1484.0,37.0,0.0,125.0,8.0,9.0,335.0,3.0,29.0,0.0,11.0,70.0,,0.0,9.0,,64.0,36.0,,87.0,0.0,0
Algeria,1036.0,,0.0,6.0,,173.0,22.0,3.0,,13.0,46.0,17.0,,0.0,44.0,10.0,,5.0,3.0,11.0,,19.0,94.0,29.0,7.0,,7.0,3.0,0.0,5.0,,76.0,3.0,157.0,22.0,0.0,43.0,,4.0,64.0,5.0,,0.0,0.0,60.0,0.0,,,0.0,51.0,13.0,0.0,4.0,0.0,0
American Samoa,11.0,0.0,,0.0,0.0,,0.0,0.0,0.0,0.0,0.0,,,0.0,,0.0,0.0,0.0,0.0,0.0,0.0,0.0,0.0,0.0,0.0,0.0,0.0,0.0,0.0,0.0,0.0,0.0,,0.0,0.0,0.0,0.0,0.0,0.0,0.0,0.0,0.0,0.0,0.0,0.0,0.0,0.0,0.0,0.0,0.0,,0.0,0.0,0.0,0
Andorra,3.0,0.0,0.0,0.0,0.0,,0.0,0.0,0.0,0.0,0.0,0.0,0.0,0.0,0.0,0.0,0.0,0.0,0.0,0.0,0.0,0.0,0.0,0.0,0.0,0.0,0.0,0.0,0.0,0.0,0.0,0.0,0.0,,0.0,0.0,0.0,0.0,0.0,0.0,0.0,0.0,0.0,0.0,0.0,0.0,0.0,0.0,0.0,0.0,0.0,0.0,0.0,0.0,0
Angola,199.0,0.0,0.0,4.0,0.0,7.0,3.0,4.0,0.0,,18.0,6.0,0.0,0.0,,0.0,0.0,,0.0,,0.0,7.0,59.0,5.0,,0.0,,0.0,,0.0,0.0,13.0,0.0,9.0,10.0,0.0,,,,10.0,,0.0,0.0,0.0,24.0,0.0,0.0,,0.0,,,0.0,,0.0,0
Anguilla,25.0,0.0,0.0,0.0,0.0,0.0,0.0,0.0,0.0,0.0,3.0,,0.0,0.0,0.0,0.0,0.0,0.0,0.0,0.0,0.0,0.0,,0.0,0.0,,0.0,0.0,0.0,0.0,0.0,,0.0,3.0,0.0,0.0,0.0,0.0,0.0,0.0,0.0,0.0,0.0,0.0,0.0,0.0,12.0,0.0,0.0,0.0,0.0,0.0,0.0,0.0,0
Antigua-Barbuda,415.0,0.0,0.0,0.0,0.0,,0.0,4.0,,,64.0,16.0,0.0,0.0,,0.0,0.0,0.0,0.0,0.0,,3.0,9.0,0.0,,0.0,,0.0,0.0,0.0,0.0,20.0,0.0,211.0,6.0,0.0,,,0.0,10.0,0.0,0.0,0.0,0.0,4.0,0.0,51.0,0.0,0.0,5.0,0.0,0.0,0.0,0.0,0
Argentina,5645.0,6.0,6.0,36.0,11.0,769.0,43.0,60.0,10.0,19.0,2211.0,80.0,21.0,5.0,87.0,22.0,13.0,7.0,8.0,24.0,5.0,114.0,83.0,29.0,32.0,10.0,22.0,3.0,6.0,56.0,5.0,304.0,9.0,549.0,70.0,0.0,32.0,14.0,12.0,82.0,6.0,23.0,0.0,22.0,284.0,,58.0,89.0,8.0,181.0,74.0,6.0,16.0,,0
Armenia,4351.0,,0.0,11.0,,3554.0,27.0,12.0,,,40.0,11.0,0.0,,20.0,3.0,,4.0,0.0,4.0,,23.0,70.0,17.0,4.0,,5.0,0.0,0.0,85.0,0.0,73.0,,164.0,8.0,0.0,35.0,8.0,12.0,34.0,7.0,4.0,,11.0,27.0,0.0,0.0,9.0,,28.0,21.0,0.0,6.0,0.0,0
Aruba,55.0,0.0,0.0,0.0,0.0,4.0,0.0,,0.0,0.0,20.0,,0.0,0.0,0.0,0.0,0.0,0.0,0.0,0.0,0.0,0.0,4.0,0.0,0.0,0.0,0.0,0.0,0.0,0.0,0.0,3.0,0.0,11.0,0.0,0.0,0.0,0.0,,0.0,,0.0,0.0,0.0,6.0,0.0,0.0,0.0,0.0,,0.0,0.0,0.0,0.0,0
Australia,2518.0,13.0,16.0,56.0,6.0,594.0,86.0,36.0,4.0,6.0,108.0,66.0,33.0,12.0,75.0,19.0,11.0,12.0,16.0,10.0,15.0,35.0,65.0,32.0,32.0,6.0,13.0,6.0,4.0,32.0,14.0,79.0,15.0,288.0,29.0,,41.0,17.0,38.0,55.0,4.0,17.0,0.0,39.0,153.0,,,42.0,12.0,73.0,142.0,7.0,28.0,,0
Austria,485.0,0.0,0.0,5.0,,120.0,5.0,12.0,0.0,,37.0,11.0,6.0,,11.0,4.0,,0.0,7.0,5.0,,4.0,15.0,7.0,,0.0,8.0,0.0,3.0,9.0,4.0,21.0,,72.0,6.0,0.0,8.0,,4.0,14.0,,7.0,0.0,,23.0,0.0,3.0,,0.0,14.0,16.0,,5.0,0.0,0
Azerbaijan,1166.0,0.0,,5.0,0.0,508.0,13.0,3.0,0.0,4.0,31.0,12.0,0.0,,28.0,5.0,4.0,0.0,7.0,5.0,0.0,21.0,26.0,16.0,5.0,0.0,19.0,,,11.0,3.0,23.0,0.0,220.0,10.0,0.0,12.0,4.0,7.0,39.0,,0.0,,6.0,29.0,0.0,0.0,7.0,,29.0,43.0,0.0,3.0,0.0,0
Bahamas,738.0,5.0,,3.0,0.0,8.0,0.0,,,,458.0,61.0,,0.0,6.0,,0.0,,3.0,,,8.0,5.0,6.0,,9.0,,0.0,4.0,3.0,0.0,12.0,0.0,34.0,16.0,0.0,8.0,,0.0,9.0,,7.0,0.0,9.0,23.0,0.0,,,0.0,13.0,,0.0,,,0
Bahrain,133.0,0.0,0.0,7.0,0.0,13.0,0.0,,0.0,0.0,9.0,10.0,0.0,0.0,6.0,0.0,,0.0,4.0,0.0,0.0,3.0,3.0,4.0,0.0,0.0,0.0,0.0,0.0,,0.0,6.0,0.0,17.0,3.0,0.0,0.0,5.0,0.0,13.0,,0.0,0.0,0.0,15.0,0.0,0.0,0.0,0.0,7.0,,,,0.0,0
Bangladesh,12074.0,20.0,5.0,80.0,5.0,828.0,25.0,167.0,42.0,23.0,696.0,370.0,,3.0,146.0,37.0,18.0,33.0,28.0,18.0,,259.0,134.0,558.0,52.0,5.0,39.0,0.0,,59.0,8.0,690.0,3.0,5763.0,62.0,4.0,100.0,48.0,26.0,329.0,6.0,13.0,,39.0,746.0,0.0,21.0,11.0,3.0,459.0,69.0,7.0,10.0,0.0,0
Barbados,689.0,,0.0,,,16.0,0.0,16.0,4.0,0.0,84.0,28.0,0.0,0.0,5.0,4.0,0.0,0.0,0.0,0.0,0.0,12.0,46.0,,,,4.0,0.0,0.0,,0.0,38.0,0.0,354.0,8.0,0.0,4.0,0.0,0.0,26.0,,,,,9.0,0.0,4.0,0.0,0.0,9.0,3.0,0.0,,0.0,0
Belarus,2328.0,4.0,3.0,11.0,6.0,340.0,53.0,49.0,13.0,4.0,116.0,46.0,,,131.0,19.0,0.0,3.0,7.0,,10.0,45.0,115.0,16.0,102.0,,14.0,4.0,3.0,7.0,17.0,175.0,5.0,458.0,37.0,0.0,67.0,,27.0,127.0,3.0,25.0,0.0,20.0,28.0,0.0,0.0,3.0,,77.0,102.0,0.0,28.0,0.0,0
Belgium,638.0,4.0,,10.0,,113.0,15.0,10.0,,,71.0,24.0,,,13.0,4.0,3.0,,0.0,7.0,0.0,18.0,19.0,18.0,11.0,,3.0,0.0,,5.0,,34.0,4.0,78.0,10.0,0.0,20.0,,11.0,23.0,,6.0,,3.0,35.0,0.0,,8.0,0.0,14.0,17.0,0.0,6.0,0.0,0
Belize,1073.0,4.0,3.0,10.0,5.0,412.0,3.0,0.0,0.0,0.0,76.0,15.0,0.0,0.0,127.0,8.0,0.0,,8.0,3.0,0.0,,5.0,8.0,,0.0,,,0.0,35.0,0.0,15.0,,169.0,14.0,0.0,3.0,3.0,4.0,16.0,,8.0,0.0,8.0,83.0,0.0,,,0.0,7.0,5.0,0.0,4.0,0.0,0
Benin,258.0,0.0,0.0,8.0,0.0,10.0,4.0,6.0,0.0,4.0,10.0,13.0,0.0,0.0,27.0,15.0,0.0,0.0,,,0.0,49.0,7.0,3.0,5.0,0.0,0.0,0.0,6.0,3.0,,4.0,,26.0,4.0,0.0,,,,14.0,0.0,0.0,0.0,,14.0,0.0,0.0,,,10.0,,0.0,,0.0,0
Bermuda,108.0,5.0,0.0,,0.0,3.0,,3.0,0.0,,24.0,8.0,,,3.0,,0.0,,0.0,,,6.0,,,0.0,0.0,0.0,0.0,0.0,0.0,,6.0,0.0,9.0,4.0,0.0,0.0,0.0,0.0,8.0,,,0.0,3.0,,0.0,,0.0,0.0,4.0,,0.0,0.0,0.0,0
Bhutan,52.0,,0.0,,0.0,17.0,0.0,0.0,0.0,0.0,0.0,9.0,0.0,0.0,0.0,0.0,0.0,0.0,0.0,0.0,0.0,,3.0,0.0,,0.0,0.0,0.0,0.0,0.0,,0.0,0.0,9.0,0.0,0.0,0.0,0.0,0.0,0.0,0.0,0.0,0.0,0.0,,0.0,0.0,0.0,0.0,4.0,,0.0,,0.0,0
Bolivia,2590.0,11.0,,15.0,4.0,188.0,6.0,6.0,3.0,16.0,360.0,20.0,3.0,0.0,37.0,,,9.0,4.0,,,161.0,65.0,12.0,5.0,,9.0,,3.0,14.0,0.0,85.0,4.0,167.0,27.0,,10.0,3.0,4.0,24.0,47.0,13.0,,12.0,95.0,0.0,5.0,26.0,,1083.0,7.0,4.0,8.0,,0
Bosnia-Herzegovina,1569.0,,4.0,64.0,,86.0,30.0,31.0,,4.0,115.0,71.0,4.0,22.0,164.0,25.0,56.0,8.0,48.0,5.0,4.0,17.0,27.0,66.0,18.0,0.0,131.0,,10.0,40.0,10.0,22.0,3.0,107.0,28.0,18.0,33.0,,12.0,40.0,,4.0,5.0,28.0,76.0,0.0,0.0,33.0,7.0,22.0,45.0,0.0,17.0,0.0,0
Botswana,49.0,,0.0,,,4.0,0.0,0.0,,0.0,9.0,4.0,0.0,0.0,7.0,,0.0,0.0,0.0,0.0,,5.0,3.0,,,0.0,0.0,0.0,,,0.0,,0.0,3.0,0.0,0.0,0.0,0.0,0.0,0.0,0.0,0.0,0.0,0.0,,0.0,0.0,0.0,0.0,,0.0,0.0,0.0,0.0,0
Brazil,14295.0,32.0,17.0,112.0,20.0,1587.0,111.0,456.0,12.0,25.0,3212.0,501.0,56.0,10.0,207.0,65.0,37.0,33.0,27.0,40.0,22.0,199.0,2548.0,176.0,93.0,9.0,84.0,5.0,10.0,111.0,116.0,1174.0,19.0,1068.0,179.0,,106.0,43.0,60.0,224.0,55.0,108.0,8.0,77.0,523.0,,26.0,189.0,8.0,230.0,195.0,6.0,54.0,7.0,0
British Virgin Islands,40.0,0.0,0.0,0.0,0.0,,0.0,,0.0,,6.0,6.0,0.0,0.0,0.0,,0.0,0.0,0.0,0.0,0.0,0.0,0.0,0.0,0.0,0.0,0.0,0.0,0.0,0.0,0.0,,0.0,8.0,,0.0,0.0,0.0,0.0,0.0,0.0,0.0,0.0,0.0,0.0,0.0,12.0,0.0,0.0,,0.0,0.0,0.0,0.0,0
Brunei,32.0,,0.0,,0.0,10.0,0.0,0.0,0.0,0.0,5.0,0.0,0.0,0.0,0.0,0.0,0.0,0.0,0.0,0.0,0.0,0.0,0.0,0.0,0.0,0.0,0.0,0.0,0.0,,0.0,4.0,0.0,3.0,0.0,0.0,0.0,0.0,,,0.0,0.0,0.0,0.0,0.0,0.0,0.0,0.0,0.0,0.0,4.0,0.0,0.0,0.0,0
Bulgaria,3981.0,3.0,5.0,67.0,13.0,553.0,55.0,32.0,18.0,15.0,310.0,162.0,10.0,7.0,755.0,33.0,,14.0,32.0,16.0,19.0,90.0,160.0,70.0,38.0,6.0,75.0,,3.0,151.0,8.0,182.0,,336.0,58.0,,60.0,16.0,23.0,89.0,,26.0,4.0,10.0,112.0,0.0,,26.0,,122.0,141.0,5.0,39.0,,0
Burkina Faso,238.0,0.0,0.0,3.0,0.0,7.0,4.0,,0.0,10.0,,9.0,0.0,0.0,5.0,0.0,,,,4.0,0.0,21.0,5.0,,0.0,0.0,0.0,,5.0,0.0,0.0,23.0,0.0,61.0,,0.0,12.0,0.0,,20.0,0.0,,5.0,,10.0,0.0,0.0,,0.0,4.0,8.0,0.0,4.0,0.0,0
Burma,3130.0,7.0,,46.0,,1081.0,11.0,21.0,0.0,5.0,180.0,69.0,9.0,3.0,43.0,151.0,3.0,10.0,10.0,7.0,5.0,183.0,56.0,75.0,82.0,0.0,11.0,0.0,13.0,13.0,,40.0,6.0,437.0,79.0,,39.0,26.0,14.0,45.0,14.0,14.0,0.0,40.0,139.0,0.0,,16.0,3.0,67.0,35.0,6.0,8.0,0.0,0
Burundi,257.0,0.0,0.0,13.0,0.0,19.0,4.0,,,,12.0,17.0,0.0,0.0,4.0,,11.0,,8.0,0.0,6.0,5.0,,,3.0,5.0,,0.0,3.0,0.0,7.0,5.0,0.0,30.0,,0.0,,,3.0,9.0,,0.0,,9.0,36.0,0.0,0.0,,10.0,14.0,,0.0,0.0,,0
Cambodia,4246.0,12.0,4.0,54.0,0.0,1420.0,37.0,36.0,3.0,,77.0,133.0,3.0,3.0,64.0,18.0,20.0,17.0,43.0,7.0,41.0,47.0,469.0,32.0,200.0,3.0,20.0,0.0,,30.0,7.0,20.0,,59.0,52.0,,77.0,7.0,71.0,239.0,84.0,14.0,,26.0,277.0,0.0,0.0,39.0,0.0,101.0,361.0,0.0,10.0,,0
Cameroon,3392.0,25.0,,37.0,12.0,166.0,13.0,8.0,28.0,49.0,73.0,269.0,,0.0,104.0,8.0,5.0,16.0,23.0,12.0,0.0,1131.0,175.0,58.0,143.0,8.0,21.0,0.0,9.0,19.0,5.0,73.0,3.0,142.0,26.0,3.0,100.0,35.0,6.0,45.0,,22.0,,20.0,288.0,,5.0,,,147.0,19.0,,28.0,0.0,0
Canada,15495.0,73.0,46.0,441.0,47.0,2468.0,248.0,218.0,18.0,25.0,1444.0,457.0,103.0,62.0,429.0,146.0,100.0,78.0,72.0,79.0,88.0,157.0,478.0,724.0,271.0,36.0,124.0,78.0,39.0,206.0,110.0,509.0,45.0,1293.0,424.0,41.0,365.0,86.0,232.0,386.0,31.0,183.0,31.0,171.0,990.0,,26.0,126.0,43.0,285.0,1146.0,20.0,180.0,,0
Cape Verde,2048.0,0.0,0.0,0.0,0.0,,,30.0,,0.0,28.0,4.0,0.0,0.0,0.0,0.0,0.0,0.0,0.0,0.0,,0.0,1634.0,,0.0,0.0,0.0,0.0,0.0,,,21.0,0.0,16.0,,0.0,,0.0,,3.0,290.0,0.0,0.0,0.0,,,0.0,,,,,,0.0,0.0,0
Cayman Islands,40.0,0.0,0.0,0.0,0.0,3.0,0.0,,0.0,,17.0,0.0,0.0,0.0,0.0,0.0,0.0,0.0,0.0,0.0,,0.0,0.0,0.0,0.0,0.0,0.0,0.0,0.0,,0.0,,,8.0,0.0,0.0,,0.0,0.0,,0.0,0.0,0.0,0.0,0.0,0.0,0.0,0.0,0.0,,,0.0,0.0,0.0,0
Central African Republic,52.0,0.0,0.0,0.0,0.0,3.0,0.0,0.0,0.0,0.0,,,0.0,0.0,0.0,0.0,,0.0,,0.0,0.0,11.0,4.0,3.0,4.0,0.0,0.0,0.0,0.0,0.0,0.0,0.0,,5.0,0.0,0.0,4.0,0.0,0.0,4.0,0.0,0.0,0.0,0.0,4.0,0.0,0.0,0.0,0.0,4.0,0.0,0.0,0.0,0.0,0
Chad,74.0,0.0,0.0,,0.0,,0.0,,0.0,3.0,,,0.0,0.0,0.0,16.0,,0.0,0.0,0.0,0.0,11.0,,,0.0,0.0,,0.0,,0.0,0.0,6.0,0.0,14.0,0.0,0.0,,0.0,0.0,5.0,0.0,0.0,0.0,0.0,5.0,0.0,0.0,0.0,0.0,,,0.0,0.0,0.0,0
Chile,2274.0,13.0,,47.0,4.0,302.0,24.0,29.0,4.0,9.0,599.0,43.0,5.0,4.0,28.0,14.0,4.0,4.0,,3.0,,57.0,50.0,28.0,25.0,7.0,17.0,,,23.0,3.0,146.0,7.0,244.0,61.0,4.0,23.0,7.0,14.0,57.0,5.0,8.0,0.0,25.0,87.0,0.0,17.0,65.0,6.0,83.0,46.0,,14.0,,0
"China, People's Republic",76655.0,259.0,89.0,565.0,149.0,22824.0,705.0,741.0,144.0,85.0,1717.0,1227.0,718.0,123.0,2299.0,597.0,213.0,239.0,314.0,248.0,104.0,1568.0,2696.0,1112.0,585.0,137.0,521.0,60.0,108.0,661.0,142.0,2394.0,133.0,20317.0,862.0,45.0,1117.0,207.0,743.0,2195.0,115.0,281.0,41.0,506.0,2701.0,,219.0,225.0,66.0,1311.0,1579.0,78.0,528.0,,0
Colombia,33187.0,80.0,18.0,183.0,24.0,1572.0,103.0,484.0,45.0,47.0,15719.0,1210.0,17.0,29.0,438.0,90.0,32.0,52.0,57.0,73.0,6.0,346.0,792.0,93.0,122.0,35.0,98.0,6.0,37.0,161.0,64.0,2867.0,28.0,3608.0,639.0,,131.0,64.0,46.0,427.0,189.0,405.0,6.0,176.0,1462.0,,211.0,162.0,6.0,505.0,125.0,15.0,70.0,6.0,0
Comoros,7.0,0.0,0.0,0.0,0.0,0.0,0.0,0.0,0.0,0.0,0.0,0.0,0.0,0.0,0.0,0.0,0.0,,0.0,0.0,0.0,0.0,0.0,0.0,0.0,0.0,0.0,0.0,0.0,0.0,0.0,0.0,0.0,0.0,0.0,0.0,0.0,0.0,,,0.0,0.0,0.0,0.0,0.0,0.0,0.0,0.0,0.0,,,0.0,0.0,0.0,0
"Congo, Democratic Republic",1129.0,4.0,0.0,17.0,0.0,59.0,30.0,35.0,,,18.0,76.0,0.0,0.0,65.0,8.0,13.0,,4.0,,8.0,111.0,82.0,12.0,28.0,0.0,20.0,0.0,7.0,0.0,22.0,21.0,0.0,76.0,94.0,0.0,28.0,0.0,5.0,15.0,11.0,0.0,3.0,10.0,138.0,0.0,,7.0,8.0,58.0,18.0,3.0,9.0,0.0,0
"Congo, Republic",972.0,3.0,0.0,9.0,0.0,42.0,30.0,34.0,3.0,7.0,13.0,79.0,0.0,0.0,44.0,3.0,,,18.0,,9.0,82.0,35.0,18.0,13.0,0.0,10.0,0.0,8.0,3.0,7.0,23.0,,90.0,110.0,0.0,35.0,3.0,7.0,9.0,,,,14.0,132.0,0.0,0.0,8.0,8.0,36.0,13.0,0.0,3.0,0.0,0
Cook Islands,,0.0,0.0,0.0,0.0,,,0.0,0.0,0.0,0.0,0.0,,0.0,0.0,0.0,0.0,0.0,0.0,0.0,0.0,0.0,0.0,0.0,0.0,0.0,0.0,0.0,0.0,0.0,0.0,0.0,0.0,0.0,0.0,0.0,0.0,0.0,0.0,0.0,0.0,0.0,0.0,0.0,0.0,0.0,0.0,0.0,0.0,0.0,0.0,0.0,0.0,0.0,0
Costa Rica,2540.0,,,31.0,9.0,281.0,17.0,36.0,7.0,9.0,618.0,100.0,3.0,,32.0,25.0,,3.0,4.0,15.0,6.0,36.0,47.0,16.0,9.0,8.0,9.0,,,28.0,3.0,430.0,7.0,198.0,126.0,0.0,26.0,3.0,20.0,60.0,,42.0,0.0,34.0,108.0,0.0,26.0,11.0,,49.0,23.0,3.0,9.0,0.0,0
Cote d'Ivoire,1193.0,5.0,0.0,12.0,,58.0,23.0,8.0,10.0,8.0,20.0,98.0,0.0,,20.0,12.0,,,,6.0,3.0,137.0,29.0,21.0,14.0,0.0,17.0,0.0,,8.0,0.0,61.0,0.0,344.0,34.0,,23.0,,,60.0,8.0,5.0,,9.0,48.0,,0.0,4.0,,38.0,26.0,,6.0,,0
Croatia,482.0,,,9.0,,70.0,3.0,4.0,,3.0,34.0,11.0,,0.0,41.0,12.0,7.0,4.0,,3.0,,7.0,17.0,12.0,5.0,,22.0,0.0,,5.0,0.0,29.0,,61.0,4.0,0.0,18.0,0.0,,15.0,0.0,,,7.0,26.0,0.0,0.0,6.0,,6.0,7.0,,13.0,0.0,0
Cuba,29104.0,22.0,4.0,335.0,,370.0,31.0,45.0,,7.0,23605.0,203.0,,6.0,112.0,13.0,4.0,5.0,434.0,102.0,,36.0,27.0,153.0,7.0,18.0,54.0,,10.0,774.0,5.0,672.0,88.0,410.0,106.0,,18.0,5.0,94.0,153.0,4.0,11.0,0.0,102.0,641.0,0.0,133.0,46.0,,178.0,39.0,0.0,13.0,,0
Cyprus,137.0,0.0,0.0,6.0,0.0,20.0,,3.0,0.0,,19.0,0.0,0.0,0.0,,,0.0,4.0,,,0.0,7.0,7.0,,,0.0,0.0,0.0,0.0,,0.0,5.0,,37.0,0.0,0.0,0.0,,0.0,,,0.0,0.0,0.0,8.0,0.0,0.0,0.0,0.0,,,0.0,0.0,,0
Czech Republic,287.0,,,5.0,,35.0,10.0,5.0,0.0,9.0,31.0,7.0,0.0,0.0,9.0,,3.0,,0.0,,,9.0,13.0,5.0,6.0,,4.0,0.0,,4.0,,11.0,0.0,35.0,4.0,0.0,7.0,0.0,7.0,7.0,0.0,3.0,0.0,3.0,9.0,0.0,0.0,,0.0,7.0,20.0,0.0,3.0,4.0,0
"Czechoslovakia, former",927.0,8.0,0.0,7.0,6.0,122.0,26.0,21.0,,8.0,162.0,39.0,7.0,4.0,83.0,3.0,,4.0,5.0,8.0,,20.0,26.0,7.0,7.0,,7.0,3.0,,10.0,0.0,46.0,7.0,96.0,26.0,,9.0,3.0,10.0,20.0,0.0,10.0,0.0,18.0,18.0,0.0,,5.0,,29.0,11.0,,14.0,0.0,0
Denmark,517.0,,0.0,11.0,,111.0,16.0,8.0,0.0,5.0,26.0,25.0,0.0,8.0,17.0,14.0,0.0,4.0,3.0,3.0,0.0,10.0,6.0,10.0,3.0,0.0,,,3.0,5.0,,26.0,,47.0,16.0,0.0,7.0,,6.0,11.0,0.0,4.0,0.0,5.0,31.0,,0.0,4.0,0.0,4.0,42.0,3.0,14.0,0.0,0
Djibouti,23.0,,0.0,0.0,0.0,0.0,0.0,0.0,0.0,,0.0,,0.0,0.0,4.0,0.0,0.0,0.0,,0.0,0.0,3.0,,0.0,5.0,0.0,0.0,0.0,0.0,0.0,0.0,0.0,0.0,0.0,0.0,0.0,0.0,0.0,0.0,0.0,0.0,0.0,0.0,0.0,,0.0,0.0,0.0,0.0,,0.0,0.0,0.0,0.0,0
Dominica,428.0,0.0,,,0.0,,0.0,6.0,0.0,0.0,75.0,19.0,0.0,0.0,3.0,3.0,,0.0,0.0,0.0,0.0,4.0,11.0,,,,,0.0,0.0,,0.0,28.0,0.0,139.0,,0.0,,0.0,0.0,4.0,,,0.0,,22.0,0.0,88.0,0.0,0.0,3.0,3.0,0.0,0.0,0.0,0
Dominican Republic,28024.0,16.0,30.0,47.0,5.0,114.0,14.0,398.0,26.0,44.0,2504.0,184.0,3.0,4.0,70.0,29.0,3.0,7.0,9.0,35.0,10.0,231.0,2056.0,92.0,14.0,,29.0,,3.0,24.0,82.0,4200.0,5.0,13656.0,135.0,0.0,83.0,5.0,8.0,905.0,657.0,22.0,0.0,18.0,180.0,0.0,1869.0,17.0,4.0,108.0,26.0,0.0,38.0,,0
Ecuador,12248.0,12.0,6.0,46.0,9.0,492.0,21.0,494.0,6.0,9.0,1836.0,149.0,5.0,3.0,339.0,10.0,12.0,14.0,16.0,10.0,8.0,124.0,127.0,16.0,98.0,7.0,17.0,,8.0,46.0,13.0,2232.0,12.0,4967.0,209.0,0.0,49.0,13.0,16.0,223.0,23.0,35.0,0.0,36.0,215.0,,23.0,71.0,,107.0,26.0,3.0,31.0,0.0,0
Egypt,9267.0,18.0,3.0,58.0,16.0,1495.0,21.0,81.0,31.0,23.0,521.0,92.0,5.0,13.0,199.0,42.0,8.0,37.0,26.0,28.0,12.0,129.0,269.0,168.0,104.0,9.0,26.0,0.0,15.0,18.0,18.0,1798.0,,1456.0,165.0,6.0,196.0,23.0,48.0,387.0,11.0,69.0,10.0,681.0,290.0,,,4.0,,493.0,107.0,7.0,25.0,0.0,0
El Salvador,21127.0,16.0,30.0,153.0,150.0,7142.0,124.0,45.0,15.0,290.0,723.0,317.0,14.0,6.0,186.0,79.0,64.0,74.0,23.0,18.0,8.0,1542.0,648.0,22.0,95.0,7.0,45.0,,98.0,413.0,8.0,630.0,15.0,1869.0,360.0,,32.0,25.0,56.0,83.0,47.0,25.0,9.0,95.0,3258.0,0.0,11.0,103.0,,1975.0,134.0,20.0,20.0,,0
Equatorial Guinea,4.0,0.0,0.0,0.0,0.0,,0.0,0.0,0.0,0.0,0.0,0.0,0.0,0.0,0.0,0.0,0.0,0.0,0.0,0.0,0.0,,0.0,0.0,0.0,0.0,0.0,0.0,0.0,0.0,0.0,0.0,0.0,,0.0,0.0,0.0,0.0,0.0,0.0,0.0,0.0,0.0,0.0,0.0,0.0,0.0,0.0,0.0,0.0,0.0,0.0,0.0,0.0,0
Eritrea,1081.0,,0.0,10.0,0.0,188.0,55.0,,4.0,30.0,21.0,69.0,0.0,0.0,25.0,21.0,,,,3.0,,87.0,19.0,11.0,48.0,0.0,12.0,,0.0,34.0,0.0,8.0,,24.0,34.0,0.0,41.0,3.0,10.0,11.0,,,,8.0,77.0,0.0,0.0,3.0,0.0,117.0,91.0,0.0,5.0,0.0,0
Estonia,368.0,,0.0,,3.0,46.0,4.0,5.0,,,64.0,13.0,0.0,0.0,10.0,4.0,0.0,,4.0,0.0,0.0,18.0,10.0,7.0,6.0,3.0,4.0,0.0,0.0,5.0,,21.0,0.0,58.0,4.0,0.0,9.0,,5.0,9.0,0.0,4.0,,,5.0,0.0,0.0,,,10.0,14.0,0.0,7.0,0.0,0
Ethiopia,12786.0,22.0,15.0,151.0,6.0,1437.0,556.0,37.0,8.0,445.0,190.0,865.0,10.0,22.0,287.0,88.0,36.0,90.0,35.0,28.0,12.0,1451.0,348.0,135.0,971.0,5.0,127.0,8.0,24.0,399.0,25.0,114.0,9.0,312.0,190.0,11.0,301.0,30.0,165.0,182.0,19.0,23.0,56.0,221.0,991.0,,,49.0,14.0,1333.0,815.0,8.0,101.0,4.0,0
Fiji,1637.0,,,9.0,0.0,1275.0,3.0,,0.0,0.0,12.0,6.0,14.0,,,,,4.0,,0.0,0.0,3.0,11.0,3.0,5.0,,12.0,5.0,3.0,12.0,0.0,5.0,0.0,8.0,,0.0,3.0,0.0,79.0,0.0,,0.0,0.0,0.0,17.0,0.0,0.0,8.0,0.0,3.0,122.0,0.0,0.0,0.0,0
Finland,426.0,,0.0,11.0,0.0,112.0,5.0,6.0,0.0,,29.0,26.0,,0.0,14.0,,0.0,,0.0,0.0,,6.0,25.0,4.0,8.0,0.0,,,0.0,,,12.0,3.0,26.0,4.0,0.0,5.0,,,5.0,0.0,0.0,0.0,9.0,66.0,0.0,0.0,6.0,0.0,9.0,12.0,,3.0,,0
France,3423.0,6.0,3.0,52.0,4.0,762.0,44.0,70.0,6.0,37.0,382.0,84.0,12.0,12.0,86.0,18.0,9.0,12.0,6.0,16.0,10.0,75.0,130.0,79.0,41.0,0.0,20.0,8.0,7.0,36.0,12.0,130.0,10.0,555.0,48.0,,57.0,13.0,21.0,81.0,13.0,24.0,,19.0,212.0,0.0,7.0,13.0,,66.0,81.0,4.0,22.0,3.0,0
French Guiana,9.0,0.0,0.0,0.0,0.0,0.0,0.0,,0.0,0.0,4.0,0.0,0.0,0.0,0.0,0.0,0.0,0.0,0.0,0.0,0.0,0.0,0.0,0.0,,0.0,0.0,0.0,0.0,0.0,0.0,,0.0,0.0,0.0,0.0,0.0,0.0,0.0,,0.0,0.0,0.0,0.0,0.0,0.0,0.0,0.0,0.0,0.0,0.0,0.0,0.0,0.0,0
French Polynesia,27.0,0.0,0.0,0.0,0.0,6.0,0.0,0.0,0.0,0.0,,,14.0,0.0,,0.0,0.0,0.0,0.0,0.0,0.0,0.0,0.0,0.0,0.0,0.0,0.0,0.0,0.0,,0.0,0.0,0.0,,0.0,0.0,0.0,0.0,0.0,0.0,0.0,0.0,0.0,0.0,0.0,0.0,0.0,,0.0,0.0,0.0,0.0,0.0,0.0,0
Gabon,95.0,,0.0,0.0,0.0,6.0,0.0,,0.0,0.0,3.0,12.0,0.0,0.0,,,0.0,0.0,0.0,0.0,0.0,16.0,3.0,,3.0,0.0,0.0,0.0,,,0.0,6.0,0.0,15.0,4.0,0.0,6.0,,0.0,,0.0,4.0,0.0,,3.0,0.0,0.0,0.0,0.0,0.0,0.0,0.0,0.0,0.0,0
Gambia,826.0,,13.0,3.0,,24.0,,3.0,,,11.0,75.0,0.0,,5.0,0.0,5.0,11.0,14.0,0.0,,61.0,19.0,22.0,29.0,3.0,7.0,0.0,,0.0,0.0,19.0,0.0,204.0,48.0,0.0,43.0,0.0,9.0,23.0,15.0,,0.0,28.0,20.0,0.0,0.0,0.0,0.0,9.0,72.0,0.0,16.0,0.0,0
Georgia,1554.0,,,14.0,0.0,295.0,23.0,16.0,0.0,3.0,58.0,36.0,0.0,17.0,45.0,17.0,0.0,3.0,11.0,3.0,0.0,31.0,24.0,16.0,4.0,,9.0,,,9.0,7.0,163.0,0.0,466.0,11.0,0.0,21.0,,9.0,93.0,3.0,6.0,,4.0,17.0,0.0,0.0,7.0,0.0,12.0,82.0,0.0,7.0,0.0,0
Germany,7582.0,98.0,18.0,143.0,39.0,1262.0,125.0,124.0,16.0,25.0,702.0,277.0,46.0,13.0,268.0,72.0,49.0,44.0,76.0,43.0,22.0,121.0,225.0,250.0,95.0,24.0,94.0,21.0,21.0,58.0,37.0,268.0,57.0,743.0,178.0,17.0,160.0,52.0,106.0,245.0,17.0,91.0,6.0,83.0,492.0,4.0,14.0,37.0,11.0,234.0,239.0,14.0,93.0,13.0,0
Ghana,7610.0,11.0,0.0,39.0,8.0,265.0,95.0,147.0,46.0,34.0,144.0,454.0,4.0,4.0,281.0,36.0,25.0,13.0,35.0,11.0,5.0,524.0,520.0,70.0,103.0,6.0,39.0,,21.0,21.0,10.0,708.0,8.0,1681.0,174.0,3.0,501.0,59.0,24.0,162.0,30.0,15.0,,73.0,341.0,0.0,0.0,15.0,12.0,740.0,61.0,,28.0,0.0,0
Gibraltar,4.0,0.0,0.0,0.0,0.0,,,0.0,0.0,0.0,0.0,0.0,0.0,0.0,0.0,0.0,0.0,0.0,0.0,0.0,0.0,0.0,0.0,0.0,0.0,0.0,0.0,0.0,0.0,0.0,0.0,0.0,0.0,,0.0,0.0,0.0,0.0,0.0,0.0,0.0,0.0,0.0,0.0,0.0,0.0,0.0,0.0,0.0,0.0,0.0,0.0,0.0,0.0,0
Greece,882.0,0.0,0.0,4.0,0.0,120.0,5.0,23.0,4.0,,66.0,18.0,,0.0,46.0,4.0,0.0,,0.0,6.0,,13.0,94.0,22.0,4.0,0.0,5.0,0.0,,8.0,6.0,48.0,,226.0,12.0,0.0,19.0,3.0,,34.0,3.0,5.0,0.0,7.0,28.0,0.0,0.0,0.0,0.0,15.0,15.0,0.0,8.0,0.0,0
Grenada,751.0,3.0,0.0,0.0,,7.0,,3.0,3.0,,51.0,16.0,0.0,,3.0,,0.0,0.0,,0.0,0.0,26.0,11.0,,0.0,0.0,4.0,0.0,0.0,,0.0,30.0,0.0,513.0,6.0,0.0,,0.0,,8.0,,4.0,0.0,4.0,27.0,0.0,8.0,0.0,0.0,7.0,,,0.0,0.0,0
Guadeloupe,38.0,0.0,0.0,0.0,0.0,0.0,0.0,0.0,0.0,0.0,9.0,,0.0,0.0,0.0,,0.0,0.0,0.0,0.0,0.0,0.0,,0.0,0.0,0.0,0.0,0.0,0.0,0.0,0.0,,0.0,15.0,0.0,0.0,0.0,0.0,0.0,,0.0,0.0,0.0,0.0,,0.0,4.0,0.0,0.0,,0.0,0.0,,0.0,0
Guatemala,17908.0,112.0,16.0,208.0,87.0,5458.0,177.0,243.0,58.0,51.0,1382.0,367.0,34.0,32.0,601.0,207.0,107.0,81.0,161.0,132.0,30.0,438.0,583.0,279.0,282.0,44.0,202.0,14.0,163.0,298.0,30.0,641.0,53.0,1026.0,335.0,9.0,311.0,120.0,239.0,368.0,346.0,110.0,36.0,238.0,917.0,0.0,12.0,108.0,14.0,646.0,225.0,22.0,250.0,5.0,0
Guinea,1088.0,5.0,0.0,8.0,0.0,23.0,11.0,13.0,10.0,5.0,18.0,90.0,0.0,0.0,12.0,20.0,,,,5.0,0.0,82.0,27.0,20.0,35.0,,7.0,0.0,0.0,,4.0,34.0,,396.0,15.0,0.0,50.0,,6.0,67.0,10.0,,,30.0,25.0,0.0,0.0,,,31.0,9.0,0.0,5.0,0.0,0
Guinea-Bissau,25.0,0.0,0.0,0.0,0.0,4.0,0.0,,0.0,0.0,0.0,,0.0,0.0,0.0,0.0,0.0,0.0,0.0,0.0,0.0,,7.0,0.0,0.0,0.0,,0.0,0.0,0.0,0.0,0.0,0.0,3.0,0.0,0.0,0.0,0.0,,,,0.0,0.0,,0.0,0.0,0.0,,0.0,0.0,0.0,0.0,0.0,0.0,0
Guyana,5726.0,6.0,0.0,9.0,,43.0,5.0,102.0,16.0,24.0,546.0,132.0,,,24.0,7.0,3.0,0.0,7.0,8.0,,114.0,33.0,10.0,111.0,3.0,5.0,0.0,0.0,4.0,,457.0,,3775.0,26.0,0.0,16.0,5.0,,58.0,,28.0,0.0,21.0,64.0,0.0,6.0,,,37.0,5.0,0.0,3.0,0.0,0
Haiti,30405.0,11.0,,26.0,,120.0,29.0,556.0,81.0,9.0,17499.0,438.0,,3.0,155.0,38.0,0.0,14.0,32.0,27.0,10.0,290.0,2269.0,34.0,25.0,4.0,52.0,7.0,10.0,17.0,24.0,2301.0,,5226.0,74.0,5.0,44.0,3.0,25.0,472.0,111.0,8.0,3.0,41.0,82.0,,80.0,13.0,,84.0,40.0,,4.0,0.0,0
Honduras,7646.0,19.0,10.0,73.0,25.0,1049.0,46.0,55.0,3.0,36.0,1777.0,170.0,,5.0,149.0,48.0,16.0,26.0,24.0,233.0,,218.0,194.0,35.0,26.0,12.0,40.0,,29.0,62.0,5.0,441.0,4.0,911.0,195.0,0.0,37.0,38.0,14.0,82.0,11.0,66.0,3.0,75.0,831.0,,22.0,32.0,,411.0,48.0,,29.0,,0
Hong Kong,3527.0,3.0,3.0,56.0,,1502.0,18.0,26.0,,,68.0,40.0,53.0,8.0,99.0,13.0,6.0,8.0,3.0,16.0,0.0,56.0,140.0,55.0,12.0,3.0,18.0,,5.0,33.0,,173.0,5.0,579.0,36.0,0.0,30.0,,38.0,67.0,3.0,,0.0,19.0,124.0,0.0,7.0,23.0,3.0,24.0,137.0,0.0,6.0,0.0,0
Hungary,1266.0,4.0,0.0,18.0,0.0,208.0,16.0,37.0,4.0,5.0,245.0,28.0,3.0,0.0,22.0,15.0,,3.0,4.0,6.0,6.0,20.0,33.0,10.0,13.0,,9.0,0.0,,34.0,,83.0,,211.0,16.0,0.0,20.0,4.0,18.0,33.0,5.0,6.0,,6.0,38.0,0.0,,4.0,3.0,30.0,30.0,0.0,4.0,0.0,0
Iceland,95.0,0.0,,,0.0,29.0,3.0,3.0,0.0,0.0,14.0,,0.0,,0.0,,0.0,0.0,0.0,0.0,,,5.0,,0.0,0.0,0.0,0.0,0.0,,0.0,3.0,0.0,9.0,,0.0,0.0,,0.0,0.0,,3.0,0.0,3.0,,0.0,0.0,,,,,0.0,0.0,,0
India,65353.0,256.0,20.0,726.0,155.0,12820.0,397.0,1173.0,309.0,30.0,2828.0,2850.0,25.0,40.0,5096.0,561.0,235.0,297.0,280.0,194.0,46.0,1617.0,1681.0,2173.0,573.0,215.0,497.0,15.0,209.0,245.0,271.0,7477.0,96.0,5371.0,1469.0,35.0,1307.0,278.0,334.0,2465.0,104.0,343.0,31.0,666.0,4681.0,0.0,43.0,107.0,49.0,2387.0,1544.0,40.0,675.0,17.0,0
Indonesia,3716.0,6.0,9.0,30.0,9.0,1344.0,78.0,23.0,5.0,12.0,92.0,102.0,24.0,6.0,82.0,17.0,6.0,9.0,12.0,11.0,6.0,87.0,35.0,32.0,36.0,7.0,12.0,,4.0,44.0,55.0,109.0,3.0,460.0,52.0,0.0,49.0,30.0,42.0,260.0,4.0,13.0,3.0,12.0,201.0,0.0,3.0,13.0,,100.0,134.0,6.0,18.0,5.0,0
Iran,10460.0,39.0,0.0,153.0,8.0,5252.0,98.0,52.0,10.0,12.0,344.0,267.0,,16.0,232.0,36.0,15.0,40.0,40.0,39.0,13.0,319.0,152.0,109.0,65.0,7.0,77.0,,11.0,101.0,7.0,172.0,24.0,359.0,104.0,,115.0,56.0,80.0,125.0,7.0,20.0,0.0,122.0,818.0,0.0,0.0,94.0,3.0,521.0,262.0,21.0,34.0,4.0,0
Iraq,3765.0,26.0,0.0,126.0,6.0,764.0,32.0,11.0,6.0,13.0,66.0,39.0,7.0,4.0,278.0,13.0,8.0,10.0,26.0,7.0,28.0,29.0,19.0,1387.0,18.0,,45.0,0.0,32.0,26.0,,26.0,12.0,64.0,26.0,,50.0,17.0,21.0,39.0,8.0,19.0,6.0,88.0,129.0,0.0,,9.0,0.0,153.0,54.0,4.0,7.0,,0
Ireland,1503.0,5.0,,21.0,4.0,237.0,10.0,28.0,,5.0,101.0,25.0,,,86.0,11.0,5.0,5.0,15.0,3.0,5.0,25.0,168.0,14.0,8.0,3.0,6.0,0.0,0.0,4.0,13.0,93.0,,307.0,29.0,4.0,14.0,4.0,15.0,68.0,8.0,4.0,0.0,11.0,59.0,0.0,0.0,,0.0,30.0,25.0,3.0,11.0,,0
Israel,4496.0,6.0,,54.0,,1174.0,20.0,36.0,3.0,9.0,434.0,102.0,15.0,,146.0,23.0,4.0,14.0,14.0,17.0,4.0,73.0,153.0,53.0,22.0,,32.0,,4.0,85.0,0.0,308.0,,1047.0,52.0,0.0,51.0,5.0,14.0,118.0,,28.0,,35.0,182.0,0.0,6.0,5.0,,44.0,65.0,,23.0,,0
Italy,2569.0,9.0,0.0,37.0,4.0,469.0,24.0,57.0,6.0,13.0,270.0,53.0,16.0,3.0,90.0,22.0,6.0,5.0,5.0,13.0,3.0,40.0,115.0,39.0,26.0,,22.0,7.0,,22.0,4.0,142.0,10.0,485.0,47.0,,48.0,7.0,15.0,106.0,5.0,18.0,0.0,16.0,91.0,6.0,11.0,14.0,3.0,76.0,66.0,5.0,12.0,0.0,1
Jamaica,19375.0,33.0,,28.0,10.0,288.0,38.0,906.0,64.0,42.0,5747.0,962.0,,0.0,198.0,30.0,3.0,8.0,10.0,37.0,26.0,474.0,460.0,115.0,48.0,47.0,51.0,,3.0,25.0,14.0,1192.0,,6842.0,172.0,,100.0,23.0,6.0,506.0,18.0,145.0,,53.0,295.0,0.0,14.0,3.0,7.0,234.0,18.0,13.0,52.0,6.0,0
Japan,6748.0,27.0,10.0,70.0,19.0,2094.0,83.0,42.0,5.0,22.0,236.0,130.0,523.0,17.0,180.0,54.0,24.0,23.0,33.0,30.0,8.0,91.0,133.0,138.0,60.0,21.0,38.0,7.0,12.0,74.0,16.0,265.0,22.0,786.0,87.0,,144.0,32.0,108.0,117.0,12.0,36.0,6.0,54.0,215.0,,54.0,57.0,5.0,142.0,325.0,14.0,41.0,,0
Jordan,3917.0,40.0,,57.0,7.0,730.0,11.0,15.0,,0.0,210.0,51.0,,0.0,505.0,43.0,16.0,17.0,62.0,61.0,,49.0,49.0,196.0,20.0,8.0,44.0,0.0,6.0,24.0,4.0,274.0,8.0,288.0,101.0,,248.0,22.0,10.0,101.0,,16.0,,87.0,262.0,0.0,20.0,,,125.0,53.0,6.0,58.0,0.0,0
Kazakhstan,1604.0,11.0,6.0,25.0,,246.0,36.0,12.0,8.0,3.0,104.0,41.0,11.0,7.0,52.0,12.0,10.0,9.0,15.0,8.0,13.0,30.0,58.0,25.0,28.0,,9.0,0.0,4.0,12.0,4.0,74.0,6.0,240.0,31.0,,50.0,5.0,33.0,74.0,3.0,10.0,,16.0,74.0,,,15.0,,62.0,79.0,0.0,19.0,3.0,0
Kenya,7030.0,100.0,,195.0,7.0,642.0,73.0,52.0,93.0,22.0,150.0,443.0,8.0,37.0,119.0,108.0,70.0,149.0,74.0,17.0,65.0,275.0,545.0,111.0,530.0,,172.0,,61.0,53.0,77.0,324.0,7.0,203.0,200.0,15.0,246.0,44.0,54.0,228.0,13.0,41.0,24.0,96.0,679.0,0.0,,48.0,53.0,171.0,265.0,4.0,61.0,,0
Kiribati,10.0,0.0,0.0,0.0,0.0,0.0,,0.0,0.0,0.0,0.0,0.0,,0.0,0.0,0.0,0.0,0.0,,0.0,0.0,0.0,0.0,0.0,0.0,0.0,0.0,0.0,0.0,0.0,0.0,0.0,0.0,0.0,0.0,0.0,0.0,0.0,0.0,0.0,0.0,0.0,0.0,,0.0,0.0,0.0,0.0,0.0,,0.0,0.0,0.0,0.0,0
Korea,22405.0,182.0,91.0,256.0,37.0,7420.0,262.0,163.0,35.0,24.0,336.0,950.0,298.0,31.0,1011.0,145.0,56.0,82.0,80.0,37.0,19.0,699.0,292.0,370.0,156.0,20.0,103.0,12.0,39.0,141.0,29.0,1756.0,19.0,2266.0,300.0,,235.0,51.0,191.0,587.0,30.0,67.0,12.0,179.0,874.0,,97.0,101.0,22.0,1388.0,759.0,18.0,67.0,4.0,0
Kuwait,1017.0,19.0,0.0,13.0,,138.0,9.0,4.0,,0.0,77.0,34.0,0.0,3.0,85.0,23.0,5.0,4.0,10.0,17.0,0.0,18.0,17.0,56.0,4.0,,22.0,0.0,,3.0,,57.0,0.0,64.0,35.0,,64.0,10.0,9.0,23.0,,6.0,,11.0,102.0,0.0,3.0,0.0,0.0,29.0,17.0,,13.0,0.0,0
Kyrgyzstan,597.0,3.0,5.0,16.0,,100.0,11.0,4.0,0.0,5.0,30.0,8.0,3.0,3.0,10.0,9.0,0.0,3.0,,4.0,,13.0,17.0,6.0,10.0,5.0,5.0,,4.0,4.0,3.0,25.0,3.0,83.0,5.0,,18.0,,10.0,23.0,0.0,5.0,,7.0,22.0,0.0,0.0,3.0,0.0,24.0,71.0,,8.0,0.0,0
Laos,2575.0,0.0,22.0,6.0,24.0,753.0,19.0,13.0,,0.0,31.0,26.0,13.0,5.0,37.0,7.0,13.0,55.0,3.0,9.0,0.0,4.0,19.0,37.0,630.0,,3.0,,8.0,12.0,,9.0,,20.0,69.0,0.0,27.0,12.0,21.0,23.0,14.0,10.0,,49.0,87.0,0.0,0.0,13.0,,26.0,57.0,0.0,379.0,0.0,0
Latvia,568.0,0.0,0.0,7.0,,67.0,7.0,6.0,,0.0,48.0,30.0,,0.0,43.0,6.0,0.0,0.0,,3.0,0.0,17.0,24.0,7.0,5.0,,10.0,0.0,0.0,3.0,,40.0,,115.0,14.0,,13.0,0.0,9.0,21.0,3.0,3.0,0.0,9.0,10.0,0.0,0.0,4.0,0.0,11.0,9.0,0.0,11.0,0.0,0
Lebanon,4267.0,20.0,,58.0,8.0,857.0,20.0,47.0,12.0,5.0,280.0,54.0,6.0,0.0,96.0,40.0,19.0,13.0,12.0,23.0,0.0,44.0,350.0,813.0,37.0,,19.0,0.0,4.0,46.0,21.0,161.0,4.0,259.0,50.0,3.0,175.0,26.0,21.0,79.0,24.0,19.0,0.0,35.0,274.0,0.0,,9.0,5.0,155.0,39.0,7.0,12.0,,0
Lesotho,14.0,0.0,0.0,,,0.0,0.0,,0.0,0.0,,0.0,0.0,0.0,,0.0,0.0,0.0,0.0,0.0,0.0,0.0,0.0,0.0,0.0,0.0,,0.0,0.0,0.0,0.0,0.0,0.0,,0.0,0.0,0.0,,0.0,3.0,0.0,0.0,0.0,0.0,0.0,0.0,0.0,0.0,0.0,0.0,0.0,0.0,0.0,0.0,0
Liberia,4102.0,14.0,,9.0,8.0,139.0,44.0,39.0,57.0,10.0,52.0,207.0,,6.0,55.0,41.0,16.0,7.0,14.0,0.0,3.0,361.0,175.0,68.0,542.0,,18.0,3.0,5.0,3.0,5.0,416.0,,285.0,188.0,0.0,98.0,23.0,22.0,644.0,140.0,14.0,,40.0,138.0,,0.0,7.0,3.0,88.0,47.0,5.0,36.0,0.0,0
Libya,186.0,,0.0,7.0,0.0,31.0,,,0.0,0.0,11.0,3.0,0.0,,6.0,3.0,,,,0.0,,5.0,7.0,11.0,,0.0,5.0,0.0,,,0.0,9.0,0.0,15.0,4.0,0.0,12.0,0.0,4.0,7.0,0.0,0.0,0.0,,8.0,0.0,0.0,0.0,,11.0,6.0,3.0,0.0,0.0,0
Lithuania,1361.0,5.0,,6.0,4.0,117.0,19.0,36.0,8.0,3.0,118.0,42.0,3.0,,438.0,10.0,,3.0,0.0,0.0,,21.0,49.0,19.0,9.0,,4.0,,0.0,18.0,,102.0,,123.0,16.0,0.0,35.0,5.0,3.0,41.0,3.0,15.0,,6.0,18.0,0.0,0.0,,0.0,17.0,10.0,,17.0,,0
Luxembourg,39.0,0.0,0.0,,0.0,4.0,0.0,,0.0,0.0,4.0,,0.0,,,,0.0,0.0,,0.0,0.0,,0.0,,0.0,0.0,0.0,0.0,0.0,,0.0,5.0,0.0,7.0,0.0,0.0,5.0,0.0,0.0,,0.0,0.0,0.0,0.0,,0.0,0.0,0.0,0.0,0.0,0.0,0.0,0.0,0.0,0
Macau,178.0,0.0,0.0,0.0,0.0,100.0,0.0,,0.0,0.0,,0.0,4.0,0.0,6.0,0.0,0.0,,0.0,0.0,0.0,0.0,9.0,,,0.0,,0.0,0.0,,0.0,,0.0,27.0,,0.0,0.0,0.0,4.0,,0.0,,0.0,,4.0,0.0,0.0,3.0,0.0,,5.0,0.0,0.0,0.0,0
Macedonia,1227.0,,25.0,19.0,0.0,35.0,,63.0,0.0,0.0,57.0,0.0,0.0,0.0,165.0,69.0,5.0,0.0,,0.0,,,8.0,102.0,0.0,3.0,9.0,0.0,,9.0,0.0,270.0,0.0,220.0,5.0,,52.0,7.0,5.0,14.0,0.0,5.0,0.0,,22.0,0.0,0.0,,0.0,11.0,10.0,0.0,27.0,0.0,0
Madagascar,53.0,0.0,0.0,,0.0,3.0,,0.0,0.0,4.0,6.0,,,0.0,0.0,0.0,0.0,0.0,,0.0,0.0,3.0,,,0.0,0.0,0.0,0.0,0.0,,0.0,,0.0,6.0,0.0,0.0,6.0,0.0,0.0,,0.0,0.0,,0.0,3.0,0.0,0.0,0.0,,6.0,,0.0,0.0,0.0,0
Malawi,123.0,,0.0,,,15.0,0.0,0.0,0.0,0.0,6.0,8.0,0.0,,6.0,11.0,,0.0,0.0,0.0,0.0,4.0,,7.0,0.0,0.0,4.0,0.0,,0.0,,6.0,0.0,6.0,3.0,0.0,4.0,4.0,0.0,,0.0,0.0,0.0,5.0,11.0,0.0,0.0,0.0,0.0,6.0,,0.0,,0.0,0
Malaysia,2149.0,16.0,,30.0,8.0,480.0,16.0,24.0,4.0,3.0,55.0,90.0,16.0,6.0,64.0,13.0,4.0,22.0,11.0,9.0,,41.0,27.0,61.0,27.0,4.0,16.0,4.0,9.0,10.0,4.0,100.0,,443.0,32.0,,33.0,31.0,23.0,40.0,11.0,8.0,,17.0,188.0,0.0,,12.0,3.0,48.0,58.0,0.0,19.0,0.0,0
Maldives,9.0,0.0,0.0,0.0,0.0,,,0.0,0.0,0.0,0.0,0.0,0.0,0.0,0.0,,0.0,0.0,0.0,0.0,0.0,0.0,0.0,0.0,0.0,0.0,0.0,0.0,0.0,0.0,0.0,0.0,0.0,0.0,0.0,0.0,0.0,0.0,0.0,0.0,0.0,0.0,0.0,0.0,4.0,0.0,0.0,0.0,0.0,0.0,0.0,0.0,0.0,0.0,0
Mali,412.0,0.0,,5.0,0.0,19.0,17.0,0.0,,,8.0,16.0,0.0,0.0,8.0,6.0,0.0,0.0,,,,31.0,4.0,7.0,0.0,0.0,,0.0,0.0,3.0,0.0,12.0,,130.0,12.0,0.0,9.0,0.0,3.0,70.0,4.0,,0.0,4.0,10.0,0.0,0.0,,,9.0,6.0,0.0,3.0,0.0,0
Malta,53.0,,0.0,0.0,0.0,4.0,0.0,0.0,0.0,0.0,5.0,0.0,0.0,0.0,0.0,0.0,0.0,0.0,0.0,0.0,,0.0,,8.0,0.0,0.0,0.0,0.0,0.0,0.0,,,0.0,18.0,0.0,0.0,,0.0,0.0,4.0,0.0,0.0,0.0,0.0,0.0,0.0,0.0,0.0,0.0,4.0,,0.0,,0.0,0
Marshall Islands,48.0,,0.0,0.0,0.0,,,0.0,0.0,0.0,,,4.0,0.0,,0.0,0.0,0.0,,,0.0,0.0,0.0,,0.0,0.0,0.0,0.0,0.0,0.0,0.0,0.0,0.0,,0.0,,,,0.0,0.0,0.0,,0.0,0.0,3.0,0.0,,17.0,0.0,,4.0,0.0,0.0,0.0,0
Martinique,23.0,0.0,0.0,0.0,0.0,,0.0,,0.0,0.0,8.0,3.0,0.0,0.0,0.0,0.0,0.0,0.0,0.0,0.0,0.0,,0.0,,0.0,0.0,0.0,0.0,0.0,,0.0,,0.0,0.0,0.0,0.0,0.0,0.0,0.0,,0.0,0.0,0.0,,0.0,0.0,3.0,0.0,0.0,0.0,0.0,0.0,0.0,0.0,0
Mauritania,651.0,,,4.0,0.0,3.0,35.0,0.0,,,,15.0,0.0,0.0,18.0,5.0,0.0,0.0,38.0,0.0,0.0,7.0,5.0,14.0,,,5.0,0.0,0.0,4.0,,3.0,0.0,202.0,5.0,0.0,157.0,,0.0,33.0,,0.0,0.0,52.0,5.0,0.0,0.0,0.0,0.0,18.0,7.0,0.0,,0.0,0
Mauritius,88.0,,0.0,4.0,0.0,17.0,0.0,,0.0,0.0,3.0,,,,0.0,,0.0,0.0,,,,,4.0,3.0,0.0,0.0,3.0,0.0,0.0,0.0,,6.0,4.0,4.0,4.0,0.0,,0.0,,,,0.0,0.0,5.0,5.0,0.0,0.0,,0.0,4.0,0.0,,0.0,0.0,0
Mexico,148640.0,399.0,83.0,8048.0,968.0,57212.0,2931.0,460.0,194.0,45.0,4063.0,2984.0,71.0,632.0,8617.0,892.0,715.0,1103.0,327.0,241.0,17.0,700.0,235.0,1032.0,668.0,238.0,540.0,54.0,903.0,3082.0,52.0,1238.0,1624.0,2841.0,1933.0,10.0,518.0,1176.0,1535.0,857.0,51.0,581.0,41.0,1139.0,31337.0,0.0,90.0,1223.0,3.0,1373.0,2360.0,16.0,1090.0,98.0,0
"Micronesia, Federated States",7.0,0.0,0.0,0.0,0.0,0.0,,0.0,0.0,0.0,,0.0,,0.0,,0.0,0.0,0.0,0.0,0.0,0.0,0.0,0.0,0.0,0.0,0.0,0.0,0.0,0.0,0.0,0.0,0.0,0.0,0.0,0.0,0.0,0.0,0.0,0.0,0.0,0.0,0.0,0.0,0.0,0.0,0.0,,0.0,0.0,0.0,0.0,0.0,0.0,0.0,0
Moldova,1356.0,4.0,,5.0,,323.0,13.0,11.0,0.0,4.0,57.0,46.0,0.0,,35.0,3.0,4.0,3.0,0.0,5.0,,30.0,86.0,8.0,42.0,,9.0,,,10.0,5.0,17.0,0.0,124.0,37.0,0.0,27.0,3.0,55.0,46.0,,8.0,0.0,18.0,19.0,0.0,,4.0,,19.0,251.0,0.0,11.0,,0
Monaco,,0.0,0.0,0.0,0.0,,0.0,0.0,0.0,0.0,,,0.0,0.0,0.0,0.0,0.0,,0.0,0.0,0.0,0.0,0.0,0.0,0.0,0.0,0.0,0.0,0.0,0.0,0.0,0.0,0.0,,0.0,0.0,0.0,0.0,0.0,0.0,0.0,0.0,0.0,0.0,,0.0,0.0,0.0,0.0,0.0,0.0,0.0,0.0,0.0,0
Mongolia,530.0,,0.0,,0.0,200.0,38.0,,,,7.0,4.0,3.0,0.0,47.0,16.0,,0.0,3.0,,0.0,,5.0,,7.0,,4.0,0.0,,4.0,,5.0,,19.0,4.0,0.0,8.0,,,5.0,0.0,0.0,,,13.0,0.0,,7.0,,75.0,20.0,0.0,9.0,0.0,0
Montserrat,66.0,0.0,0.0,0.0,0.0,3.0,0.0,0.0,0.0,0.0,7.0,,0.0,0.0,0.0,0.0,0.0,0.0,,0.0,0.0,,15.0,0.0,0.0,0.0,0.0,0.0,0.0,0.0,0.0,3.0,0.0,24.0,,0.0,0.0,0.0,0.0,,0.0,,0.0,0.0,3.0,0.0,4.0,0.0,0.0,0.0,0.0,0.0,0.0,0.0,0
Morocco,4513.0,20.0,,39.0,3.0,350.0,84.0,117.0,17.0,20.0,481.0,129.0,3.0,7.0,186.0,29.0,9.0,12.0,28.0,14.0,5.0,91.0,501.0,57.0,58.0,13.0,23.0,,,24.0,20.0,237.0,4.0,589.0,149.0,,127.0,47.0,16.0,222.0,30.0,58.0,,25.0,162.0,0.0,3.0,7.0,3.0,400.0,53.0,5.0,30.0,0.0,0
Mozambique,81.0,0.0,0.0,,0.0,13.0,3.0,4.0,,,,,0.0,,0.0,0.0,,0.0,0.0,0.0,0.0,3.0,4.0,0.0,0.0,0.0,,0.0,,0.0,,5.0,0.0,7.0,,0.0,,0.0,,,0.0,,0.0,0.0,13.0,0.0,0.0,0.0,3.0,5.0,0.0,0.0,0.0,0.0,0
Namibia,57.0,0.0,0.0,4.0,0.0,7.0,0.0,0.0,0.0,0.0,3.0,,0.0,0.0,0.0,0.0,0.0,0.0,0.0,0.0,0.0,3.0,,0.0,3.0,0.0,0.0,0.0,,0.0,0.0,,0.0,5.0,0.0,0.0,,,,,0.0,0.0,,,,0.0,0.0,4.0,0.0,,9.0,0.0,0.0,,0
Nepal,3472.0,10.0,5.0,47.0,7.0,537.0,205.0,65.0,0.0,14.0,56.0,53.0,3.0,,75.0,24.0,35.0,12.0,18.0,5.0,,213.0,182.0,59.0,54.0,3.0,24.0,4.0,35.0,5.0,37.0,58.0,29.0,522.0,41.0,0.0,27.0,12.0,44.0,47.0,6.0,10.0,5.0,10.0,370.0,0.0,0.0,19.0,6.0,354.0,70.0,,46.0,3.0,0
Netherlands,1368.0,3.0,3.0,20.0,3.0,241.0,27.0,31.0,3.0,6.0,135.0,35.0,5.0,8.0,49.0,16.0,15.0,4.0,,10.0,6.0,15.0,58.0,47.0,14.0,,12.0,,,12.0,6.0,75.0,15.0,115.0,23.0,3.0,40.0,9.0,18.0,34.0,,13.0,9.0,13.0,89.0,0.0,8.0,12.0,,34.0,45.0,4.0,13.0,,0
Netherlands Antilles,93.0,0.0,0.0,0.0,0.0,,0.0,5.0,0.0,0.0,27.0,3.0,,0.0,0.0,0.0,0.0,0.0,,,0.0,,,,0.0,0.0,0.0,0.0,0.0,0.0,0.0,4.0,0.0,25.0,0.0,0.0,,0.0,0.0,,,0.0,0.0,0.0,,0.0,10.0,,0.0,,,0.0,0.0,0.0,0
New Caledonia,5.0,0.0,0.0,0.0,0.0,,0.0,0.0,0.0,0.0,0.0,0.0,0.0,0.0,0.0,0.0,0.0,0.0,0.0,0.0,0.0,0.0,,0.0,0.0,0.0,0.0,0.0,0.0,0.0,0.0,0.0,0.0,0.0,,0.0,0.0,0.0,0.0,0.0,0.0,0.0,0.0,0.0,0.0,0.0,0.0,0.0,0.0,0.0,0.0,0.0,0.0,0.0,0
New Zealand,1047.0,4.0,4.0,18.0,3.0,266.0,31.0,9.0,4.0,,36.0,27.0,29.0,3.0,22.0,11.0,6.0,,6.0,4.0,7.0,15.0,37.0,10.0,19.0,,21.0,9.0,6.0,17.0,9.0,24.0,,91.0,25.0,3.0,14.0,10.0,13.0,26.0,5.0,5.0,,11.0,50.0,0.0,3.0,19.0,3.0,24.0,53.0,5.0,19.0,3.0,0
Nicaragua,3716.0,8.0,,14.0,9.0,824.0,11.0,18.0,,11.0,1728.0,65.0,0.0,,39.0,28.0,4.0,,13.0,64.0,,85.0,17.0,15.0,18.0,4.0,11.0,0.0,4.0,69.0,0.0,74.0,6.0,130.0,61.0,0.0,8.0,,11.0,15.0,,16.0,0.0,15.0,178.0,0.0,14.0,6.0,0.0,84.0,18.0,0.0,12.0,0.0,0
Niger,97.0,0.0,0.0,0.0,3.0,,0.0,3.0,0.0,0.0,,0.0,0.0,0.0,,7.0,0.0,0.0,0.0,0.0,,3.0,3.0,5.0,,0.0,0.0,0.0,0.0,0.0,,,0.0,25.0,17.0,0.0,9.0,0.0,0.0,9.0,0.0,0.0,0.0,0.0,0.0,0.0,0.0,0.0,0.0,,,0.0,0.0,0.0,0
Nigeria,12448.0,53.0,17.0,96.0,21.0,1084.0,86.0,101.0,57.0,84.0,366.0,945.0,7.0,7.0,751.0,162.0,23.0,46.0,37.0,58.0,3.0,1484.0,373.0,189.0,288.0,22.0,108.0,0.0,25.0,50.0,12.0,803.0,11.0,1557.0,286.0,5.0,240.0,68.0,33.0,305.0,81.0,65.0,,132.0,1907.0,,,17.0,,215.0,82.0,12.0,66.0,3.0,0
Niue,,0.0,0.0,0.0,0.0,,0.0,0.0,0.0,0.0,0.0,0.0,0.0,0.0,0.0,0.0,0.0,0.0,0.0,,0.0,0.0,0.0,0.0,0.0,0.0,0.0,0.0,0.0,0.0,0.0,0.0,0.0,0.0,0.0,0.0,,0.0,0.0,0.0,0.0,0.0,0.0,0.0,0.0,0.0,0.0,0.0,0.0,0.0,0.0,0.0,0.0,0.0,0
Northern Mariana Islands,,0.0,0.0,0.0,0.0,,0.0,0.0,0.0,0.0,0.0,0.0,,0.0,0.0,0.0,0.0,0.0,0.0,0.0,0.0,0.0,0.0,0.0,0.0,0.0,0.0,0.0,0.0,0.0,0.0,0.0,0.0,0.0,0.0,0.0,0.0,0.0,0.0,0.0,0.0,0.0,0.0,0.0,0.0,0.0,0.0,0.0,0.0,0.0,0.0,0.0,0.0,0.0,0
Norway,343.0,3.0,3.0,6.0,0.0,71.0,6.0,9.0,,,31.0,9.0,,,7.0,0.0,0.0,3.0,3.0,,0.0,5.0,8.0,4.0,,0.0,,3.0,,3.0,3.0,11.0,0.0,33.0,5.0,,3.0,,3.0,8.0,,4.0,,5.0,38.0,0.0,,7.0,,10.0,11.0,0.0,5.0,0.0,0
Oman,103.0,0.0,0.0,,0.0,7.0,,,0.0,,14.0,,0.0,0.0,5.0,0.0,0.0,0.0,,0.0,0.0,0.0,3.0,3.0,4.0,0.0,0.0,0.0,0.0,,0.0,11.0,0.0,11.0,14.0,0.0,,0.0,0.0,,0.0,,0.0,7.0,,0.0,0.0,0.0,0.0,3.0,8.0,0.0,0.0,0.0,0
Pakistan,13492.0,79.0,8.0,84.0,39.0,1758.0,74.0,227.0,51.0,19.0,499.0,402.0,3.0,5.0,846.0,86.0,24.0,33.0,58.0,68.0,7.0,517.0,238.0,361.0,101.0,14.0,120.0,0.0,20.0,87.0,32.0,909.0,27.0,2675.0,201.0,5.0,168.0,71.0,30.0,443.0,31.0,28.0,4.0,89.0,1560.0,0.0,,40.0,3.0,1038.0,189.0,18.0,99.0,,0
Palau,11.0,0.0,0.0,0.0,0.0,5.0,0.0,,0.0,0.0,0.0,0.0,0.0,0.0,0.0,0.0,0.0,0.0,0.0,0.0,0.0,0.0,0.0,0.0,0.0,0.0,0.0,0.0,0.0,0.0,0.0,0.0,0.0,0.0,,0.0,0.0,0.0,0.0,0.0,0.0,0.0,0.0,0.0,0.0,0.0,,0.0,0.0,,,0.0,0.0,0.0,0
Panama,1916.0,15.0,3.0,14.0,8.0,177.0,18.0,6.0,,4.0,525.0,111.0,,,30.0,6.0,4.0,9.0,7.0,13.0,0.0,37.0,50.0,14.0,11.0,17.0,10.0,3.0,,15.0,4.0,41.0,7.0,276.0,53.0,0.0,15.0,11.0,6.0,29.0,,32.0,,29.0,182.0,0.0,23.0,6.0,0.0,57.0,17.0,,10.0,0.0,0
Papua New Guinea,31.0,0.0,0.0,,0.0,8.0,,0.0,0.0,0.0,0.0,,,0.0,0.0,0.0,0.0,0.0,0.0,0.0,0.0,,0.0,,0.0,0.0,,0.0,0.0,0.0,,0.0,0.0,5.0,0.0,0.0,6.0,0.0,0.0,0.0,0.0,0.0,0.0,0.0,0.0,0.0,0.0,0.0,0.0,,,0.0,0.0,0.0,0
Paraguay,545.0,4.0,,11.0,4.0,25.0,3.0,10.0,0.0,4.0,101.0,8.0,,,3.0,0.0,3.0,4.0,,0.0,0.0,25.0,7.0,,5.0,,,0.0,,,0.0,60.0,,168.0,5.0,0.0,8.0,,5.0,6.0,,,6.0,12.0,11.0,0.0,4.0,3.0,0.0,18.0,3.0,,,0.0,0
Peru,17699.0,41.0,21.0,135.0,16.0,2677.0,183.0,448.0,17.0,30.0,4504.0,384.0,16.0,39.0,252.0,82.0,16.0,34.0,48.0,48.0,23.0,489.0,249.0,76.0,78.0,18.0,60.0,6.0,38.0,158.0,23.0,2276.0,29.0,1838.0,259.0,,156.0,72.0,104.0,229.0,38.0,60.0,,59.0,640.0,,78.0,242.0,10.0,1136.0,165.0,16.0,73.0,5.0,0
Philippines,72596.0,213.0,575.0,862.0,199.0,29300.0,362.0,470.0,93.0,95.0,3391.0,790.0,4109.0,132.0,3524.0,408.0,129.0,238.0,332.0,211.0,89.0,1407.0,408.0,860.0,564.0,161.0,389.0,71.0,87.0,2415.0,94.0,3174.0,139.0,3899.0,582.0,30.0,848.0,279.0,407.0,676.0,64.0,316.0,46.0,894.0,3435.0,37.0,1196.0,199.0,43.0,1687.0,2172.0,66.0,384.0,45.0,0
Poland,10355.0,7.0,5.0,87.0,7.0,455.0,79.0,502.0,10.0,12.0,477.0,99.0,5.0,3.0,3321.0,46.0,3.0,7.0,12.0,10.0,13.0,62.0,265.0,220.0,23.0,4.0,37.0,5.0,13.0,56.0,13.0,1234.0,12.0,2226.0,59.0,,100.0,4.0,21.0,266.0,19.0,35.0,,39.0,154.0,0.0,5.0,13.0,3.0,112.0,106.0,4.0,81.0,,0
Portugal,1019.0,,0.0,9.0,,105.0,,42.0,0.0,5.0,53.0,4.0,,0.0,,3.0,,,,,,12.0,232.0,,,,,0.0,0.0,,3.0,255.0,,102.0,5.0,0.0,5.0,,,26.0,64.0,6.0,0.0,0.0,18.0,0.0,3.0,3.0,0.0,27.0,9.0,0.0,0.0,0.0,0
Puerto Rico,,0.0,0.0,0.0,0.0,0.0,0.0,0.0,0.0,0.0,0.0,0.0,0.0,0.0,0.0,0.0,0.0,0.0,0.0,0.0,0.0,0.0,0.0,0.0,0.0,0.0,0.0,0.0,0.0,0.0,0.0,0.0,0.0,0.0,0.0,0.0,0.0,0.0,0.0,0.0,0.0,0.0,0.0,0.0,0.0,0.0,,0.0,0.0,0.0,0.0,0.0,0.0,0.0,0
Qatar,138.0,0.0,0.0,4.0,0.0,21.0,,,0.0,,10.0,4.0,0.0,0.0,5.0,0.0,0.0,6.0,0.0,,0.0,4.0,,6.0,,0.0,13.0,0.0,,0.0,,13.0,0.0,16.0,,0.0,,,0.0,,0.0,0.0,0.0,,12.0,0.0,0.0,,0.0,7.0,,0.0,,0.0,0
Reunion,,0.0,0.0,0.0,0.0,,0.0,0.0,0.0,0.0,0.0,0.0,0.0,0.0,0.0,0.0,0.0,0.0,0.0,0.0,0.0,0.0,0.0,0.0,0.0,0.0,0.0,0.0,0.0,0.0,0.0,0.0,0.0,0.0,0.0,0.0,0.0,0.0,0.0,0.0,0.0,0.0,0.0,0.0,0.0,0.0,0.0,0.0,0.0,0.0,0.0,0.0,0.0,0.0,0
Romania,5802.0,33.0,3.0,213.0,39.0,820.0,64.0,92.0,19.0,9.0,444.0,256.0,,30.0,635.0,57.0,13.0,10.0,24.0,21.0,12.0,84.0,97.0,382.0,40.0,9.0,46.0,4.0,6.0,91.0,36.0,178.0,13.0,585.0,89.0,3.0,206.0,11.0,142.0,159.0,5.0,52.0,6.0,51.0,172.0,,6.0,20.0,3.0,131.0,326.0,14.0,36.0,,0
Russia,9426.0,69.0,37.0,158.0,16.0,1446.0,271.0,135.0,16.0,21.0,552.0,268.0,8.0,67.0,398.0,95.0,50.0,33.0,116.0,36.0,30.0,286.0,368.0,202.0,138.0,24.0,201.0,13.0,24.0,70.0,54.0,350.0,17.0,1205.0,170.0,,202.0,48.0,172.0,363.0,32.0,50.0,11.0,70.0,366.0,,9.0,83.0,20.0,267.0,622.0,10.0,146.0,6.0,0
Rwanda,357.0,0.0,0.0,12.0,0.0,17.0,12.0,5.0,3.0,3.0,11.0,25.0,,0.0,9.0,18.0,,8.0,5.0,,12.0,8.0,11.0,22.0,8.0,0.0,,0.0,0.0,,7.0,3.0,0.0,41.0,6.0,3.0,14.0,,5.0,14.0,,0.0,,13.0,33.0,0.0,0.0,3.0,,6.0,4.0,0.0,3.0,0.0,0
Saint Helena,,0.0,0.0,0.0,0.0,0.0,0.0,0.0,0.0,0.0,0.0,0.0,0.0,0.0,0.0,0.0,0.0,0.0,0.0,0.0,0.0,0.0,0.0,0.0,0.0,0.0,0.0,0.0,0.0,0.0,0.0,0.0,0.0,0.0,,0.0,0.0,0.0,0.0,0.0,0.0,0.0,0.0,0.0,0.0,0.0,0.0,0.0,0.0,0.0,0.0,0.0,0.0,0.0,0
Saint Kitts-Nevis,347.0,,0.0,0.0,0.0,3.0,0.0,7.0,0.0,7.0,46.0,12.0,0.0,0.0,,0.0,0.0,0.0,0.0,0.0,0.0,24.0,5.0,,0.0,0.0,,0.0,,0.0,0.0,10.0,0.0,88.0,6.0,0.0,,,0.0,3.0,5.0,0.0,0.0,,8.0,0.0,105.0,0.0,0.0,9.0,0.0,0.0,0.0,0.0,0
Saint Lucia,928.0,,0.0,,0.0,15.0,0.0,46.0,7.0,0.0,162.0,36.0,0.0,0.0,,,,,,6.0,,12.0,11.0,0.0,,0.0,0.0,0.0,0.0,,0.0,33.0,0.0,423.0,4.0,0.0,4.0,0.0,0.0,6.0,,6.0,0.0,3.0,32.0,0.0,94.0,0.0,0.0,9.0,0.0,0.0,,0.0,0
Saint Vincent and the Grenadines,567.0,8.0,0.0,0.0,,13.0,0.0,7.0,,0.0,40.0,3.0,0.0,0.0,0.0,,0.0,0.0,0.0,,0.0,5.0,14.0,,,0.0,0.0,,0.0,,0.0,21.0,0.0,388.0,,,5.0,,0.0,19.0,0.0,3.0,0.0,4.0,4.0,0.0,4.0,0.0,0.0,10.0,3.0,0.0,,0.0,0
Samoa,290.0,0.0,12.0,3.0,0.0,87.0,,,0.0,0.0,5.0,,81.0,0.0,,0.0,0.0,,,,,3.0,,0.0,0.0,0.0,5.0,0.0,0.0,6.0,,,,0.0,0.0,0.0,0.0,0.0,8.0,0.0,0.0,0.0,0.0,0.0,3.0,0.0,0.0,35.0,0.0,,24.0,0.0,0.0,,0
Sao Tome and Principe,7.0,0.0,0.0,0.0,0.0,0.0,0.0,,,0.0,0.0,0.0,0.0,0.0,0.0,0.0,0.0,0.0,0.0,0.0,0.0,0.0,,0.0,0.0,0.0,0.0,0.0,0.0,0.0,0.0,0.0,0.0,0.0,0.0,0.0,0.0,0.0,0.0,0.0,,0.0,0.0,0.0,,0.0,0.0,0.0,0.0,0.0,0.0,0.0,0.0,0.0,0
Saudi Arabia,1171.0,6.0,0.0,13.0,3.0,173.0,19.0,5.0,3.0,,87.0,24.0,,,83.0,10.0,6.0,4.0,3.0,8.0,,18.0,21.0,58.0,27.0,,11.0,0.0,5.0,5.0,0.0,62.0,,112.0,29.0,0.0,38.0,20.0,8.0,49.0,3.0,8.0,0.0,10.0,115.0,0.0,0.0,5.0,0.0,83.0,18.0,,8.0,0.0,0
Senegal,1024.0,9.0,0.0,4.0,,46.0,9.0,10.0,0.0,18.0,24.0,48.0,0.0,,30.0,18.0,,4.0,16.0,4.0,0.0,75.0,30.0,43.0,4.0,,8.0,0.0,,5.0,3.0,48.0,0.0,232.0,38.0,0.0,109.0,3.0,5.0,25.0,18.0,3.0,0.0,19.0,52.0,0.0,,,4.0,33.0,15.0,0.0,4.0,0.0,0
Serbia and Montenegro,3586.0,7.0,,57.0,,254.0,22.0,109.0,6.0,11.0,149.0,80.0,6.0,11.0,317.0,25.0,12.0,8.0,16.0,,4.0,36.0,58.0,275.0,16.0,4.0,46.0,,4.0,26.0,9.0,171.0,6.0,1253.0,35.0,13.0,71.0,7.0,8.0,91.0,4.0,8.0,6.0,14.0,106.0,0.0,,17.0,6.0,79.0,54.0,0.0,60.0,,0
Seychelles,7.0,0.0,0.0,0.0,0.0,,0.0,0.0,0.0,0.0,0.0,0.0,0.0,0.0,0.0,0.0,0.0,0.0,0.0,0.0,0.0,,0.0,0.0,0.0,0.0,0.0,0.0,0.0,0.0,0.0,0.0,0.0,,0.0,0.0,0.0,0.0,0.0,0.0,0.0,0.0,0.0,,0.0,0.0,0.0,0.0,0.0,0.0,,0.0,0.0,0.0,0
Sierra Leone,1999.0,,0.0,14.0,0.0,118.0,10.0,7.0,10.0,20.0,30.0,80.0,0.0,,38.0,12.0,7.0,3.0,,0.0,0.0,339.0,70.0,16.0,44.0,,22.0,0.0,,,7.0,150.0,,323.0,43.0,4.0,85.0,4.0,5.0,153.0,9.0,,0.0,17.0,91.0,0.0,0.0,,0.0,213.0,31.0,,8.0,0.0,0
Singapore,985.0,0.0,0.0,14.0,,342.0,14.0,27.0,0.0,,21.0,26.0,15.0,,27.0,6.0,,,3.0,0.0,,13.0,24.0,19.0,21.0,,3.0,,,8.0,,37.0,4.0,93.0,11.0,0.0,14.0,5.0,22.0,22.0,3.0,0.0,0.0,3.0,82.0,0.0,,12.0,0.0,21.0,46.0,,8.0,0.0,0
Slovak Republic,763.0,4.0,,7.0,5.0,76.0,5.0,25.0,,3.0,56.0,10.0,0.0,,48.0,3.0,4.0,,,,5.0,21.0,19.0,13.0,12.0,,4.0,0.0,0.0,4.0,3.0,127.0,,149.0,11.0,,17.0,,0.0,33.0,,5.0,,8.0,20.0,0.0,0.0,,,30.0,15.0,0.0,3.0,,0
Slovenia,87.0,0.0,0.0,,0.0,20.0,,,0.0,0.0,5.0,3.0,,,5.0,,0.0,0.0,,,0.0,0.0,4.0,0.0,,0.0,,0.0,0.0,,0.0,,,16.0,3.0,0.0,,0.0,,,0.0,0.0,0.0,,3.0,0.0,0.0,0.0,0.0,,4.0,0.0,0.0,0.0,0
Solomon Islands,10.0,0.0,0.0,0.0,0.0,0.0,,0.0,0.0,0.0,0.0,0.0,0.0,0.0,,0.0,0.0,0.0,0.0,0.0,0.0,0.0,0.0,0.0,4.0,0.0,,0.0,0.0,0.0,,0.0,0.0,0.0,0.0,0.0,0.0,0.0,0.0,0.0,0.0,0.0,0.0,0.0,0.0,0.0,0.0,0.0,0.0,0.0,0.0,0.0,0.0,0.0,0
Somalia,6251.0,0.0,0.0,198.0,0.0,293.0,97.0,46.0,0.0,4.0,19.0,201.0,0.0,49.0,96.0,29.0,17.0,38.0,81.0,4.0,199.0,54.0,170.0,73.0,1801.0,,120.0,0.0,87.0,49.0,26.0,6.0,,155.0,69.0,23.0,701.0,4.0,104.0,42.0,8.0,8.0,22.0,246.0,220.0,0.0,,88.0,67.0,216.0,450.0,,66.0,0.0,0
South Africa,2988.0,25.0,8.0,70.0,13.0,541.0,80.0,53.0,8.0,7.0,304.0,173.0,14.0,14.0,97.0,38.0,19.0,19.0,19.0,12.0,12.0,42.0,68.0,45.0,34.0,7.0,25.0,3.0,17.0,20.0,11.0,96.0,10.0,202.0,115.0,6.0,67.0,21.0,29.0,86.0,5.0,43.0,6.0,34.0,211.0,0.0,,23.0,7.0,108.0,90.0,,27.0,,0
"Soviet Union, former",5090.0,26.0,37.0,67.0,17.0,783.0,76.0,45.0,8.0,10.0,508.0,125.0,16.0,24.0,191.0,51.0,7.0,24.0,41.0,19.0,26.0,77.0,164.0,106.0,60.0,9.0,42.0,7.0,8.0,54.0,22.0,318.0,14.0,828.0,102.0,4.0,134.0,36.0,57.0,183.0,14.0,53.0,,55.0,180.0,0.0,4.0,53.0,9.0,129.0,197.0,7.0,59.0,,0
Spain,1578.0,6.0,,19.0,,285.0,14.0,22.0,,5.0,334.0,25.0,3.0,3.0,55.0,14.0,8.0,9.0,7.0,9.0,,32.0,36.0,18.0,13.0,,11.0,,4.0,11.0,5.0,86.0,9.0,179.0,32.0,,15.0,7.0,7.0,38.0,4.0,12.0,0.0,4.0,77.0,0.0,39.0,18.0,,49.0,32.0,,7.0,3.0,0
Sri Lanka,1831.0,3.0,0.0,17.0,7.0,491.0,8.0,23.0,,,59.0,21.0,12.0,,55.0,22.0,4.0,10.0,,9.0,3.0,135.0,57.0,26.0,32.0,,19.0,0.0,4.0,30.0,4.0,99.0,3.0,293.0,21.0,6.0,34.0,7.0,21.0,50.0,3.0,4.0,0.0,15.0,96.0,0.0,0.0,7.0,,60.0,40.0,,10.0,,0
Sudan,2930.0,12.0,,113.0,,195.0,110.0,27.0,4.0,8.0,69.0,87.0,0.0,19.0,95.0,31.0,80.0,20.0,23.0,5.0,72.0,101.0,49.0,43.0,92.0,4.0,43.0,0.0,152.0,15.0,41.0,55.0,,201.0,156.0,27.0,59.0,,5.0,117.0,0.0,9.0,36.0,96.0,226.0,0.0,0.0,19.0,10.0,324.0,67.0,0.0,7.0,0.0,0
Suriname,197.0,0.0,0.0,,0.0,13.0,0.0,,,,41.0,14.0,,0.0,,0.0,0.0,0.0,0.0,0.0,,3.0,4.0,,,0.0,,0.0,,,0.0,12.0,,77.0,,0.0,,,0.0,4.0,0.0,,0.0,0.0,3.0,0.0,0.0,0.0,0.0,,0.0,0.0,0.0,0.0,0
Swaziland,13.0,0.0,0.0,,0.0,,0.0,0.0,0.0,0.0,,0.0,0.0,0.0,0.0,0.0,0.0,,,0.0,0.0,0.0,0.0,,0.0,0.0,0.0,0.0,0.0,0.0,0.0,,0.0,,0.0,0.0,0.0,0.0,0.0,,0.0,0.0,0.0,0.0,0.0,0.0,0.0,0.0,0.0,,0.0,0.0,0.0,0.0,0
Sweden,1145.0,3.0,3.0,15.0,7.0,298.0,27.0,19.0,3.0,5.0,99.0,37.0,13.0,,27.0,9.0,,6.0,,11.0,,20.0,38.0,19.0,16.0,4.0,5.0,,,7.0,3.0,42.0,4.0,132.0,30.0,,13.0,3.0,15.0,30.0,3.0,4.0,3.0,7.0,51.0,0.0,,,5.0,37.0,44.0,,12.0,0.0,0
Switzerland,705.0,0.0,,8.0,,183.0,17.0,12.0,,6.0,60.0,11.0,7.0,3.0,23.0,9.0,,0.0,,,,23.0,31.0,5.0,6.0,,,,0.0,4.0,,36.0,5.0,96.0,13.0,0.0,8.0,3.0,14.0,7.0,,,0.0,6.0,37.0,0.0,5.0,5.0,5.0,12.0,20.0,3.0,6.0,,0
Syria,2385.0,8.0,0.0,51.0,6.0,673.0,13.0,39.0,0.0,0.0,171.0,23.0,0.0,0.0,219.0,15.0,,7.0,8.0,6.0,0.0,21.0,72.0,122.0,19.0,0.0,6.0,0.0,,12.0,,164.0,,205.0,17.0,0.0,78.0,18.0,12.0,155.0,15.0,9.0,3.0,17.0,77.0,0.0,3.0,6.0,0.0,61.0,26.0,9.0,13.0,0.0,0
Taiwan,8990.0,26.0,8.0,87.0,24.0,4403.0,51.0,38.0,11.0,4.0,172.0,171.0,76.0,5.0,192.0,50.0,27.0,46.0,15.0,18.0,4.0,209.0,140.0,126.0,38.0,5.0,51.0,,15.0,51.0,10.0,445.0,16.0,782.0,60.0,9.0,107.0,28.0,92.0,119.0,6.0,13.0,,21.0,641.0,0.0,9.0,55.0,5.0,211.0,246.0,7.0,41.0,0.0,0
Tajikistan,172.0,0.0,0.0,,0.0,19.0,8.0,0.0,0.0,4.0,11.0,3.0,0.0,,3.0,0.0,0.0,0.0,0.0,0.0,0.0,,,,,,3.0,0.0,13.0,0.0,,5.0,,45.0,,3.0,7.0,,,,0.0,0.0,0.0,,9.0,0.0,0.0,0.0,0.0,8.0,9.0,0.0,,0.0,0
Tanzania,832.0,12.0,0.0,16.0,,78.0,15.0,18.0,,5.0,40.0,50.0,0.0,,38.0,13.0,11.0,24.0,7.0,0.0,,49.0,35.0,17.0,40.0,0.0,13.0,,,,9.0,20.0,4.0,64.0,20.0,,53.0,,,25.0,0.0,4.0,0.0,14.0,80.0,0.0,0.0,0.0,8.0,13.0,17.0,,4.0,0.0,0
Thailand,8751.0,35.0,86.0,97.0,20.0,3000.0,68.0,46.0,6.0,8.0,354.0,133.0,104.0,11.0,170.0,52.0,14.0,34.0,28.0,27.0,23.0,83.0,141.0,124.0,1212.0,14.0,53.0,8.0,15.0,180.0,14.0,95.0,16.0,233.0,153.0,4.0,98.0,31.0,93.0,65.0,18.0,37.0,4.0,55.0,314.0,0.0,13.0,35.0,7.0,217.0,264.0,8.0,826.0,5.0,0
Togo,1565.0,18.0,0.0,18.0,0.0,25.0,9.0,34.0,,28.0,32.0,90.0,,0.0,101.0,12.0,9.0,6.0,3.0,3.0,0.0,320.0,13.0,11.0,134.0,,12.0,0.0,107.0,4.0,,63.0,0.0,202.0,75.0,0.0,30.0,,3.0,52.0,,10.0,0.0,5.0,31.0,0.0,0.0,3.0,,76.0,8.0,0.0,9.0,0.0,0
Tonga,438.0,0.0,7.0,4.0,0.0,213.0,3.0,0.0,0.0,0.0,,0.0,104.0,0.0,0.0,0.0,0.0,0.0,,0.0,0.0,0.0,,,,0.0,,0.0,0.0,3.0,0.0,,0.0,0.0,0.0,0.0,0.0,,4.0,0.0,0.0,4.0,0.0,0.0,7.0,0.0,0.0,54.0,0.0,0.0,26.0,0.0,0.0,0.0,0
Trinidad and Tobago,6829.0,7.0,,23.0,14.0,115.0,10.0,59.0,16.0,25.0,1164.0,257.0,3.0,,36.0,11.0,3.0,5.0,7.0,21.0,0.0,309.0,160.0,33.0,17.0,5.0,9.0,3.0,,12.0,7.0,479.0,0.0,3380.0,50.0,,33.0,4.0,6.0,172.0,11.0,22.0,0.0,20.0,158.0,0.0,23.0,,,103.0,16.0,5.0,8.0,0.0,0
Tunisia,417.0,3.0,,7.0,0.0,53.0,3.0,3.0,,,51.0,7.0,0.0,0.0,17.0,7.0,,0.0,,,0.0,13.0,8.0,14.0,5.0,,7.0,0.0,,3.0,,19.0,,62.0,8.0,0.0,10.0,0.0,,26.0,,,0.0,3.0,18.0,0.0,0.0,0.0,0.0,40.0,7.0,,,0.0,0
Turkey,4425.0,15.0,,37.0,9.0,615.0,45.0,112.0,40.0,18.0,286.0,117.0,,0.0,165.0,25.0,16.0,9.0,25.0,19.0,5.0,121.0,141.0,50.0,22.0,7.0,29.0,,13.0,37.0,10.0,599.0,3.0,811.0,48.0,,89.0,15.0,26.0,173.0,4.0,15.0,0.0,36.0,213.0,0.0,5.0,9.0,6.0,251.0,93.0,3.0,29.0,,0
Turkmenistan,217.0,0.0,0.0,3.0,0.0,45.0,4.0,3.0,,,12.0,7.0,0.0,8.0,7.0,0.0,,0.0,0.0,,0.0,,4.0,3.0,,0.0,0.0,0.0,,,,11.0,0.0,30.0,3.0,0.0,,0.0,,10.0,0.0,,0.0,0.0,7.0,0.0,0.0,8.0,0.0,6.0,11.0,0.0,18.0,,0
Turks and Caicos Islands,31.0,0.0,0.0,0.0,0.0,0.0,0.0,0.0,0.0,0.0,23.0,,0.0,0.0,0.0,0.0,0.0,0.0,0.0,0.0,0.0,0.0,,0.0,0.0,0.0,0.0,0.0,0.0,0.0,0.0,0.0,0.0,5.0,0.0,0.0,0.0,0.0,0.0,0.0,0.0,0.0,0.0,0.0,0.0,0.0,0.0,0.0,0.0,0.0,0.0,0.0,0.0,0.0,0
U.S. Virgin Islands,3.0,0.0,0.0,0.0,0.0,0.0,0.0,0.0,0.0,0.0,0.0,0.0,0.0,0.0,0.0,0.0,0.0,0.0,0.0,0.0,0.0,0.0,0.0,0.0,0.0,0.0,0.0,0.0,0.0,0.0,0.0,0.0,0.0,,0.0,0.0,0.0,0.0,0.0,0.0,0.0,0.0,0.0,0.0,0.0,0.0,,0.0,0.0,0.0,0.0,0.0,0.0,0.0,0
Uganda,1122.0,,,15.0,3.0,171.0,28.0,13.0,,4.0,39.0,33.0,,5.0,53.0,15.0,8.0,8.0,6.0,0.0,,84.0,199.0,25.0,31.0,0.0,15.0,0.0,,5.0,,21.0,,39.0,19.0,4.0,20.0,11.0,9.0,29.0,3.0,7.0,0.0,19.0,74.0,0.0,0.0,3.0,,41.0,26.0,,21.0,0.0,0
Ukraine,11001.0,45.0,15.0,83.0,10.0,1483.0,152.0,218.0,11.0,13.0,500.0,162.0,9.0,33.0,1115.0,108.0,44.0,24.0,57.0,21.0,10.0,121.0,237.0,295.0,164.0,10.0,96.0,14.0,25.0,56.0,32.0,623.0,11.0,1998.0,196.0,4.0,334.0,33.0,380.0,542.0,11.0,48.0,45.0,82.0,179.0,,6.0,59.0,7.0,172.0,1014.0,9.0,81.0,,0
United Arab Emirates,758.0,7.0,0.0,16.0,4.0,97.0,5.0,11.0,,0.0,48.0,51.0,0.0,,54.0,9.0,3.0,,4.0,4.0,,17.0,13.0,40.0,21.0,0.0,4.0,0.0,3.0,11.0,,40.0,3.0,76.0,8.0,0.0,29.0,7.0,,27.0,0.0,,0.0,8.0,74.0,0.0,0.0,,0.0,40.0,9.0,0.0,6.0,0.0,0
United Kingdom,14545.0,64.0,20.0,300.0,45.0,2488.0,250.0,321.0,32.0,65.0,1554.0,531.0,52.0,39.0,515.0,149.0,34.0,55.0,76.0,72.0,57.0,235.0,503.0,318.0,146.0,28.0,138.0,22.0,18.0,143.0,65.0,702.0,75.0,1463.0,347.0,16.0,261.0,60.0,143.0,489.0,42.0,158.0,,159.0,1125.0,,14.0,90.0,41.0,358.0,484.0,31.0,130.0,14.0,0
United States,171.0,0.0,,,,41.0,0.0,0.0,0.0,0.0,22.0,6.0,0.0,0.0,,,,0.0,,0.0,0.0,3.0,9.0,,,,3.0,0.0,0.0,0.0,0.0,13.0,,26.0,,0.0,3.0,,0.0,,0.0,,0.0,,11.0,0.0,,0.0,0.0,5.0,,,,0.0,0
Uruguay,1418.0,3.0,3.0,14.0,0.0,76.0,4.0,23.0,,3.0,480.0,68.0,3.0,,20.0,,5.0,,3.0,4.0,0.0,20.0,75.0,8.0,7.0,,4.0,0.0,0.0,13.0,11.0,240.0,0.0,129.0,12.0,0.0,7.0,,3.0,24.0,,14.0,0.0,11.0,37.0,,15.0,15.0,0.0,34.0,7.0,0.0,12.0,0.0,0
Uzbekistan,4665.0,35.0,,76.0,5.0,392.0,148.0,44.0,,24.0,274.0,182.0,4.0,99.0,158.0,42.0,7.0,7.0,180.0,,3.0,124.0,115.0,76.0,17.0,,103.0,,,5.0,27.0,146.0,9.0,1043.0,55.0,,128.0,9.0,108.0,288.0,0.0,38.0,11.0,56.0,96.0,0.0,0.0,34.0,18.0,149.0,291.0,0.0,27.0,,0
Vanuatu,3.0,0.0,0.0,0.0,0.0,0.0,0.0,0.0,0.0,0.0,0.0,0.0,0.0,0.0,0.0,0.0,0.0,0.0,0.0,0.0,0.0,0.0,0.0,0.0,0.0,0.0,0.0,0.0,0.0,0.0,0.0,0.0,0.0,,0.0,0.0,0.0,0.0,0.0,0.0,0.0,0.0,0.0,0.0,,0.0,0.0,0.0,0.0,0.0,0.0,0.0,0.0,0.0,0
Venezuela,10692.0,36.0,3.0,54.0,13.0,396.0,67.0,81.0,18.0,23.0,6078.0,304.0,9.0,7.0,117.0,54.0,15.0,34.0,17.0,48.0,5.0,105.0,157.0,74.0,37.0,17.0,41.0,,11.0,31.0,11.0,357.0,17.0,523.0,113.0,,106.0,46.0,33.0,118.0,26.0,64.0,0.0,80.0,749.0,0.0,203.0,125.0,,176.0,58.0,10.0,19.0,,0
Vietnam,28691.0,118.0,20.0,449.0,115.0,10198.0,455.0,188.0,18.0,24.0,1153.0,1033.0,181.0,70.0,560.0,158.0,199.0,333.0,120.0,386.0,32.0,448.0,820.0,426.0,557.0,85.0,301.0,5.0,188.0,148.0,65.0,439.0,95.0,643.0,685.0,22.0,292.0,284.0,526.0,789.0,19.0,98.0,15.0,204.0,3108.0,,23.0,162.0,20.0,969.0,1306.0,19.0,117.0,,0
Yemen,2396.0,28.0,0.0,19.0,,258.0,6.0,30.0,,,12.0,23.0,0.0,,90.0,35.0,0.0,,,5.0,0.0,7.0,6.0,704.0,15.0,17.0,4.0,0.0,0.0,8.0,0.0,8.0,5.0,908.0,35.0,0.0,4.0,0.0,,8.0,3.0,5.0,8.0,39.0,31.0,0.0,0.0,3.0,0.0,32.0,25.0,0.0,4.0,0.0,0
Zambia,576.0,3.0,,14.0,,70.0,7.0,4.0,0.0,3.0,31.0,53.0,3.0,,35.0,13.0,,4.0,6.0,0.0,,27.0,16.0,13.0,22.0,,13.0,0.0,3.0,0.0,,12.0,0.0,32.0,7.0,0.0,16.0,7.0,0.0,15.0,0.0,4.0,4.0,5.0,75.0,0.0,0.0,7.0,,22.0,15.0,0.0,4.0,,0
Zimbabwe,1057.0,8.0,,20.0,,104.0,9.0,3.0,4.0,5.0,59.0,65.0,,,27.0,43.0,8.0,4.0,21.0,3.0,,38.0,31.0,38.0,10.0,3.0,15.0,5.0,12.0,4.0,4.0,26.0,4.0,47.0,45.0,,40.0,6.0,3.0,47.0,,4.0,,19.0,191.0,0.0,0.0,5.0,,42.0,14.0,4.0,6.0,0.0,0
Unknown,1394.0,5.0,3.0,25.0,8.0,319.0,11.0,15.0,1.0,3.0,159.0,37.0,4.0,4.0,89.0,13.0,0.0,2.0,8.0,14.0,0.0,50.0,23.0,30.0,12.0,3.0,9.0,1.0,2.0,18.0,3.0,62.0,6.0,149.0,37.0,2.0,27.0,10.0,9.0,41.0,5.0,8.0,0.0,9.0,73.0,0.0,10.0,4.0,1.0,31.0,24.0,0.0,14.0,1.0,0
